id_recensione,nome_vino,cantina,regione,denominazione,vitigno,annata,punteggio,fascia_punteggio,prezzo_usd,fascia_prezzo_usd,recensore,nota_degustazione,punti_per_dollaro
1,Bruno Giacosa 2007 Extra Brut Metodo Classico Pinot Nero (Vino Spumante),Bruno Giacosa,Altre zone d'Italia,Vino Spumante,Pinot Nero,2007,89,87-89 Molto buono,50.0,4. Da 40 a 74,Kerin O'Keefe,"Made entirely with Pinot Nero, this straw colored Metodo Classico opens with subdued aromas of nut and a whiff of bread crust. The palate is more expressive, offering white peach, citrus zest and pastry notes alongside a creamy mousse. An almond note closes th",1.78
2,Centovigne 2015 Miranda Erbaluce,Centovigne,Altre zone d'Italia,Non indicata,Erbaluce,2015,88,87-89 Molto buono,16.0,2. Da 15 a 24,Kerin O'Keefe,"Made with 100% native grape Erbaluce, this offers delicate aromas and flavors of ripe pear, green apple and citrus. A salty mineral note closes the crisp, clean finish.",5.5
3,Elena Walch 2012 Kermesse Cuvée Red,Elena Walch,Altre zone d'Italia,Non indicata,Red Blend,2012,91,90-94 Ottimo,68.0,4. Da 40 a 74,Kerin O'Keefe,"Made with equal parts Lagrein, Cabernet Sauvignon, Merlot, Petit Verdot and Syrah, this offers aromas of black currant, ground pepper and a whiff of graphite. The firm palate delivers ripe black plum, roasted coffee bean and allspice alongside chewy tannins. D",1.34
4,Frank Cornelissen 2012 Magma Rosso 10 Nerello Mascalese (Vino da Tavola),Frank Cornelissen,Altre zone d'Italia,Vino da Tavola,Nerello Mascalese,2012,93,90-94 Ottimo,225.0,5. 75 e oltre,Kerin O'Keefe,"Made from 100-year-old Nerello Mascalese vines, this bold wine is loaded with flavor and complexity. It's endowed with layers of smoky mineral sensations, underbrush, mature black and red berry fruit, leather, blue flower and Mediterranean spices alongside fre",0.41
5,Frank Cornelissen 2012 MunJebel Rosso 9 CS Nerello Mascalese (Vino da Tavola),Frank Cornelissen,Altre zone d'Italia,Vino da Tavola,Nerello Mascalese,2012,93,90-94 Ottimo,64.0,4. Da 40 a 74,Kerin O'Keefe,"Made from ungrafted Nerello Mascalese vines planted in 1930, this compelling wine offers intense blackberry, black cherry, tilled soil, blue flower and Mediterranean spice sensations. It's big and powerful, with gripping tannins and layers of depth. Give this ",1.45
6,Giribaldi 2012 Matteo Giribaldi Metodo Classico Sparkling (Vino Spumante),Giribaldi,Altre zone d'Italia,Vino Spumante,Sparkling Blend,2012,89,87-89 Molto buono,30.0,3. Da 25 a 39,Kerin O'Keefe,"Delicate scents of white flowers and white orchard fruit lead the nose while the refreshing palate offers yellow apple, lime and lemon pastry. It's crisp and clean, with lively acidity and small vivacious bubbles.",2.97
7,Morgante 2013 Bianco di Morgante Nero d'Avola (Vino da Tavola),Morgante,Altre zone d'Italia,Vino da Tavola,Nero d'Avola,2013,87,87-89 Molto buono,18.0,2. Da 15 a 24,Kerin O'Keefe,"Made from red grape Nero d'Avola vinified without skin contact, this full-bodied wine has sensations of red apples, pink grapefruit, mineral and white pepper. Crisp acidity gives freshness but the warmth of evident alcohol on the midpalate throws off the balan",4.83
8,Murgo 2012 Brut Rosé Metodo Classico Nerello Mascalese (Vino Spumante),Murgo,Altre zone d'Italia,Vino Spumante,Nerello Mascalese,2012,92,90-94 Ottimo,26.0,3. Da 25 a 39,Kerin O'Keefe,"Fresh and refined, this has aromas of small red berry, yellow wild flower, tangerine and baking spice. The creamy, quenching palate doles out strawberry, red cherry and orange zest framed in crisp acidity and a lively, elegant perlage.",3.54
9,Murgo 2012 Brut Metodo Classico Nerello Mascalese (Vino Spumante),Murgo,Altre zone d'Italia,Vino Spumante,Nerello Mascalese,2012,92,90-94 Ottimo,22.0,2. Da 15 a 24,Kerin O'Keefe,"Spanish broom, orchard fruit and pistachio nut are some of the aromas you'll find on this vibrant sparkler. The lively palate offers pear, apple and citrus alongside a silky perlage.",4.18
10,Peri Bigogno 2013 Talento Brut Chardonnay (Vino Spumante),Peri Bigogno,Altre zone d'Italia,Vino Spumante,Chardonnay,2013,88,87-89 Molto buono,31.0,3. Da 25 a 39,Kerin O'Keefe,"Made entirely with Chardonnay, this is lightly scented with whiffs of citrus and a yeasty hint of bread dough. The bright, soft palate offers yellow apple, lemon zest and bitter almond alongside firm acidity.",2.84
11,Rivetti Massimo 2010 Duemiladieci Bianco Metodo Classico Sparkling (Vino Spumante),Rivetti Massimo,Altre zone d'Italia,Vino Spumante,Sparkling Blend,2010,89,87-89 Molto buono,33.0,3. Da 25 a 39,Kerin O'Keefe,"A blend of 50% Nebbiolo, 30% Pinot Nero and 20% Chardonnay, this offers aromas of chamomile, lemon blossom, orchard fruit and lemon zest. The firm palate offers nectarine zest, ripe apple, toasted hazelnut and a note of bread crust alongside a vibrant perlage.",2.7
12,Tenuta Roletto 2009 Brut Rosé Metodo Classico Sparkling (Vino Spumante),Tenuta Roletto,Altre zone d'Italia,Vino Spumante,Sparkling Blend,2009,87,87-89 Molto buono,35.0,3. Da 25 a 39,Kerin O'Keefe,"An unusual blend of 60% Barbera, 15% Nebbiolo, 20% Neretto and 5% Freisa, this offers sensations of ripe red berry, baked apple, bread crust, toasted hazelnut and a confectionary note. Brisk acidity and persistent bubbles give it a fun, informal vibe.",2.49
13,Argillae 2015 Grechetto (Umbria),Argillae,Italia centrale,Umbria,Grechetto,2015,87,87-89 Molto buono,15.0,2. Da 15 a 24,Kerin O'Keefe,"This opens with subdued aromas of citrus blossom and yellow stone fruit while the weighty palate doles out unripe apricot, yellow peach and bitter almond. Showing the heat of the vintage, this shows less overt freshness than it does in cooler vintages. You'll ",5.8
14,Arnaldo Caprai 2008 Passito  (Montefalco Sagrantino),Arnaldo Caprai,Italia centrale,Montefalco Sagrantino,Sagrantino,2008,92,90-94 Ottimo,54.0,4. Da 40 a 74,Kerin O'Keefe,"This rich, full-bodied dessert wine offers aromas of spicy plum, blackberry, prune and graphite. The dense palate doles out layers of blueberry syrup, clove and nutmeg alongside fresh acidity that makes this very drinkable.",1.7
15,Arnaldo Caprai 2011 Grecante Grechetto (Colli Martani),Arnaldo Caprai,Italia centrale,Colli Martani,Grechetto,2011,88,87-89 Molto buono,20.0,2. Da 15 a 24,Non indicato,"What a wonderful wine to pair with spaghetti alle vongole or calamari fritti. Made from Grechetto grapes and aged only in stainless steel, this is fresh, youthful, tangy and crisp, with aromas of citrus, kiwi, honeydew and peach.",4.4
16,Barone Cornacchia 2014  Montepulciano d'Abruzzo,Barone Cornacchia,Italia centrale,Montepulciano d'Abruzzo,Montepulciano,2014,85,80-86 Buono,11.0,1. Sotto 15,Kerin O'Keefe,"Dark-skinned berry, moist earth and blue flower aromas lead the nose on this. The lean straightforward palate offers raw cherry and a hint of clove alongside bracing acidity and fleeting tannins.",7.73
17,Bocale 2011  Montefalco Rosso,Bocale,Italia centrale,Montefalco Rosso,Red Blend,2011,85,80-86 Buono,20.0,2. Da 15 a 24,Kerin O'Keefe,"Aromas of espresso, oak, vanilla, prune and mocha follow through to the warm palate along with dried black cherry, fig, roasted coffee bean, powdered sage and evident alcohol. It's already evolved, with fleeting but drying tannins.",4.25
18,Bocale 2013  Montefalco Rosso,Bocale,Italia centrale,Montefalco Rosso,Red Blend,2013,87,87-89 Molto buono,25.0,3. Da 25 a 39,Kerin O'Keefe,"Made with 70% Sangiovese, 15% Sagrantino, 10% Merlot and 5% Colorino, this has subdued aromas suggesting black-skinned fruit and a hint of cinnamon. The straightforward palate offers ripe black plum, clove and a touch of vanilla alongside smooth tannins. Enjoy",3.48
19,Bocale 2015 Trebbiano Spoletino (Umbria),Bocale,Italia centrale,Umbria,Trebbiano Spoletino,2015,88,87-89 Molto buono,20.0,2. Da 15 a 24,Kerin O'Keefe,"Made entirely with the native grape Trebbiano Spoletino, this opens with aromas of acacia flower, chamomile and a whiff of tropical fruit. The round medium-bodied palate offers ripe honeydew melon and nectarine zest alongside fresh acidity.",4.4
20,Brunori 2012 San Nicolò  (Verdicchio dei Castelli di Jesi Classico Superiore),Brunori,Italia centrale,Verdicchio dei Castelli di Jesi Classico Superiore,Verdicchio,2012,88,87-89 Molto buono,17.0,2. Da 15 a 24,Kerin O'Keefe,"This pretty wine offers a fragrance of hawthorne, Spanish broom and a touch of tropical fruit. The palate delivers apricot, peach and citrus flavors that are energized by steely mineral notes and bright acidity. It has a crisp, quenching finish.",5.18
21,Bucci 2007 Villa Bucci Riserva  (Verdicchio dei Castelli di Jesi Classico),Bucci,Italia centrale,Verdicchio dei Castelli di Jesi Classico,Verdicchio,2007,88,87-89 Molto buono,57.0,4. Da 40 a 74,Non indicato,"This is a rich and smooth white wine with aromas of mature peach, candied fruit, lime, crushed mineral and Asian spice. The wine shows impressive density and consistency that pairs with shellfish or spicy Thai curry.",1.54
22,Caldora Vini 2011  Montepulciano d'Abruzzo,Caldora Vini,Italia centrale,Montepulciano d'Abruzzo,Montepulciano,2011,87,87-89 Molto buono,11.0,1. Sotto 15,Non indicato,"Perfectly suited for home-cooked comfort meals like lasagna or meatloaf, this is rich, dense and soft, with endnotes of blackberry, cherry and tobacco.",7.91
23,Caldora Vini 2011 Pinot Grigio (Colline Pescaresi),Caldora Vini,Italia centrale,Colline Pescaresi,Pinot Grigio,2011,85,80-86 Buono,11.0,1. Sotto 15,Non indicato,"From the Adriatic side of the Italian peninsula comes this fresh Pinot Grigio that would wash down seafood, vegetables or light appetizers. The wine is crisp, clean and redolent of citrus and green apple.",7.73
24,Cantina Novelli 2007  Sagrantino di Montefalco,Cantina Novelli,Italia centrale,Sagrantino di Montefalco,Sagrantino,2007,88,87-89 Molto buono,40.0,4. Da 40 a 74,Kerin O'Keefe,"Here's a Sagrantino offering intense balsamic fragrances of menthol and mint that recall Clark's teaberry gum. The palate delivers ripe blackberry, white pepper and cinnamon, along with oak and espresso notes.",2.2
25,Cantina Novelli 2008  Montefalco Sagrantino,Cantina Novelli,Italia centrale,Montefalco Sagrantino,Sagrantino,2008,89,87-89 Molto buono,40.0,4. Da 40 a 74,Kerin O'Keefe,"Aromas suggest underbrush, oak, coconut, prune and dill. The concentrated palate offers steeped plum, dried blackberry, tobacco, cracked blackberry and licorice alongside firm, velvety tannins. It closes on a note of bitter prune.",2.22
26,Cantina Novelli 2009  Montefalco Rosso,Cantina Novelli,Italia centrale,Montefalco Rosso,Red Blend,2009,86,80-86 Buono,20.0,2. Da 15 a 24,Kerin O'Keefe,"A blend of Sangiovese, Sagrantino, Merlot and Cabernet, this offers aromas of cherry-berry and dessert spices that carry over to the palate, along with a licorice note. It's ripe and round but also a bit tired, with a drying, tannic finish.",4.3
27,Cantina Tollo 2009 Riserva Cagiòlo  (Montepulciano d'Abruzzo),Cantina Tollo,Italia centrale,Montepulciano d'Abruzzo,Montepulciano,2009,84,80-86 Buono,37.0,3. Da 25 a 39,Kerin O'Keefe,"This wine opens with aromas of overripe black fruit, coffee, oak and hints of balsamic herbs. The palate, however, is rather tired; most of the fruit has dried up, leaving oak, espresso and alcohol sensations that finish abruptly.",2.27
28,Cantina della Volta 2010 Metodo Classico Brut  (Lambrusco di Modena),Cantina della Volta,Italia centrale,Lambrusco di Modena,Lambrusco di Sorbara,2010,87,87-89 Molto buono,25.0,3. Da 25 a 39,Kerin O'Keefe,"Made with the Lambrusco di Sorbara grape, this conveys aromas of crushed violet, dried red berry and toasted hazelnut. The lively palate offers raspberry, nut and pink grapefruit alongside persistent bubbles and brisk acidity. Panebianco, Golden State Wine.",3.48
29,Cantina di Puianello 2012 Contrada Borgoleto  (Lambrusco Reggiano),Cantina di Puianello,Italia centrale,Lambrusco Reggiano,Lambrusco,2012,85,80-86 Buono,17.0,2. Da 15 a 24,Non indicato,"Thick purple foam tops this bubbly Lambrusco as it sits in the glass. In the mouth, the wine is semisecco, or slightly sweet, and it delivers plump aromas of black fruit and raspberry jam.",5.0
30,Cantine Novelli 2005 Rosso  (Montefalco),Cantine Novelli,Italia centrale,Montefalco,Red Blend,2005,84,80-86 Buono,28.0,3. Da 25 a 39,Non indicato,"Montefalco Rosso is the less austere cousin of Sagrantino di Montefalco and although this blend of Sangiovese, Sagrantino and Cabernet Sauvignon offers all kinds of spice, cherry notes and firm tannins, it is too masked by heavy oak tones. The wine exhibits ar",3.0
31,Cavicchioli 2016  Lambrusco Grasparossa di Castelvetro,Cavicchioli,Italia centrale,Lambrusco Grasparossa di Castelvetro,Lambrusco Grasparossa,2016,88,87-89 Molto buono,18.0,2. Da 15 a 24,Kerin O'Keefe,"Deeply colored and lightly effervescent, this offers black-skinned fruit and dark spice aromas. The refreshing palate doles out blackberry and cassis flavors, with a note of bitter almond.",4.89
32,Celli 2015 I Croppi Albana (Romagna),Celli,Italia centrale,Romagna,Albana,2015,89,87-89 Molto buono,15.0,2. Da 15 a 24,Kerin O'Keefe,"Combining ripe fruit and freshness, this sunny white delivers aromas of yellow flower and yellow stone fruit. Mirroring the aromas, the enveloping palate offers juicy apricot, candied ginger and citrus zest. Bright acidity lifts the rich flavors while a hint o",5.93
33,Cherri d'Acquaviva 2012 Pecorino (Falerio),Cherri d'Acquaviva,Italia centrale,Falerio,Pecorino,2012,87,87-89 Molto buono,15.0,2. Da 15 a 24,Kerin O'Keefe,"Notes of jasmine and acacia mingle with fleshy white peach, apple, citrus and ginger. The lithe palate comes with firm but balanced acidity, while a flinty minerality characterizes the finish.",5.8
34,Chiorri 2008 Rosato Rosé (Colli Perugini),Chiorri,Italia centrale,Colli Perugini,Rosé,2008,83,80-86 Buono,16.0,2. Da 15 a 24,Non indicato,"A neon pink color segues to an equally loud palate of cotton candy, cherry soda and bubblegum. The intensity is there and you might pair this wine with hearty fish soup to lose that synthetic edge.",5.19
35,ColleStefano 2015  Verdicchio di Matelica,ColleStefano,Italia centrale,Verdicchio di Matelica,Verdicchio,2015,91,90-94 Ottimo,15.0,2. Da 15 a 24,Kerin O'Keefe,"Made with organically farmed grapes, this delicious white opens with aromas of citrus blossom and white stone fruit. The tangy, medium-bodied palate offers a lovely depth of flavors that include juicy tangerine, lime, white peach, bitter almond and mineral. Cr",6.07
36,Conte Leopardi 2010 Fructus  (Rosso Conero),Conte Leopardi,Italia centrale,Rosso Conero,Montepulciano,2010,86,80-86 Buono,18.0,2. Da 15 a 24,Kerin O'Keefe,"Made entirely with Montepulciano, this opens with earthy aromas of tilled soil along with notes of black fruit and espresso. The linear palate delivers bright red cherry, notes of mocha and somewhat astringent tannins. Straightforward and simple, this should b",4.78
37,Conte Leopardi 2012 Castelverde  (Verdicchio dei Castelli di Jesi),Conte Leopardi,Italia centrale,Verdicchio dei Castelli di Jesi,Verdicchio,2012,87,87-89 Molto buono,19.0,2. Da 15 a 24,Kerin O'Keefe,"This opens with lemon, lime and tropical fruit aromas that carry over to the palate alongside flavors of yellow apples, citrus and peach. It's linear, with freshening acidity and a drying finish. Pair it with lightly seasoned seafood.",4.58
38,Costa Archi 2008 Monte Brullo  (Sangiovese di Romagna Superiore),Costa Archi,Italia centrale,Sangiovese di Romagna Superiore,Sangiovese,2008,83,80-86 Buono,32.0,3. Da 25 a 39,Non indicato,This Sangiovese hits the palate in a very direct and determined manner because of the biting acidity and high acidity that will make your mouth pucker. At the back are tones of bitter cherry and unripe plum.,2.59
39,Di Filippo 2012  Montefalco Rosso,Di Filippo,Italia centrale,Montefalco Rosso,Red Blend,2012,90,90-94 Ottimo,18.0,2. Da 15 a 24,Kerin O'Keefe,"Made with organically farmed grapes, this blend of 60% Sangiovese, 30% Barbera and 10% Sagrantino opens with aromas of tilled earth, blue flower, ripe berry and spice. The dense palate doles out fleshy black cherry, crushed plum, black pepper and tobacco along",5.0
40,Dionigi 2010  Montefalco Rosso,Dionigi,Italia centrale,Montefalco Rosso,Red Blend,2010,87,87-89 Molto buono,20.0,2. Da 15 a 24,Kerin O'Keefe,"This blend of Sangiovese, Merlot and Sagrantino offers rustic, almost funky but not unpleasant aromas of tilled soil, toast, meat juice and truffle. The palate opens with delicious black cherry, raspberry and clove flavors, along with notes of well-integrated ",4.35
41,Domodimonti 2008 Il Messia Red (Marche),Domodimonti,Italia centrale,Marche,Red Blend,2008,88,87-89 Molto buono,25.0,3. Da 25 a 39,Non indicato,"A plump blend of 50% Merlot and 50% Monte­pulciano, this opens with a sweet cherry flavor, followed by notes of tobacco, leather and cola. Pair this with pork sausages.",3.52
42,Drei Donà Tenuta La Palazza 2005 Il Tornese Chardonnay (Emilia-Romagna),Drei Donà Tenuta La Palazza,Italia centrale,Emilia-Romagna,Chardonnay,2005,89,87-89 Molto buono,27.0,3. Da 25 a 39,Non indicato,"This sophisticated Chardonnay offers pretty fullness, opulence and gorgeous luminosity in the glass. Its fruit-forward aromas include ripe peach, almond, butter and pineapple but the wine also has an interesting edge that recalls mint or peppermint. The mouthf",3.3
43,Falesco 2012 Vitiano Red (Umbria),Falesco,Italia centrale,Umbria,Red Blend,2012,87,87-89 Molto buono,12.0,1. Sotto 15,Kerin O'Keefe,"This blend of equal parts Merlot, Sangiovese and Cabernet Sauvignon opens with a black fruit aromas and a whiff of toasted oak. The palate delivers ripe plum and black cherry flavors, with a coffee bean accent, presented in a forward and ready-to-drink style.",7.25
44,Fattoria Laila 2010 Lailum  (Rosso Piceno),Fattoria Laila,Italia centrale,Rosso Piceno,Red Blend,2010,84,80-86 Buono,22.0,2. Da 15 a 24,Kerin O'Keefe,"New oak takes the limelight in this blend of 90% Montepulciano and 10% Sangiovese. The palate is dominated by wood, espresso, toast and vanilla alongside rubber, leafy sensations. It lacks fruit richness and has a drying, astringent finish.",3.82
45,Fattoria Zerbina 2015 Bianco di Ceparano Albana (Romagna),Fattoria Zerbina,Italia centrale,Romagna,Albana,2015,88,87-89 Molto buono,20.0,2. Da 15 a 24,Kerin O'Keefe,"Delicate scents of ripe orchard fruit, acacia and a whiff of honey guide the nose while the round palate offers apricot, yellow pear and a hint of pineapple. A light almond note closes the finish.",4.4
46,Fazi Battaglia 2001 San Sisto Riserva  (Verdicchio dei Castelli di Jesi Classico),Fazi Battaglia,Italia centrale,Verdicchio dei Castelli di Jesi Classico,Verdicchio,2001,90,90-94 Ottimo,30.0,3. Da 25 a 39,Non indicato,"From a historic producer who has done much work to promote Verdicchio and the Marche region around the world, San Sisto is among the most sophisticated expressions of the variety. Matured in barrel, the deeply golden colored and saturated wine is redolent of v",3.0
47,Feudo Antico 2008 Tullum Red (Abruzzo),Feudo Antico,Italia centrale,Abruzzo,Red Blend,2008,91,90-94 Ottimo,22.0,2. Da 15 a 24,Non indicato,"This hearty red wine from central Italy would pair well with grilled meat or veal wrapped in sage leaves and sliced prosciutto ham. Loads of red berries are followed by notes of exotic spice, leather, tobacco and firm tannins. Drink in 3-5 more years.",4.14
48,Fratelli Bucci 2007  Verdicchio dei Castelli di Jesi Classico Superiore,Fratelli Bucci,Italia centrale,Verdicchio dei Castelli di Jesi Classico Superiore,Verdicchio,2007,86,80-86 Buono,26.0,3. Da 25 a 39,Non indicato,"Fresh, zippy and vibrant in the mouth, Bucci's cheerful Verdicchio proves to be an informal, no-fuss white with a good balance between fruit and acidity. The aromas recall citrus, fresh flowers and white stone.",3.31
49,Garofoli 2007 Macrina  (Verdicchio dei Castelli di Jesi Classico Superiore),Garofoli,Italia centrale,Verdicchio dei Castelli di Jesi Classico Superiore,Verdicchio,2007,86,80-86 Buono,15.0,2. Da 15 a 24,Non indicato,"Light in approach and consistency, this is a fresh, easygoing white wine from central Italy that can be consumed at informal occasions such as with appetizers or at an outdoor barbecue. The aromas recall lime, green melon and sweet basil.",5.73
50,Garofoli 2010 Serra Fiorese Riserva  (Verdicchio dei Castelli di Jesi Classico),Garofoli,Italia centrale,Verdicchio dei Castelli di Jesi Classico,Verdicchio,2010,88,87-89 Molto buono,30.0,3. Da 25 a 39,Kerin O'Keefe,"Aged in barriques, this deeply hued yellow-gold wine opens with aromas of toasted oak, dried citrus and aromatic herb. The lean, somewhat evolved palate offers pink grapefruit, mineral, almond and oak-driven spice. Drink soon.",2.93
51,Garofoli 2014 Macrina  (Verdicchio dei Castelli di Jesi Classico Superiore),Garofoli,Italia centrale,Verdicchio dei Castelli di Jesi Classico Superiore,Verdicchio,2014,87,87-89 Molto buono,15.0,2. Da 15 a 24,Kerin O'Keefe,"This zesty, straightforward white offers aromas of Spanish broom and acacia flower while the bright palate offers golden delicious apple and citrus. A pleasant note of bitter almond backs up the finish.",5.8
52,Il Pollenza 2007 Red (Marche),Il Pollenza,Italia centrale,Marche,Red Blend,2007,90,90-94 Ottimo,57.0,4. Da 40 a 74,Non indicato,"This blend of Merlot, Petit Verdot, Cabernet Sauvignon and Cabernet Franc opens with jammy, almost impenetrable aromas of blackberry, maraschino cherry, pipe tobacco and dark chocolate. ""Huge"" is the operative word.",1.58
53,Illuminati Dino 2007 Lumen Riserva Red (Controguerra),Illuminati Dino,Italia centrale,Controguerra,Red Blend,2007,92,90-94 Ottimo,70.0,4. Da 40 a 74,Non indicato,"This high-end blend of Montepulciano (70%) and Cabernet Sauvignon shows the best of winemaking in Abruzzo. This is a poised and confident wine, with defined aromas of ripe blackberry, leather and polished mineral. The tannins are plush and velvety; and the win",1.31
54,Illuminati Dino 2007 Daniele White (Controguerra),Illuminati Dino,Italia centrale,Controguerra,White Blend,2007,88,87-89 Molto buono,36.0,3. Da 25 a 39,Non indicato,"A luminous blend of Trebbiano d'Abruzzo (60%), Passerina and Chardonnay, this deeply golden wine has a slightly oxidized touch of butterscotch and crème brûlée behind apricot, mature melon and candied fruit. If you like this style, you could pair this wine wit",2.44
55,Illuminati Dino 2011 Costalupo White (Controguerra),Illuminati Dino,Italia centrale,Controguerra,White Blend,2011,87,87-89 Molto buono,12.0,1. Sotto 15,Non indicato,"A blend of Trebbiano, Passerina and Chardonnay, this offers aromas of cut grass, citrus, lemon zest, creamy vanilla and peach. The fresh acidity makes this a perfect match for crab legs and butter sauce.",7.25
56,Illuminati Dino 2015 Spiano  (Montepulciano d'Abruzzo),Illuminati Dino,Italia centrale,Montepulciano d'Abruzzo,Montepulciano,2015,86,80-86 Buono,17.0,2. Da 15 a 24,Kerin O'Keefe,"Violet, dark-skinned berry and chopped herb aromas lift out of the glass. The lean firm palate offers dried sour cherry and a hint of spice but not much fruit richness while bracing, drying tannins leave an astringent finish.",5.06
57,Illuminati Dino 2015 Riparosso  (Montepulciano d'Abruzzo),Illuminati Dino,Italia centrale,Montepulciano d'Abruzzo,Montepulciano,2015,86,80-86 Buono,16.0,2. Da 15 a 24,Kerin O'Keefe,"Aromas of spiced plum, purple flower, leather and truffle lead the nose on this informal wine. The solid palate offers dried cherry and a hint of licorice alongside grippy tannins that clench the finish.",5.38
58,Inalto 2009  Montepulciano d'Abruzzo,Inalto,Italia centrale,Montepulciano d'Abruzzo,Montepulciano,2009,86,80-86 Buono,15.0,2. Da 15 a 24,Non indicato,"Inalto's Montepulciano d'Abruzzo shows soft, almost sweet tones of ripe fruit, plum cake and honey-covered almond. It's simple and tight in the mouth with a fresh, clean close.",5.73
59,La Carraia 2009 Poggio Calvelli  (Orvieto Classico Superiore),La Carraia,Italia centrale,Orvieto Classico Superiore,White Blend,2009,87,87-89 Molto buono,16.0,2. Da 15 a 24,Non indicato,"Poggio Calvelli opens with thick aromas of ripe fruit and apricot. However, the mouthfeel is thinner and less intense with an easy, but crisp fruity feel.",5.44
60,La Carraia 2010 Tizzonero Red (Umbria),La Carraia,Italia centrale,Umbria,Red Blend,2010,88,87-89 Molto buono,14.0,1. Sotto 15,Kerin O'Keefe,"A delicious blend of Montepulciano and Sangiovese, this opens with earthy aromas of freshly turned soil, black fruit and underbrush. The palate delivers flavors of juicy plum and black cherry, all laced with tobacco, clove and nutmeg and presented in a broodin",6.29
61,La Staffa 2014  Verdicchio dei Castelli di Jesi Classico Superiore,La Staffa,Italia centrale,Verdicchio dei Castelli di Jesi Classico Superiore,Verdicchio,2014,85,80-86 Buono,12.0,1. Sotto 15,Kerin O'Keefe,"This has light floral aromas of dried chamomile and acacia flower. The palate is lean and not very expressive, offering bitter almond and yellow apple skin alongside brisk acidity.",7.08
62,Lamborghini 2004 Torami Red (Umbria),Lamborghini,Italia centrale,Umbria,Red Blend,2004,90,90-94 Ottimo,35.0,3. Da 25 a 39,Non indicato,"The Lamborghini family makes some of the best wines you'll find from Umbria and this juicy, rich and beautifully extracted blend of Cabernet, Sangiovese and Montepulciano is a prime example. The wine is succulent and attractive on all levels and its aromas of ",2.57
63,Le Corti dei Farfensi 2012 Curtes Pecorino (Falerio),Le Corti dei Farfensi,Italia centrale,Falerio,Pecorino,2012,85,80-86 Buono,13.0,1. Sotto 15,Kerin O'Keefe,"Made from the native Pecorino grape, this has pretty floral aromas that mingle with bright sensations of tropical fruit and citrus. It's simple but well constructed and enjoyable.",6.54
64,Marcella Giuliani 2010 Alagna Superiore  (Cesanese del Piglio),Marcella Giuliani,Italia centrale,Cesanese del Piglio,Cesanese d'Affile,2010,87,87-89 Molto buono,18.0,2. Da 15 a 24,Non indicato,"Made with organically farmed fruit, this opens with dark aromas of licorice, plum, coffee and blackberry. It shows tight tannins and some astringency on the finish.",4.83
65,Marchesi Antinori 2006 Muffato della Sala White (Umbria),Marchesi Antinori,Italia centrale,Umbria,White Blend,2006,91,90-94 Ottimo,375.0,5. 75 e oltre,Non indicato,"You can smell those distinctive notes from the muffa nobile, or botrytis, that has shaped a deep and layered wine with notes of peach fuzz, candied fruit, apricot and white almond. The wine is sweet, but not exaggeratedly so, and has a bright, elegant mouthfee",0.24
66,Marchesi Antinori 2008 Muffato della Sala White (Umbria),Marchesi Antinori,Italia centrale,Umbria,White Blend,2008,90,90-94 Ottimo,60.0,4. Da 40 a 74,Kerin O'Keefe,"Made from grapes that have been exposed to muffa nobile or botrytis, this lovely dessert wine boasts sensations of candied fruit, dried apricot, almond and ripe yellow peach. The rich flavors are balanced with freshness, making it an ideal meditation wine to s",1.5
67,Marchesi Antinori 2012 Bramìto del Cervo Chardonnay (Umbria),Marchesi Antinori,Italia centrale,Umbria,Chardonnay,2012,88,87-89 Molto buono,20.0,2. Da 15 a 24,Kerin O'Keefe,"This 100% Chardonnay, from Antinori's Castello della Sala estate, opens with aromas of Golden Delicious apples, vanilla and a whiff of oak. The palate delivers creamy apple and juicy lemon flavors, with notes of well-integrated oak. Despite the richness, it's ",4.4
68,Marchetti 2014 Tenuta del Cavaliere  (Verdicchio dei Castelli di Jesi Classico Superiore),Marchetti,Italia centrale,Verdicchio dei Castelli di Jesi Classico Superiore,Verdicchio,2014,87,87-89 Molto buono,18.0,2. Da 15 a 24,Kerin O'Keefe,"This opens with subdued aromas that recall yellow flower, toasted nut and a whiff of citrus. The rather lean but quenching palate offers lemon zest, white almond and a hint of mineral alongside zesty acidity.",4.83
69,Milziade Antano 2010 Colleallodole  (Montefalco Sagrantino),Milziade Antano,Italia centrale,Montefalco Sagrantino,Sagrantino,2010,96,95-100 Eccezionale,80.0,5. 75 e oltre,Kerin O'Keefe,"Rich and concentrated, this gorgeous, terroir-driven wine opens with aromas of crushed blue flower, graphite, plum and pipe tobacco. The powerful but weightless palate weaves together ripe black cherry, blackberry, clove, black pepper and mineral while velvety",1.2
70,Milziade Antano 2012  Montefalco Rosso,Milziade Antano,Italia centrale,Montefalco Rosso,Red Blend,2012,93,90-94 Ottimo,20.0,2. Da 15 a 24,Kerin O'Keefe,"A blend of 70% Sangiovese, 15% Sagrantino and 15% Merlot, this bold wine conveys earthy aromas of blackberry, leather, tilled soil and a balsamic note. The ripe, creamy palate delivers juicy black plum, cassis, savory herb and baking spice balanced by smooth, ",4.65
71,Monte Schiavo 2010 Sassaiolo  (Rosso Piceno),Monte Schiavo,Italia centrale,Rosso Piceno,Red Blend,2010,86,80-86 Buono,15.0,2. Da 15 a 24,Kerin O'Keefe,"This 50-50 blend of Montepulciano and Sangiovese opens with earthy aromas of tilled soil and blue flower, accented by ripe red berries. The palate is one dimensional with juicy black cherry, raspberry and a hint of cinnamon-spice. Simple, but well made and ver",5.73
72,Monte Schiavo 2010 Riserva Le Giuncare  (Verdicchio dei Castelli di Jesi Classico),Monte Schiavo,Italia centrale,Verdicchio dei Castelli di Jesi Classico,Verdicchio,2010,87,87-89 Molto buono,30.0,3. Da 25 a 39,Kerin O'Keefe,"This wine opens with sensations of yellow spring flowers and a whiff of citrus. The linear palate offers lemon zest and tart apple flavors, framed by racy acidity. Siena Imports, L'Amore di Vino.",2.9
73,Moretti Omero 2005  Montefalco Sagrantino,Moretti Omero,Italia centrale,Montefalco Sagrantino,Sagrantino,2005,91,90-94 Ottimo,45.0,4. Da 40 a 74,Non indicato,"What a rare and beautiful expression of Sagrantino. This delivers unusual tones of cola, eucalyptus, dried ginger, wild berry and exotic spice. The characteristic firm tannins and structure of Sagrantino appear fine and textured.",2.02
74,Morini 2015 Morale Sangiovese (Romagna),Morini,Italia centrale,Romagna,Sangiovese,2015,87,87-89 Molto buono,13.0,1. Sotto 15,Kerin O'Keefe,"This easygoing red opens with aromas of black-skinned berry, baking spice and a whiff of violet. The bright shows black plum, cinnamon and a touch of white pepper alongside smooth tannins. Enjoy soon.",6.69
75,Muròla 2012  Verdicchio di Matelica,Muròla,Italia centrale,Verdicchio di Matelica,Verdicchio,2012,91,90-94 Ottimo,18.0,2. Da 15 a 24,Kerin O'Keefe,"This greets the taster with a heady aromas of yellow spring flowers, as well as whiffs of tropical fruit. The palate delivers intense peach, apricot and citrus flavors accented by notes of mineral and brine.",5.06
76,Muròla 2012 Pecorino (Terre di Chieti),Muròla,Italia centrale,Terre di Chieti,Pecorino,2012,87,87-89 Molto buono,14.0,1. Sotto 15,Kerin O'Keefe,"This lovely wine offers a bouquet of jasmine and acacia flowers that are typical of the Pecorino grape. The fresh palate offers juicy apricot, pear and nutty flavors accompanied by crisp, clean acidity.",6.21
77,Oriel 2005 Palio  (Montepulciano d'Abruzzo),Oriel,Italia centrale,Montepulciano d'Abruzzo,Montepulciano,2005,85,80-86 Buono,17.0,2. Da 15 a 24,Non indicato,"Spice notes take center stage and are enhanced by deep tones of blackberries, cherries, black chocolate and espresso. This Montepulciano, made by celebrated enologist Stefano Chioccioli, is a bit raw and thorny in the mouth and has sour tannins.",5.0
78,Perticaia 2009 Riserva  (Montefalco Rosso),Perticaia,Italia centrale,Montefalco Rosso,Red Blend,2009,89,87-89 Molto buono,35.0,3. Da 25 a 39,Non indicato,"Here's a pretty blend of Sangiovese (70%), Sagrantino and Colorino that is noticeable because of the smooth and seamless manner in which these three grapes interact. Bold cherry fruit, blackberry and spice make up the bouquet that is followed by a slightly gri",2.54
79,Perticaia 2011  Montefalco Rosso,Perticaia,Italia centrale,Montefalco Rosso,Red Blend,2011,92,90-94 Ottimo,25.0,3. Da 25 a 39,Kerin O'Keefe,"Vibrant and savory, this blend of 70% Sangiovese, 15% Sagrantino and 15% Colorino boasts juicy black cherry, blackberry and raspberry flavors, while notes of white pepper and cinnamon add depth. It's balanced and delicious with fine-grained tannins. Enjoy thro",3.68
80,Perticaia 2012 White (Umbria),Perticaia,Italia centrale,Umbria,White Blend,2012,87,87-89 Molto buono,15.0,2. Da 15 a 24,Kerin O'Keefe,"This blend of Grechetto and Trebbiano Spoletino opens with a fragrance of tropical fruit and cantaloupe. The fresh but creamy palate offers rich flavors of green melon, pineapple and green apple, brightened by citrus notes and refreshing acidity.",5.8
81,Podere La Berta 2015 Sangiovese (Romagna),Podere La Berta,Italia centrale,Romagna,Sangiovese,2015,87,87-89 Molto buono,15.0,2. Da 15 a 24,Kerin O'Keefe,"This opens with subdued aromas of black-skinned berry and a whiff of baking spice. The straightforward palate delivers black plum, clove and leather alongside round tannins. Enjoy soon.",5.8
82,Poderi dal Nespoli 1929 2010 Il Nespoli Riserva  (Sangiovese di Romagna Superiore),Poderi dal Nespoli 1929,Italia centrale,Sangiovese di Romagna Superiore,Sangiovese,2010,87,87-89 Molto buono,25.0,3. Da 25 a 39,Non indicato,"Dark fruit and astringent tannins make for a bold and hearty first impression. This Sangiovese Riserva opens with a dark inky color and delivers aromas of prune, plum, cola, tar and old spice. Pair it with aged Pecorino cheese.",3.48
83,Principe Pallavicini 2014 Poggio Verde  (Frascati Superiore),Principe Pallavicini,Italia centrale,Frascati Superiore,White Blend,2014,87,87-89 Molto buono,17.0,2. Da 15 a 24,Kerin O'Keefe,"This lively white features aromas of tropical fruit, citrus and white flower.s The bright, round palate doles out fresh peach, juicy pineapple and crisp apple alongside zesty acidity.",5.12
84,Principe Pallavicini 2014  Frascati,Principe Pallavicini,Italia centrale,Frascati,White Blend,2014,85,80-86 Buono,12.0,1. Sotto 15,Kerin O'Keefe,"Intense floral aromas of acacia flower and jasmine lead the nose on this informal wine. The palate is rather lean, but offers notes of citrus zest and green pear alongside brisk acidity.",7.08
85,Scacciadiavoli 2006 Passito  (Sagrantino di Montefalco),Scacciadiavoli,Italia centrale,Sagrantino di Montefalco,Sagrantino,2006,88,87-89 Molto buono,50.0,4. Da 40 a 74,Kerin O'Keefe,"This dessert wine opens with earthy aromas of underbrush and tobacco, with whiffs of chocolate and oak. The palate offers up dense black cherry, blueberry and licorice, along with smooth tannins.",1.76
86,Scacciadiavoli 2010  Montefalco Rosso,Scacciadiavoli,Italia centrale,Montefalco Rosso,Red Blend,2010,89,87-89 Molto buono,20.0,2. Da 15 a 24,Kerin O'Keefe,"This blend of Sangiovese, Merlot and Sagrantino is redolent with aromas of ripe black fruit and blue flower, with a whiff of leather. The palate delivers a savory wild cherry flavor, punctuated with white pepper, cinnamon and clove spice. Bracing yet fine tann",4.45
87,Scambia 2012 Freschetto  (Orvieto),Scambia,Italia centrale,Orvieto,White Blend,2012,87,87-89 Molto buono,15.0,2. Da 15 a 24,Kerin O'Keefe,"Pretty aromas recall Golden Delicious apples and white peach. The bright palate delivers apricot, pear and lemon zest accented with a ginger note, while crisp acidity leaves the mouth feeling clean and refreshed.",5.8
88,Stefano Berti 2010 Ravaldo  (Sangiovese di Romagna Superiore),Stefano Berti,Italia centrale,Sangiovese di Romagna Superiore,Sangiovese,2010,84,80-86 Buono,20.0,2. Da 15 a 24,Non indicato,Ravaldo is sour and bitter wine that needs to be paired with cheesy lasagna with thick Béchamel sauce to find balance. You'll sense bright berry and cranberry with a sharp and edgy mouthfeel.,4.2
89,Tabarrini 2008 Colle alle Macchie  (Sagrantino di Montefalco),Tabarrini,Italia centrale,Sagrantino di Montefalco,Sagrantino,2008,90,90-94 Ottimo,77.0,5. 75 e oltre,Kerin O'Keefe,"This opens with aromas of prune, fig, raisin and espresso. The palate offers ripe blackberry, cherry, and black pepper layered with intense mint, thyme and licorice sensations. It's young but well balanced, with just enough freshness to support the bracing tan",1.17
90,Tabarrini 2009  Montefalco Rosso,Tabarrini,Italia centrale,Montefalco Rosso,Red Blend,2009,88,87-89 Molto buono,29.0,3. Da 25 a 39,Non indicato,"This Rosso represents a blend of Sangiovese (60%) with equal parts Sagrantino and Barbera. The wine offers meats and chewy cherry flavors with accents of spice and leather followed by a rich, velvety texture.",3.03
91,Tabarrini 2011 Bocca di Rosa Sagrantino (Umbria),Tabarrini,Italia centrale,Umbria,Sagrantino,2011,84,80-86 Buono,21.0,2. Da 15 a 24,Non indicato,"This is a strange rosato made with the Sagrantino grape that shows the natural astringency of this native grape from Umbria and follows with heavy aromas of ripe citrus fruit, pineapple and even a savory touch of old spice. It also shows a touch of sweetness o",4.0
92,Talamonti 2008 Tre Saggi  (Montepulciano d'Abruzzo),Talamonti,Italia centrale,Montepulciano d'Abruzzo,Montepulciano,2008,90,90-94 Ottimo,20.0,2. Da 15 a 24,Non indicato,"Tre Saggi, or three wise men, is a terrific wine at a realistic price. This luscious vintage shows bright fruit nuances of black cherry and currant backed by soft, oak-inspired aromas of spice, leather and tobacco.",4.5
93,Talamonti 2009 Kudos Red (Colline Pescaresi),Talamonti,Italia centrale,Colline Pescaresi,Red Blend,2009,90,90-94 Ottimo,25.0,3. Da 25 a 39,Non indicato,"Kudos is an oak-driven blend of Montepulciano and Merlot that delivers lush richness and modern tones of black fruit, chocolate, cinnamon spice and clove. The close is soft, long and velvety.",3.6
94,Talamonti 2011 Tre Saggi  (Montepulciano d'Abruzzo),Talamonti,Italia centrale,Montepulciano d'Abruzzo,Montepulciano,2011,90,90-94 Ottimo,20.0,2. Da 15 a 24,Non indicato,"Tre Saggi (""three wise men"") is a plush and rich, oak-driven Montepulciano designed by an Italian winemaker who is an absolute expert on barrel aging and oak toast. Dark chocolate, spice, clove and blackberry are presented in an incredibly soft and integrated ",4.5
95,Tenuta Casali 2013 Quartosole Sangiovese (Romagna),Tenuta Casali,Italia centrale,Romagna,Sangiovese,2013,87,87-89 Molto buono,29.0,3. Da 25 a 39,Kerin O'Keefe,"This straightforward red opens with aromas of leather, game and black-skinned fruit. The firm palate delivers prune, cedar and tobacco alongside assertive tannins that leave a rather grippy finish.",3.0
96,Tenuta Vitalonga 2009 Terra di Confine Red (Umbria),Tenuta Vitalonga,Italia centrale,Umbria,Red Blend,2009,88,87-89 Molto buono,29.0,3. Da 25 a 39,Non indicato,"omprised of mostly Montepulciano with 20% Merlot, this shows sweet tones of ripe cherry, blackberry, cinnamon and tobacco. It's simple and straightforward, with clean, velvety lines.",3.03
97,Tenuta Vitalonga 2014 Elcione  (Orvieto),Tenuta Vitalonga,Italia centrale,Orvieto,White Blend,2014,85,80-86 Buono,11.0,1. Sotto 15,Kerin O'Keefe,"Here's a bright, easygoing white that opens with a light peach scent. It's simple but well made, with delicate pear and apple flavors.",7.73
98,Tenuta dell'Ugolino 2015 Le Piaole  (Verdicchio dei Castelli di Jesi Classico),Tenuta dell'Ugolino,Italia centrale,Verdicchio dei Castelli di Jesi Classico,Verdicchio,2015,86,80-86 Buono,12.0,1. Sotto 15,Kerin O'Keefe,"This fresh white has delicate aromas of white spring flower and yellow stone fruit. The bright, easygoing palate offers yellow peach, bitter almond and a light saline note alongside bright acidity. It's simple but well made.",7.17
99,Tenuta di Tavignano 2012 Misco  (Verdicchio dei Castelli di Jesi Classico Superiore),Tenuta di Tavignano,Italia centrale,Verdicchio dei Castelli di Jesi Classico Superiore,Verdicchio,2012,89,87-89 Molto buono,18.0,2. Da 15 a 24,Kerin O'Keefe,"This lovely Verdicchio opens with an alluring fragrance of white spring flowers, Spanish broom and a whiff of sea breeze. The creamy palate delivers white peach, tropical fruit and lemon notes, all brightened by crisp acidity and mineral accents.",4.94
100,Tenute Lunelli 2009 Lampante Riserva  (Montefalco Rosso),Tenute Lunelli,Italia centrale,Montefalco Rosso,Red Blend,2009,89,87-89 Molto buono,23.0,2. Da 15 a 24,Kerin O'Keefe,"Blue flower, ripe berry and baking spice aromas unfold in the glass of this blend of Sangiovese, Sagrantino, Cabernet and Merlot. The juicy palate delivers black cherry, vanilla, cinnamon and espresso alongside bracing tannins.",3.87
101,Terre de Trinci 2001 Ugolino  (Sagrantino di Montefalco),Terre de Trinci,Italia centrale,Sagrantino di Montefalco,Sagrantino,2001,90,90-94 Ottimo,60.0,4. Da 40 a 74,Non indicato,"There's a solid oak presence here in the form of chocolate, espresso and spice as well as distinctive tones that recall barbecue sauce, hickory and smoke. You'll get chewy cherry and sweet blackberry flavors in the mouth as well as thick tannins on the close.",1.5
102,Trappolini 2010 Cenereto Red (Lazio),Trappolini,Italia centrale,Lazio,Red Blend,2010,85,80-86 Buono,14.0,1. Sotto 15,Non indicato,"Cenereto is a 50-50 blend of Sangiovese and Montepulciano that shows a thin, streamlined personality with bright accents of cherry and blackberry followed by tobacco and toasted espresso bean. The mouthfeel is flat and waxy.",6.07
103,Tre Monti 2009 Thea Riserva  (Sangiovese di Romagna Superiore),Tre Monti,Italia centrale,Sangiovese di Romagna Superiore,Sangiovese,2009,88,87-89 Molto buono,21.0,2. Da 15 a 24,Non indicato,"Thea Riserva opens with dark and austere notes of black licorice, tar, black cherry and crushed granite. There's a dusty quality to the close followed by a dry but fresh finish.",4.19
104,Umani Ronchi 2012 Villa Bianchi  (Verdicchio dei Castelli di Jesi Classico),Umani Ronchi,Italia centrale,Verdicchio dei Castelli di Jesi Classico,Verdicchio,2012,86,80-86 Buono,10.0,1. Sotto 15,Kerin O'Keefe,"Crisp and refreshing aromas suggest white wildflower and pear. The bright, easygoing palate delivers crunchy green apple, nectarine zest and a light almond note alongside vibrant acidity.",8.6
105,Umberto Cesari 2005 Tauleto Sangiovese (Rubicone),Umberto Cesari,Italia centrale,Rubicone,Sangiovese,2005,88,87-89 Molto buono,75.0,5. 75 e oltre,Non indicato,This is a boldly extracted and concentrated expression of Sangiovese (with 10% of the Bursona Longanesi grape) that delivers steady and bold oak aromas. The wood influences are almost too much but will surely integrate as the wine ages in the bottle. Beyond al,1.17
106,Valori 2007  Montepulciano d'Abruzzo,Valori,Italia centrale,Montepulciano d'Abruzzo,Montepulciano,2007,87,87-89 Molto buono,16.0,2. Da 15 a 24,Non indicato,"Earthy aromas of moist tobacco and forest floor open the nose of this darkly concentrated wine. It's dense and chewy, with a bright accent of sweet spice on the palate.",5.44
107,Villa Bizzarri 2012 Primo Cerchio  (Offida Pecorino),Villa Bizzarri,Italia centrale,Offida Pecorino,Pecorino,2012,89,87-89 Molto buono,14.0,1. Sotto 15,Kerin O'Keefe,"Here's a delicious Pecorino that opens with appealing if unusual aromas of tilled soil alongside more classic floral notes of Spanish broom and acacia. It boasts ripe white peach, juicy pineapple and lemon custard flavors, along with almond and mineral notes.",6.36
108,Villa Mora 2008 Riserva  (Montefalco Rosso),Villa Mora,Italia centrale,Montefalco Rosso,Red Blend,2008,89,87-89 Molto buono,23.0,2. Da 15 a 24,Kerin O'Keefe,"Violet, rose, mature black fruit, leather and baking spice aromas open this smooth, structured wine. The palate offers prune, dried cherry, nutmeg and mocha alongside assertive, drying tannins. Drink 2016-2023.",3.87
109,Villa di Corlo 2013 Frizzante Secco  (Lambrusco Grasparossa di Castelvetro),Villa di Corlo,Italia centrale,Lambrusco Grasparossa di Castelvetro,Lambrusco Grasparossa,2013,87,87-89 Molto buono,17.0,2. Da 15 a 24,Kerin O'Keefe,"Frothy and robust, this presents aromas of blue flower, ripe plum, fig and cassis that carry over to the palate, along with spicy blueberry. It's balanced with sharp acidity and hearty tannins.",5.12
110,Vino dei Fratelli 2008  Montepulciano d'Abruzzo,Vino dei Fratelli,Italia centrale,Montepulciano d'Abruzzo,Montepulciano,2008,84,80-86 Buono,12.0,1. Sotto 15,Non indicato,"This easy Montepulciano d'Abruzzo opens with ripe, jammy aromas of black cherry, blackberry pie and moist pipe tobacco. The wine is soft, slightly sweet and well structured on the close.",7.0
111,Agricole Vallone 2005 Riserva Vigna Flaminio Red (Puglia),Agricole Vallone,Italia meridionale,Puglia,Red Blend,2005,85,80-86 Buono,15.0,2. Da 15 a 24,Non indicato,"This Riserva blend of Negroamaro, Montepulciano and Malvasia Nera delivers very ripe and rich notes of strawberry jam and fruit preserves. The mouthfeel is polished and well-structured, but the wine exhibits a mature taste profile.",5.67
112,Antica Hirpinia 2005  Fiano di Avellino,Antica Hirpinia,Italia meridionale,Fiano di Avellino,Fiano,2005,87,87-89 Molto buono,20.0,2. Da 15 a 24,Non indicato,"This is an immediately attractive albeit slightly less intense rendition of Fiano with measured but well-defined aromas of stone fruit, minerals, citrus blossoms and Golden Delicious apple. It's an elegant ensemble that makes a perfect match to light dishes or",4.35
113,Antonio Caggiano 2007 FiaGre White (Campania),Antonio Caggiano,Italia meridionale,Campania,White Blend,2007,86,80-86 Buono,30.0,3. Da 25 a 39,Non indicato,This distinctive wine boasts aromas of pine resin and maple syrup that add spicy accents to this otherwise fruit-driven white wine from Campania. You can feel the southern sunshine in the mouth thanks to the wine's slightly sweet nature and powerful finish. A ,2.87
114,Bisceglia 2011 Terra di Vulcano  (Aglianico del Vulture),Bisceglia,Italia meridionale,Aglianico del Vulture,Aglianico,2011,87,87-89 Molto buono,15.0,2. Da 15 a 24,Kerin O'Keefe,"Here's a young Aglianico that opens with aromas of blue flower, earth, plum and spice. The simple but savory palate delivers ripe blackberry, raspberry and black licorice alongside firm tannins.",5.8
115,Bisceglia 2012 Gudarrà  (Aglianico del Vulture),Bisceglia,Italia meridionale,Aglianico del Vulture,Aglianico,2012,89,87-89 Molto buono,25.0,3. Da 25 a 39,Kerin O'Keefe,"Mediterranean herb, black-skinned berry and baking spice aromas float out of the glass. On the firm palate, notes of anise and ground pepper accent a core of dried black cherries while aggressive, close-grained tannins grip the finish. Give the tannins a few m",3.56
116,Borgo di Colloredo 2005 Gironia Biferno Rosato Red (Molise),Borgo di Colloredo,Italia meridionale,Molise,Red Blend,2005,83,80-86 Buono,18.0,2. Da 15 a 24,Non indicato,"The wine's garnet ruby color is so saturated, it seems more like a light red than a rosato and the aromas recall raspberry, white almond, peppermint and a hint of Sherry.",4.61
117,Calatrasi 2006 La Piazza Primitivo (Puglia),Calatrasi,Italia meridionale,Puglia,Primitivo,2006,86,80-86 Buono,9.0,1. Sotto 15,Non indicato,"La Piazza is made by Sicily's Calatrasi and offers an easy-drinking red wine that would wash down well with pizza or pasta. The wine is thin, but it has bright fruit flavors and a spicy close.",9.56
118,Cantele 2007 Rosato Negroamaro (Salento),Cantele,Italia meridionale,Salento,Negroamaro,2007,86,80-86 Buono,13.0,1. Sotto 15,Non indicato,"Here's a subtle and elegant rosé made with Negroamaro with pretty aromas of raspberry, forest berry and white almond skin. The wine remains in contact with the skins for 18 hours to produce a delicate and fresh companion to Indian or Thai dishes.",6.62
119,Cantine Due Palme 2012 Montecoco Red (Salice Salentino),Cantine Due Palme,Italia meridionale,Salice Salentino,Red Blend,2012,85,80-86 Buono,11.0,1. Sotto 15,Kerin O'Keefe,"Made with Negroamaro and Malvasia Nera, this informal red opens with aromas of blue flower and wild berry. The simple palate offers juicy blackberry and Morello cherry alongside soft, fleeting tannins. It's made to be drunk young so enjoy soon.",7.73
120,Cantine Due Palme 2013 Canonico Negroamaro (Salento),Cantine Due Palme,Italia meridionale,Salento,Negroamaro,2013,86,80-86 Buono,11.0,1. Sotto 15,Kerin O'Keefe,"Straightforward and easy-drinking, this delivers ripe sour cherry and black raspberry alongside fresh acidity and dusty tannins. It's made to be drunk young so enjoy soon.",7.82
121,Cantine Farro 2013 Falanghina (Campi Flegrei),Cantine Farro,Italia meridionale,Campi Flegrei,Falanghina,2013,87,87-89 Molto buono,19.0,2. Da 15 a 24,Kerin O'Keefe,"Aromas of white flower, green pear and flinty mineral mingle in the glass. The bright palate offers creamy Granny Smith apple, nectarine, sage and a light mineral note. Bright acidity gives it a clean finish.",4.58
122,Cantine Paolo Leo 2012  Primitivo di Manduria,Cantine Paolo Leo,Italia meridionale,Primitivo di Manduria,Primitivo,2012,90,90-94 Ottimo,18.0,2. Da 15 a 24,Kerin O'Keefe,"Made from 40-year-old, bush-trained vines, this opens with earthy aromas of charred earth, smoke, grilled sage and black spice. The concentrated but elegant palate delivers mature blackberry, dried black cherry, allspice and pipe tobacco alongside velvety tann",5.0
123,Cantine di Marzo 2012 Cantine Storiche Aglianico (Irpinia),Cantine di Marzo,Italia meridionale,Irpinia,Aglianico,2012,86,80-86 Buono,25.0,3. Da 25 a 39,Kerin O'Keefe,"This Aglianico opens with aromas of roasted coffee bean, toast and black fruit. The oak-driven palate offers espresso, black pepper and black cherry flavors, but it lacks fruit richness and ends on a note of drying wood tannins.",3.44
124,Caparra & Siciliani 2013 Solagi Rosso  (Cirò Classico),Caparra & Siciliani,Italia meridionale,Cirò Classico,Gaglioppo,2013,85,80-86 Buono,18.0,2. Da 15 a 24,Kerin O'Keefe,"Red berry, pressed flower and a whiff of damp earth lead the nose. The diluted palate shows raw cherry, clove and gamy note alongside brisk acidity. It's rather rustic and lean, with a short, bitter finish.",4.72
125,Castello Monaci 2005 Artas Primitivo (Salento),Castello Monaci,Italia meridionale,Salento,Primitivo,2005,87,87-89 Molto buono,34.0,3. Da 25 a 39,Non indicato,"This hot climate Primitivo has a jammy side that is evident in its raw notes of strawberry and blackberry preserves. This is a powerful and intense wine with flavors of spice, tar and dried herbs with a chewy, rich mouthfeel.",2.56
126,Colli di Castelfranci 2012 Grotte  (Greco di Tufo),Colli di Castelfranci,Italia meridionale,Greco di Tufo,Greco,2012,89,87-89 Molto buono,16.0,2. Da 15 a 24,Kerin O'Keefe,"It opens with lovely aromas of wild flowers and stone fruit. The juicy palate offers creamy white peach, pear and apple accented with aromatic herbs and mineral alongside lively acidity.",5.56
127,Contrade di Taurasi - Lonardo 2009 Vigne d'Alto  (Taurasi),Contrade di Taurasi - Lonardo,Italia meridionale,Taurasi,Aglianico,2009,94,90-94 Ottimo,70.0,4. Da 40 a 74,Kerin O'Keefe,"Aromas of blue flower, rich black fruit, cooking spices, leather and thyme waft out of the glass of this soulful young Taurasi. The palate offers a juicy core of black cherry accented by notes of black pepper, nutmeg, eucalyptus, pipe tobacco and mineral, with",1.34
128,Contrade di Taurasi - Lonardo 2012 Aglianico (Irpinia),Contrade di Taurasi - Lonardo,Italia meridionale,Irpinia,Aglianico,2012,92,90-94 Ottimo,23.0,2. Da 15 a 24,Kerin O'Keefe,"Intensely perfumed, this offers enticing scents of wild red berry, rose, violet and exotic spice. The polished, linear palate delivers ripe black cherry, spiced blackberry, cinnamon and star anise alongside silky tannins and refreshing acidity.",4.0
129,D'Angelo 2013 Canneto Aglianico (Basilicata),D'Angelo,Italia meridionale,Basilicata,Aglianico,2013,91,90-94 Ottimo,30.0,3. Da 25 a 39,Kerin O'Keefe,"Aromas of mature plum, French oak and tilled earth mingle with vanilla and an earthy whiff of game. The scents carry over to the chewy palate along with ripe black cherry, prune, new leather and black pepper. Assertive fine-grained tannins and vibrant acidity ",3.03
130,DeLucia Vineyards 2005 Murellaia Aglianico (Sannio),DeLucia Vineyards,Italia meridionale,Sannio,Aglianico,2005,89,87-89 Molto buono,50.0,4. Da 40 a 74,Non indicato,"Murellaia is a modern and sweet-smelling wine with firm structure and intense aromas of sweetbread, candied fruit, vanilla, spice, black peppers and prunes. Try it with pork stuffed with stewed apricots.",1.78
131,Di Majo Norante 2011 Cabernet (Terra degli Osci),Di Majo Norante,Italia meridionale,Terra degli Osci,Cabernet,2011,87,87-89 Molto buono,13.0,1. Sotto 15,Non indicato,"This offers a sunny, Mediterranean take on Cabernet, bearing bold blackberry and ripe fruit aromas, plus notes of spice, toasted nut, dried rosemary and dusty mineral. The mouthfeel is firmly structured and compact.",6.69
132,Di Meo 2004 Don Generoso Aglianico (Irpinia),Di Meo,Italia meridionale,Irpinia,Aglianico,2004,92,90-94 Ottimo,120.0,5. 75 e oltre,Non indicato,"As its name implies, Don Generous doles out opulence and aromatic intensity, lingering long on the nose and palate. This is a smoky, masculine expression, with notes of lead pencil, slate, prune, cassis and spice. It delivers the essences of volcanic soil with",0.77
133,Di Meo 2008 A Aglianico (Campania),Di Meo,Italia meridionale,Campania,Aglianico,2008,89,87-89 Molto buono,23.0,2. Da 15 a 24,Non indicato,"This wine inspires a pairing with foods that have a sweet cheese or butter element. It is well shaped and opulent, with loads of crushed black pepper, dried fruit and dusty mineral nuances.",3.87
134,Donnachiara 2007 Aglianico (Irpinia),Donnachiara,Italia meridionale,Irpinia,Aglianico,2007,88,87-89 Molto buono,22.0,2. Da 15 a 24,Non indicato,"Dark and concentrated in appearance, this hearty Aglianico opens with tones of spice and smoked bacon backed by black fruit, tobacco and dark leather. The overall package is very enticing and that wine is softer and smoother than most other expressions of this",4.0
135,Donnachiara 2008 Riserva  (Taurasi),Donnachiara,Italia meridionale,Taurasi,Aglianico,2008,91,90-94 Ottimo,50.0,4. Da 40 a 74,Kerin O'Keefe,"This Taurasi, made from Southern Italy's noble Aglianico grape, unfolds with earthy aromas of tilled soil, black fruit and flint. The palate delivers a core of tight black cherry, tobacco, white pepper and smoke notes along with big velvety tannins.",1.82
136,Donnachiara 2009 Falanghina (Beneventano),Donnachiara,Italia meridionale,Beneventano,Falanghina,2009,87,87-89 Molto buono,16.0,2. Da 15 a 24,Non indicato,"Donnachiara offers a bright and cheerful expression of Falanghina that is packed tight with exotic fruit, citrus, stone fruit and jasmine flower. It offers enough density in the mouth to pair with scallops or oysters.",5.44
137,Donnachiara 2012 Riserva  (Taurasi),Donnachiara,Italia meridionale,Taurasi,Aglianico,2012,93,90-94 Ottimo,55.0,4. Da 40 a 74,Kerin O'Keefe,"Spiced plum, blue flower, vanilla, French oak and balsamic aromas lead the way on this firmly structured red. Full-bodied and elegant, the youthful, enveloping palate evokes blackberry, black cherry, pipe tobacco and ground clove framed in tightly knit fine-gr",1.69
138,Donnachiara 2016  Fiano di Avellino,Donnachiara,Italia meridionale,Fiano di Avellino,Fiano,2016,87,87-89 Molto buono,18.0,2. Da 15 a 24,Kerin O'Keefe,Aromas of tropical fruit and banana lead the nose and carry over to the rounded palate along with pineapple and a hint of candied citrus. A note of bitter nut marks the close.,4.83
139,Fatalone 2006 Primitivo (Gioia del Colle),Fatalone,Italia meridionale,Gioia del Colle,Primitivo,2006,85,80-86 Buono,17.0,2. Da 15 a 24,Non indicato,"Made using organically-farmed Primitivo grapes, this features aromas of licorice, crushed granite and candied fruit. The acidity is bright and lively.",5.0
140,Fattoria La Rivolta 2015 Taburno Greco (Sannio),Fattoria La Rivolta,Italia meridionale,Sannio,Greco,2015,89,87-89 Molto buono,25.0,3. Da 25 a 39,Kerin O'Keefe,"This offers aromas suggesting mature apple, citrus, hazelnut and a whiff of dried herb. The rich, full-bodied palate doles out candied nectarine zest and ripe pear while a mineral note lifts the finish.",3.56
141,Fattoria La Rivolta 2015 Taburno  (Falanghina del Sannio),Fattoria La Rivolta,Italia meridionale,Falanghina del Sannio,Falanghina,2015,92,90-94 Ottimo,22.0,2. Da 15 a 24,Kerin O'Keefe,"Made with organically cultivated grapes, this opens with aromas of orange blossom, orchard fruit and nuts. The savory, medium-bodied palate doles out layers of juicy nectarine, lime zest, ripe pear and mature yellow apple alongside a note of candied ginger. It",4.18
142,Feudi di San Gregorio 2006  Taurasi,Feudi di San Gregorio,Italia meridionale,Taurasi,Aglianico,2006,92,90-94 Ottimo,40.0,4. Da 40 a 74,Non indicato,"This is a gorgeous interpretation of Aglianico in which the tannic grape is softened and rounded out thanks to quality winemaking. Aromas of chocolate fudge, exotic spice, rum cake and loads of black fruit appear on the bouquet. You will, however, feel that ch",2.3
143,Feudi di San Gregorio 2007 Pátrimo Merlot (Campania),Feudi di San Gregorio,Italia meridionale,Campania,Merlot,2007,93,90-94 Ottimo,120.0,5. 75 e oltre,Non indicato,The legend behind Pàtrimo is that the folks at Feudi di San Gregorio had misidentified the grape variety planted in their historic vineyard until it was finally confirmed to be Merlot. Very few vineyards with international varieties exist in this part of the w,0.78
144,Feudi di San Gregorio 2008  Taurasi,Feudi di San Gregorio,Italia meridionale,Taurasi,Aglianico,2008,92,90-94 Ottimo,38.0,3. Da 25 a 39,Non indicato,"Dark and opulent, this has a modern touch, with soft oak tones that support pretty notes of black cherry, dark chocolate, spice and tobacco. The mouthfeel is rich, toasted and delicious, with a long, dry finish.",2.42
145,Feudi di San Gregorio 2008  Aglianico del Vulture,Feudi di San Gregorio,Italia meridionale,Aglianico del Vulture,Aglianico,2008,90,90-94 Ottimo,28.0,3. Da 25 a 39,Non indicato,"Wines from the extinct Vulture volcano in the deep south of Italy tend to show a linear, elegant side, with etched mineral notes of smoke and crushed granite. This wine offers all those characteristics, but does so with a modern twist, showing notes of spice a",3.21
146,Feudi di San Gregorio 2010  Aglianico del Vulture,Feudi di San Gregorio,Italia meridionale,Aglianico del Vulture,Aglianico,2010,90,90-94 Ottimo,30.0,3. Da 25 a 39,Kerin O'Keefe,"Vibrant and structured, this expression of Aglianico opens with a fragrance that recalls blue flower, dark woodland berries, forest floor and balsamic notes. The polished palate offers red cherry, black pepper, licorice and menthol alongside subtle oak. It's w",3.0
147,Feudi di San Gregorio 2011 Ros'Aura Aglianico (Irpinia),Feudi di San Gregorio,Italia meridionale,Irpinia,Aglianico,2011,89,87-89 Molto buono,15.0,2. Da 15 a 24,Non indicato,"Ros'Aura is one of the most delightful rosatos to come from southern Italy. It's a concentrated bright pink color, with fresh aromas of wild berry and pink grapefruit.",5.93
148,Feudi di San Gregorio 2011  Taurasi,Feudi di San Gregorio,Italia meridionale,Taurasi,Aglianico,2011,91,90-94 Ottimo,38.0,3. Da 25 a 39,Kerin O'Keefe,"Dark berry, Asian spice and blue flower aromas slowly unfold on this structured red. The full-bodied, tightly wound palate offers up mature black cherry, blackberry, licorice, cinnamon and tobacco while youthfully assertive but refined tannins provide support.",2.39
149,Feudi di San Gregorio 2011 Dubl + Greco (Campania),Feudi di San Gregorio,Italia meridionale,Campania,Greco,2011,92,90-94 Ottimo,44.0,4. Da 40 a 74,Kerin O'Keefe,"Made entirely with native grape Greco, this sparkler from southern Italy features aromas of lemon blossom, chamomile and yeasty notes of bread crust. The creamy palate delivers nectarine, citrus, lemon cream pie, honey and mineral alongside an elegant mousse a",2.09
150,Feudi di San Gregorio 2012  Taurasi,Feudi di San Gregorio,Italia meridionale,Taurasi,Aglianico,2012,90,90-94 Ottimo,40.0,4. Da 40 a 74,Kerin O'Keefe,"Blue flower, exotic spice and dark berry aromas take shape on this full-bodied glossy red. The structured enveloping palate offers dried morello cherry, raspberry, star anise and pipe tobacco alongside compact fine-grained tannins. It already has so much to of",2.25
151,Feudi di San Gregorio 2012 Piano di Montevergine Riserva  (Taurasi),Feudi di San Gregorio,Italia meridionale,Taurasi,Aglianico,2012,93,90-94 Ottimo,70.0,4. Da 40 a 74,Kerin O'Keefe,"New leather, truffle, dark spice and black plum aromas take shape in the glass along with a whisper of violet. The firmly structured elegant palate delivers blackberry, wild cherry, licorice and tobacco against a backbone of youthfully austere fine-grained tan",1.33
152,Feudi di San Gregorio 2014 Studi Fraedane  (Fiano di Avellino),Feudi di San Gregorio,Italia meridionale,Fiano di Avellino,Fiano,2014,89,87-89 Molto buono,60.0,4. Da 40 a 74,Kerin O'Keefe,"Aromas of hazelnut nut, smoke and dried chamomile flower slowly come together. On the racy palate, a mineral vein underscores yellow apple, lime and dried sage while a bitter almond note wraps up the finish.",1.48
153,Feudi di San Gregorio 2014  Falanghina del Sannio,Feudi di San Gregorio,Italia meridionale,Falanghina del Sannio,Falanghina,2014,88,87-89 Molto buono,17.0,2. Da 15 a 24,Kerin O'Keefe,"Vibrant and refreshing, this opens with aromas of tropical fruit, green apple and a whiff of white flower. The fruit flavors carry over to the linear palate, plus citrus notes and a vein of mineral. Zest acidity gives a clean, crisp finish.",5.18
154,Feudi di San Gregorio 2014 Studi Bussi  (Greco di Tufo),Feudi di San Gregorio,Italia meridionale,Greco di Tufo,Greco,2014,93,90-94 Ottimo,60.0,4. Da 40 a 74,Kerin O'Keefe,"This opens with aromas suggesting pear, yellow stone fruit, Mediterranean herb and a whiff of citrus while the vibrant palate delivers crisp green apple, juicy lime, saline and energizing mineral. Racy acidity provides the backbone. Give this time to fully dev",1.55
155,Feudi di San Gregorio 2015 Dal Re Aglianico (Irpinia),Feudi di San Gregorio,Italia meridionale,Irpinia,Aglianico,2015,90,90-94 Ottimo,23.0,2. Da 15 a 24,Kerin O'Keefe,"Mature plum, nutmeg, new leather and thyme aromas lead the nose. On the chewy palate, notes of licorice and clove accent a juicy core of ripe wild cherry while tightly knit polished tannins lend firm support.",3.91
156,Feudi di Terra d'Otranto 2007 Le Maschere Primitivo (Salento),Feudi di Terra d'Otranto,Italia meridionale,Salento,Primitivo,2007,88,87-89 Molto buono,20.0,2. Da 15 a 24,Non indicato,"Modern and bright, this is a gorgeous red from Puglia with lush notes of spice, blackberry, cherry and cola. The wine has rich, chewy fruit and soft succulence backed by more berry fruit.",4.4
157,Fratelli Urciuolo 2007  Fiano di Avellino,Fratelli Urciuolo,Italia meridionale,Fiano di Avellino,Fiano,2007,86,80-86 Buono,18.0,2. Da 15 a 24,Non indicato,This is one of those quintessentially fresh and easy Italian white wines that offers a mixed bag of fresh fruit and mineral-driven aromas. The wine hits the palate in an extremely smooth and clean manner.,4.78
158,Grifalco 2011  Aglianico del Vulture,Grifalco,Italia meridionale,Aglianico del Vulture,Aglianico,2011,90,90-94 Ottimo,16.0,2. Da 15 a 24,Kerin O'Keefe,"This delicious and affordable wine offers a fragrance of blue flower, tilled soil, game and leather, along with whiffs of mature black fruit. The juicy palate delivers ripe blackberry, black cherry, black pepper and licorice alongside firm but refined tannins.",5.62
159,Grifalco 2013 Daginestra  (Aglianico del Vulture),Grifalco,Italia meridionale,Aglianico del Vulture,Aglianico,2013,86,80-86 Buono,32.0,3. Da 25 a 39,Kerin O'Keefe,"Aromas of black-skinned fruit, leather, underbrush, game and a briny note all carry over to the lean, somewhat disjointed palate along with suggestions of licorice and raw red cherry. Grainy tannins leave a drying finish.",2.69
160,Grotta del Sole 2007 Coda di Volpe (Campania),Grotta del Sole,Italia meridionale,Campania,Coda di Volpe,2007,85,80-86 Buono,15.0,2. Da 15 a 24,Non indicato,Coda di Volpe offers resiny aromas of pine syrup and butterscotch backed by ripe melon and pear. The wine is thick and sticky and would probably pair best with fish soup or crab cakes.,5.67
161,Grotta del Sole 2007 Gragnano (Penisola Sorrentina),Grotta del Sole,Italia meridionale,Penisola Sorrentina,Gragnano,2007,84,80-86 Buono,17.0,2. Da 15 a 24,Non indicato,"This is a lightly sparking red from beautiful Sorrento in Southern Italy with sweet flavors of mature black fruit and spice. It's easygoing with low alcohol, which means you can throw back a few glasses with pizza without a second thought.",4.94
162,Guastaferro 2011 Primum Riserva  (Taurasi),Guastaferro,Italia meridionale,Taurasi,Aglianico,2011,93,90-94 Ottimo,180.0,5. 75 e oltre,Kerin O'Keefe,"Aromas of smoke, charred earth, dark spice and black-skinned berry lift out of the glass. The concentrated firmly structured palate offers dried black cherry, blackberry extract, ground pepper and a hint of tobacco framed in fine-grained tannins. Drink 2019-20",0.52
163,I Capitani 2007 Clarum White (Irpinia),I Capitani,Italia meridionale,Irpinia,White Blend,2007,85,80-86 Buono,14.0,1. Sotto 15,Non indicato,"Here is an easy and straightforward Falanghina (with some Coda di Volpe) that offers sweet notes of yellow candy, peach fuzz, caramel and brown sugar. The wine is easy and fresh and could be served with hors d'oeuvres.",6.07
164,Jorche 2010 Riserva  (Primitivo di Manduria),Jorche,Italia meridionale,Primitivo di Manduria,Primitivo,2010,87,87-89 Molto buono,40.0,4. Da 40 a 74,Kerin O'Keefe,"Aromas of this robust wine recall resin, raisin, vanilla and plum cake. The warm, thick palate offers prune, licorice and ground black pepper alongside robust tannins. There's not much fruit richness and the heat of alcohol throws this off balance.",2.17
165,L'Astore Masseria 2008 Filimei Negroamaro (Salento),L'Astore Masseria,Italia meridionale,Salento,Negroamaro,2008,85,80-86 Buono,16.0,2. Da 15 a 24,Non indicato,"Here's an easygoing red wine from Puglia with sharp tones of forest berry and bramble backed by red apple, raisins and a touch of cinnamon. The wine is nervous and slightly bitter in the mouth with flavors that recall sour cherries.",5.31
166,La Corte 2008 Solyss Negroamaro (Puglia),La Corte,Italia meridionale,Puglia,Negroamaro,2008,87,87-89 Molto buono,15.0,2. Da 15 a 24,Non indicato,Solyss is a pure expression of Negroamaro that offers mature berry and dark fruit aromas with an earthy layer of exotic spice at the back. Pair this wine with marinated pork barbecue.,5.8
167,Leone de Castris 2005 Maiana Rosso Red (Salice Salentino),Leone de Castris,Italia meridionale,Salice Salentino,Red Blend,2005,87,87-89 Molto buono,10.0,1. Sotto 15,Non indicato,"Here's an easy-going Salice Salentino (90% Negroamaro and 10% Malvasia Nera) with spice, cherry and cola notes that are weaved nicely together. There's harmony and elegance here and the wine leaves a spicy imprint on the close.",8.7
168,Leone de Castris 2010 Donna Lisa Riserva Red (Salice Salentino),Leone de Castris,Italia meridionale,Salice Salentino,Red Blend,2010,90,90-94 Ottimo,50.0,4. Da 40 a 74,Kerin O'Keefe,"Made with Negroamaro and Malvasia Nera, this bold wine opens with aromas of graphite, black-skinned fruit, cracked pepper and espresso. The concentrated palate doles out spicy plum cake, blueberry jam, blackberry, vanilla and nutmeg. Brawny and high-toned, it ",1.8
169,Leone de Castris 2011 Villa Santera  (Primitivo di Manduria),Leone de Castris,Italia meridionale,Primitivo di Manduria,Primitivo,2011,87,87-89 Molto buono,18.0,2. Da 15 a 24,Non indicato,"Villa Santera opens with jammy aromas of blackberry preserves and raspberry tart, followed by slightly smoked tones of roasted almond and pipe tobacco. This is fleshy, extremely rich and sweet on the close.",4.83
170,Leone de Castris 2011 50th Anniversary Riserva Red (Salice Salentino),Leone de Castris,Italia meridionale,Salice Salentino,Red Blend,2011,91,90-94 Ottimo,17.0,2. Da 15 a 24,Kerin O'Keefe,"Aromas of ripe dark berry, exotic spice, tobacco and an anise note lead the nose on this intense wine. The succulent palate delivers layers of blackberry, raspberry, clove, licorice and allspice. Tightly-knit but velvety tannins provide support.",5.35
171,Librandi 2011 Magno Megonio Magliocco (Val di Neto),Librandi,Italia meridionale,Val di Neto,Magliocco,2011,90,90-94 Ottimo,25.0,3. Da 25 a 39,Kerin O'Keefe,"Made with native grape Magliocco, this structured wine conveys aromas of scorched earth, spiced plum and vanilla. On the palate, touches of white pepper, tobacco, toast and licorice accent the core of juicy black cherry, while racy acidity and assertive tannin",3.6
172,Librandi 2011 Duca Sanfelice  (Cirò),Librandi,Italia meridionale,Cirò,Gaglioppo,2011,91,90-94 Ottimo,20.0,2. Da 15 a 24,Kerin O'Keefe,"Aromas of perfumed berry, violet, leather, pipe tobacco and baking spice take shape in the glass. The smooth, structured palate delivers layers of ripe black cherry, juicy raspberry, clove, white pepper and mineral alongside firm, fine-grained tannins.",4.55
173,Marisa Cuomo 2009 Furore Rosso Riserva Red (Costa d'Amalfi),Marisa Cuomo,Italia meridionale,Costa d'Amalfi,Red Blend,2009,86,80-86 Buono,25.0,3. Da 25 a 39,Kerin O'Keefe,"A fifty-fifty blend of Aglianico and Piedirosso, this monolithic wine is dominated by sweet oak, coffee and espresso sensations along with undertones of black fruit. Additional fruity richness would better support the overwhelming oak and astringent wood tanni",3.44
174,Masseria Altemura 2012 Aglianico (Puglia),Masseria Altemura,Italia meridionale,Puglia,Aglianico,2012,88,87-89 Molto buono,16.0,2. Da 15 a 24,Kerin O'Keefe,"Aromas of underbrush, grilled mushroom, blue flower and menthol lead the nose. The linear palate offers dried plum, mature blackberry, espresso and licorice, while firm tannins provide support. It finishes on a note of graphite.",5.5
175,Mastroberardino 2007 Falanghina (Sannio),Mastroberardino,Italia meridionale,Sannio,Falanghina,2007,86,80-86 Buono,19.0,2. Da 15 a 24,Non indicato,"Perfect with caprese salad with slices of mozzarella, tomato and basil, this is a light and fragrant white wine that exhibits aromas of stone fruit and white stone. You really can't exaggerate the enormous drinkability of Falanghina.",4.53
176,Mastroberardino 2007 Aglianico (Campania),Mastroberardino,Italia meridionale,Campania,Aglianico,2007,87,87-89 Molto buono,25.0,3. Da 25 a 39,Non indicato,"Mastroberardino has created an easygoing Aglianico with defined aromas of wild berry, spice, resin and black pepper. The wine is lean and compact in the mouth with a streamlined feel and a crisp, bright finish.",3.48
177,Mastroberardino 2009 Naturalis Historia  (Taurasi),Mastroberardino,Italia meridionale,Taurasi,Aglianico,2009,93,90-94 Ottimo,90.0,5. 75 e oltre,Kerin O'Keefe,"Aromas evoking dark baking spice, forest floor, French oak, dried herb, violet and balsamic menthol are some of the aromas you'll find on this fragrant structured red. The concentrated palate evokes plum, blackberry jam, vanilla and tobacco while firm fine-gra",1.03
178,Mastroberardino 2013  Falanghina del Sannio,Mastroberardino,Italia meridionale,Falanghina del Sannio,Falanghina,2013,88,87-89 Molto buono,20.0,2. Da 15 a 24,Kerin O'Keefe,"Aromas suggest pressed white flower, citrus and beeswax. The palate offers citrus zest, dried apricot and lemon drop. It has nice depth but drink soon to capture the remaining fruit.",4.4
179,Matané 2011 White (Salento),Matané,Italia meridionale,Salento,White Blend,2011,85,80-86 Buono,10.0,1. Sotto 15,Non indicato,"A perfect wine to pair with salad, grilled tuna or chicken salad, this is fresh and crisp, with bright tones of green melon and apple. The finish is zesty and clean feeling.",8.5
180,Mocavero 2012 Red (Salice Salentino),Mocavero,Italia meridionale,Salice Salentino,Red Blend,2012,87,87-89 Molto buono,23.0,2. Da 15 a 24,Kerin O'Keefe,"Aromas suggest tilled earth, black-skinned fruit, spice and game. The easygoing palate offers dried plum, blackberry and black pepper alongside hearty tannins. Drink through 2016.",3.78
181,Montevetrano 2013 Core Aglianico (Campania),Montevetrano,Italia meridionale,Campania,Aglianico,2013,88,87-89 Molto buono,27.0,3. Da 25 a 39,Kerin O'Keefe,"Aromas of ripe dark-skinned fruit and baking spice lead the nose. The palate delivers black cherry, raspberry compote and a hint of ground pepper while close-knit, fine-grained tannins grip the finish.",3.26
182,Ocone 2008 Greco (Taburno),Ocone,Italia meridionale,Taburno,Greco,2008,84,80-86 Buono,13.0,1. Sotto 15,Non indicato,"This is a deeply golden and saturated Greco that offers the structure and consistency to pair with white meat, pasta or shellfish. It offers subtle flavors of butterscotch and dried apricot as well.",6.46
183,Ognissole 2013 Negroamaro (Salento),Ognissole,Italia meridionale,Salento,Negroamaro,2013,89,87-89 Molto buono,18.0,2. Da 15 a 24,Kerin O'Keefe,"A sleek, elegant expression of Negroamaro, this opens with aromas of perfumed berry and exotic spice. The bright, juicy palate doles out ripe red cherry, crushed raspberry, clove and white pepper alongside a backbone of polished tannins and fresh acidity.",4.94
184,Palamà 2006 Albarossa Primitivo (Salento),Palamà,Italia meridionale,Salento,Primitivo,2006,87,87-89 Molto buono,18.0,2. Da 15 a 24,Non indicato,Here's a Primitivo from the Salento area of Puglia that doesn't taste as jammy or overripe as many other wines in this category. Spicy tones give the wine more depth and the background fruit layers are bright and fresh.,4.83
185,Palamà 2007 Metiusco Red (Salento),Palamà,Italia meridionale,Salento,Red Blend,2007,87,87-89 Molto buono,21.0,2. Da 15 a 24,Non indicato,"This blend of Negroamaro, Malvasia Nera, Montepulciano and Primitivo sees no oak aging but tastes rich and soft nonetheless. You'll get aromas of blueberry jam, cherry fruit and drying mineral. It's a crisp and clean wine with bright fruit flavors.",4.14
186,Palamà 2012 Arcangelo Primitivo (Salento),Palamà,Italia meridionale,Salento,Primitivo,2012,87,87-89 Molto buono,16.0,2. Da 15 a 24,Kerin O'Keefe,"Aromas of tilled earth, leather, game and spicy plum carry over to the palate with dried blueberry, ground pepper and a hint of licorice. Round but fleeting tannins provide easygoing support.",5.44
187,Pietracupa 2012  Fiano di Avellino,Pietracupa,Italia meridionale,Fiano di Avellino,Fiano,2012,90,90-94 Ottimo,28.0,3. Da 25 a 39,Kerin O'Keefe,"Fragrances suggest exotic fruit, almond and slate. The focused palate delivers juicy citrus, nectarine and pink grapefruit accented with energizing mineral. It's already delicious, but hold until 2016 for more complexity.",3.21
188,Pietraventosa 2016 Est Rosa Rosato (Murgia),Pietraventosa,Italia meridionale,Murgia,Rosato,2016,91,90-94 Ottimo,25.0,3. Da 25 a 39,Kerin O'Keefe,"Made with organically cultivated Primitivo grapes, this has enticing scents of red berry, wild flower, Mediterranean scrub and a whiff of pastry dough. The juicy delicious palate presents succulent morello cherry, raspberry, cinnamon and tangerine drop. It's a",3.64
189,Pirro Varone 2008 Le Vigne Rare Red (Salento),Pirro Varone,Italia meridionale,Salento,Red Blend,2008,87,87-89 Molto buono,21.0,2. Da 15 a 24,Non indicato,"Made using organically farmed fruit, this blend of rare indigenous grapes from Puglia opens with a dusty mineral shading, plus notes of ripe blackberry, prune and cigar box. It is sweet and chewy on the finish.",4.14
190,Rivera 2004 Riserva Il Falcone Red (Castel del Monte),Rivera,Italia meridionale,Castel del Monte,Red Blend,2004,90,90-94 Ottimo,33.0,3. Da 25 a 39,Non indicato,"This 70-30 blend of Nero di Troia and Montepulciano shares some characteristics of a deeply extracted Cabernet Sauvignon. The aromas are thick and penetrating but also have green accents of sage and chopped herbs. It's a nervous, edgy wine that also pulls off ",2.73
191,Rivera 2012 Red (Salice Salentino),Rivera,Italia meridionale,Salice Salentino,Red Blend,2012,87,87-89 Molto buono,13.0,1. Sotto 15,Kerin O'Keefe,"Made with Negroamaro and 10% Malvasia Nera, this straightforward, enjoyable wine offers aromas of wild berry, violet and a whiff of tilled soil. The easy-drinking palate doles out juicy Morello cherry, clove and bitter almond alongside chewy tannins.",6.69
192,Salvatore Molettieri 2004 Vigna Cinque Querce  (Taurasi),Salvatore Molettieri,Italia meridionale,Taurasi,Aglianico,2004,90,90-94 Ottimo,72.0,4. Da 40 a 74,Non indicato,"Taurasi can sometimes be a gritty, raw wine with overdone power and heft. But this expression is soft and yielding thanks to its aromas of blackberry, vanilla, black stone and spice. The tannins are rock-solid and hard. A Marc de Grazia selection, various Amer",1.25
193,San Martino 2008 Kamai  (Aglianico del Vulture),San Martino,Italia meridionale,Aglianico del Vulture,Aglianico,2008,91,90-94 Ottimo,50.0,4. Da 40 a 74,Kerin O'Keefe,"Toast, espresso, mocha, plum and leather aromas lead the nose on this structured wine. The palate offers bracing tannins and succulent Morello cherry and cassis layered with notes of chocolate, licorice, mint and vanilla. Drink after 2018.",1.82
194,Statti 2010 Batasarro Red (Calabria),Statti,Italia meridionale,Calabria,Red Blend,2010,90,90-94 Ottimo,28.0,3. Da 25 a 39,Kerin O'Keefe,"This polished red offers enticing aromas of mature plum, fragrant blue flower, leather and tobacco. The chewy palate is full of juicy wild cherry, black raspberry, cinnamon and licorice alongside soft, silky tannins. There's not much complexity but it's delici",3.21
195,Taverna 2008 Vigna Alta  (Aglianico del Vulture),Taverna,Italia meridionale,Aglianico del Vulture,Aglianico,2008,88,87-89 Molto buono,20.0,2. Da 15 a 24,Kerin O'Keefe,"Here's a structured red from southern Italy with aromas of red and black berries, forest floor and vanilla. The palate delivers ripe raspberry and black cherry along with white pepper, clove and notes of well integrated oak.",4.4
196,Teanum 2010 Otre Nero di Troia (Puglia),Teanum,Italia meridionale,Puglia,Nero di Troia,2010,86,80-86 Buono,17.0,2. Da 15 a 24,Kerin O'Keefe,"Aromas of toast, underbrush and mature plum lead the nose on this medium-bodied red. The palate delivers black cherry, roasted coffee bean, black pepper and grilled herb alongside bracing tannins. The fruit is already dried up so drink this soon.",5.06
197,Tenuta Cavalier Pepe 2012 Terra del Varo Red (Irpinia),Tenuta Cavalier Pepe,Italia meridionale,Irpinia,Red Blend,2012,89,87-89 Molto buono,18.0,2. Da 15 a 24,Kerin O'Keefe,"A blend of 85% Aglianico and 15% Merlot, this has inviting aromas of blackberry and new leather. The dense palate delivers blackberry jam, licorice and a hint of pipe tobacco alongside chewy tannins. Enjoy through 2019.",4.94
198,Tenuta Fujanera 2009 Arrocco Nero di Troia (Puglia),Tenuta Fujanera,Italia meridionale,Puglia,Nero di Troia,2009,86,80-86 Buono,20.0,2. Da 15 a 24,Non indicato,"Spicy and raw, this features tight berry aromas, followed by licorice and rum cake accents. A blast of heat and ripe fruit appears on the finish.",4.3
199,Tenuta Le Querce 2005 Vigna della Corona  (Aglianico del Vulture),Tenuta Le Querce,Italia meridionale,Aglianico del Vulture,Aglianico,2005,91,90-94 Ottimo,86.0,5. 75 e oltre,Non indicato,"Packaged in a massively heavy glass bottle, Vigna della Corona is an important expression of Aglianico that deftly sets a touch of oak-derived against black fruit and prune notes. Savory flavors of wild mushroom, tobacco and smoke give the wine a masculine, br",1.06
200,Tenuta Sarno 1860 2011 Sarno 1860  (Fiano di Avellino),Tenuta Sarno 1860,Italia meridionale,Fiano di Avellino,Fiano,2011,88,87-89 Molto buono,30.0,3. Da 25 a 39,Non indicato,"Huge floral intensity opens the bouquet of this Fiano di Avellino, with notes of honeysuckle, rose and jasmine that are followed by accents of citrus, pear and a touch of rubber. The finish is creamy and soft.",2.93
201,Tenuta Sarno 1860 2015 Pas Dosé  (Fiano di Avellino),Tenuta Sarno 1860,Italia meridionale,Fiano di Avellino,Fiano,2015,85,80-86 Buono,30.0,3. Da 25 a 39,Kerin O'Keefe,"This simple sparkler from Campania opens with subdued acacia and honey aromas. They carry over to the palate, joining yellow apple fruit, brisk acidity and sharp, rather aggressive bubbles. An almond note leaves a bitter finish.",2.83
202,Terra Jovia 2007 Primitivo (Gioia del Colle),Terra Jovia,Italia meridionale,Gioia del Colle,Primitivo,2007,87,87-89 Molto buono,50.0,4. Da 40 a 74,Non indicato,"A pure expression of Primitivo, this shows slightly muddled aromas at first that slowly open to show clear portraits of Indian spice, cherry, ripe blackberry, prune and candied fruit. The finish is round, soft and chewy.",1.74
203,Terre del Principe 2012 Castello delle Femmine Red (Terre del Volturno),Terre del Principe,Italia meridionale,Terre del Volturno,Red Blend,2012,88,87-89 Molto buono,40.0,4. Da 40 a 74,Kerin O'Keefe,"Here's a unique blend of two of Campania's little known grapes, Casavecchia and Pallagrello Nero. It opens with a pretty fragrance of blue flower, ripe berries and spice. The soft, round palate offers red berry and fleshy blackberry accented by cinnamon-toast ",2.2
204,Terredora 2011 Fatica Contadina  (Taurasi),Terredora,Italia meridionale,Taurasi,Aglianico,2011,92,90-94 Ottimo,35.0,3. Da 25 a 39,Kerin O'Keefe,"Forest floor, scorched earth, dark-skinned fruit, menthol and ground clove aromas come together in the glass. On the structured palate, youthfully assertive close-grained tannins support wild cherry, black pepper, licorice and espresso. This is still austere a",2.63
205,Tommasi 2016 Masseria Surani Helios Negroamaro Rosato (Puglia),Tommasi,Italia meridionale,Puglia,Rosato,2016,86,80-86 Buono,13.0,1. Sotto 15,Kerin O'Keefe,"This opens with aromas of Spanish broom and wild berry. On the fresh easygoing palate, zesty acidity supports juicy red cherry and black raspberry. A nectarine note gives it a tangy close.",6.62
206,Tommasone 2007 Biancolella (Ischia),Tommasone,Italia meridionale,Ischia,Biancolella,2007,85,80-86 Buono,26.0,3. Da 25 a 39,Non indicato,"This luminous white (made from the unknown Biancolella grape) from the beautiful island of Ischia offers pretty tones of stone fruit, melon, ripe citrus and almond. It makes an easy, informal impression and has a light, rather lean texture.",3.27
207,Torrevento 2012 Matervitae Primitivo (Puglia),Torrevento,Italia meridionale,Puglia,Primitivo,2012,84,80-86 Buono,10.0,1. Sotto 15,Kerin O'Keefe,"Aromas recall cellar floor, dried black fruit and a hint of black pepper. The palate tastes old, offering prune and clove alongside angular tannins but without much fruit richness.",8.4
208,Torricino 2006 Aglianico (Campania),Torricino,Italia meridionale,Campania,Aglianico,2006,86,80-86 Buono,17.0,2. Da 15 a 24,Non indicato,"Aromas of sweet spice and candied fruit characterize this lean but crisp Aglianico. The wine is not too dense or extracted and offers an easy, no-fuss approach to this hearty variety.",5.06
209,Vadiaperti 2015  Fiano di Avellino,Vadiaperti,Italia meridionale,Fiano di Avellino,Fiano,2015,87,87-89 Molto buono,22.0,2. Da 15 a 24,Kerin O'Keefe,"Delicate toasted hazelnut, honey and pressed yellow flower aromas fill the glass. On the linear palate, a light nutty note accents lemon zest and stony mineral flavors.",3.95
210,Vadiaperti 2015 Aipierti  (Fiano di Avellino),Vadiaperti,Italia meridionale,Fiano di Avellino,Fiano,2015,88,87-89 Molto buono,38.0,3. Da 25 a 39,Kerin O'Keefe,"This has a rather subdued nose, while the palate offers citrus, pear and chopped herb notes. It's elegant and linear but a bit lean, with an energizing mineral finish.",2.32
211,Valle dell'Asso 2007 Rosato Negroamaro (Galatina),Valle dell'Asso,Italia meridionale,Galatina,Negroamaro,2007,85,80-86 Buono,16.0,2. Da 15 a 24,Non indicato,This a pretty and neutral smelling Negroamaro rosé from Puglia with a slightly amber hue to its color and aromas of mineral and mature peach. It has a fresh and vibrant feel with lively berry flavors and a crisp close.,5.31
212,Varvaglione Vigne & Vini 2012 Cardinale Linea Oro  (Primitivo di Manduria),Varvaglione Vigne & Vini,Italia meridionale,Primitivo di Manduria,Primitivo,2012,86,80-86 Buono,35.0,3. Da 25 a 39,Kerin O'Keefe,"Aromas of roasted coffee bean, coconut and plum cake lead the nose on this dense wine. The extracted palate offers prune, oak, espresso, dried black fruit and licorice alongside astringent tannins that leave a bitter finish. There's not enough fruit richness t",2.46
213,Vetrère 2011 Cré Vendemmia Tardiva Fiano (Salento),Vetrère,Italia meridionale,Salento,Fiano,2011,84,80-86 Buono,20.0,2. Da 15 a 24,Non indicato,"This is a sweet and thin dessert wine with aromas of peach, pear and honey that are muddled at times. The price is pretty good, however, for those who want to try a late harvest Fiano Minutolo.",4.2
214,Villa Matilde 2003 Red (Falerno del Massico),Villa Matilde,Italia meridionale,Falerno del Massico,Red Blend,2003,89,87-89 Molto buono,21.0,2. Da 15 a 24,Non indicato,"Aglianico and Piedirosso grapes are blended to produce a thick and broad wine with an inky black color and notes of very ripe red fruit. It has a sweet, chewy aspect with vibrant, albeit densely extracted fruit and soaring tannins. Try it with a beef stew or s",4.24
215,Villa Matilde 2007 Falanghina (Falerno del Massico),Villa Matilde,Italia meridionale,Falerno del Massico,Falanghina,2007,87,87-89 Molto buono,23.0,2. Da 15 a 24,Non indicato,This is a gorgeous white wine (100% Falanghina) that is generous in terms of its bouquet but compact and streamlined at the same time. The mouthfeel is smooth and crisp and is accented by creamy peach flavors.,3.78
216,Villa Raiano 2011  Falanghina del Beneventano,Villa Raiano,Italia meridionale,Falanghina del Beneventano,Falanghina,2011,87,87-89 Molto buono,24.0,2. Da 15 a 24,Non indicato,"A fragrant Falanghina, this opens with a bright flower aroma, followed by honey and peach notes. There are touches of citrus and spice on the finish.",3.62
217,Cantine Lunae Bosoni 2006 Etichetta Grigia Vermentino (Colli di Luni),Cantine Lunae Bosoni,Italia nord-occidentale,Colli di Luni,Vermentino,2006,86,80-86 Buono,18.0,2. Da 15 a 24,Non indicato,"This is a very pretty expression of Vermentino from northwest Italy with fresh notes of citrus, honey, grapefruit and stone fruit. The wine is light and easy, with lean crispness and a fresh note of spice on the close.",4.78
218,Cantine Lunae Bosoni 2007 Etichetta Grigia Vermentino (Colli di Luni),Cantine Lunae Bosoni,Italia nord-occidentale,Colli di Luni,Vermentino,2007,86,80-86 Buono,18.0,2. Da 15 a 24,Non indicato,"Vermentino is a native grape of Italy that offers fresh tones of chopped basil, lime and stone fruit. This expression is no exception and the wine is well suited for light lunches of pasta or chicken salad.",4.78
219,Cantine Lunae Bosoni 2009 Grey Label Vermentino (Colli di Luni),Cantine Lunae Bosoni,Italia nord-occidentale,Colli di Luni,Vermentino,2009,87,87-89 Molto buono,20.0,2. Da 15 a 24,Non indicato,"This Vermentino opens with a dense, creamy structure and offers fragrant tones of ripe fruit, apricot, pear and a touch of exotic spice. Pair this wine with baked salmon or halibut.",4.35
220,Cave du Vin Blanc de Morgex et de la Salle 2011 Extreme Metodo Classico Prié Blanc (Valle d'Aosta),Cave du Vin Blanc de Morgex et de la Salle,Italia nord-occidentale,Valle d'Aosta,Prié Blanc,2011,88,87-89 Molto buono,28.0,3. Da 25 a 39,Kerin O'Keefe,"Made with native grape Prié blanc grown in high vineyards in Valle d'Aosta, this lively sparkler offers a pretty fragrance of hawthorn flower and nectarine peel. The fresh, refined palate doles out citrus, tart green apple and white almond alongside steely bub",3.14
221,Cave du Vin Blanc de Morgex et de la Salle 2013 Vini Estremi Blanc de Morgex e de La Salle Prié Blanc (Valle d'Aosta),Cave du Vin Blanc de Morgex et de la Salle,Italia nord-occidentale,Valle d'Aosta,Prié Blanc,2013,88,87-89 Molto buono,22.0,2. Da 15 a 24,Kerin O'Keefe,"Aromas of white flower, citrus, pineapple, crushed rock and tinge of medicinal herb lead the nose on this vibrant white. The vertical palate offers green apple, lemon-lime and mineral that follow through to the white almond finish. It's linear and balanced tha",4.0
222,Cave du Vin Blanc de Morgex et de la Salle 2013 Tradizionale Blanc de Morgex et de La Salle Prié Blanc (Valle d'Aosta),Cave du Vin Blanc de Morgex et de la Salle,Italia nord-occidentale,Valle d'Aosta,Prié Blanc,2013,89,87-89 Molto buono,20.0,2. Da 15 a 24,Kerin O'Keefe,"From what are considered as the highest vineyards in Europe, this vibrant, elegant white reveals lovely fragrances of honeysuckle, jasmine and alpine herb. The linear palate delivers yellow apple, citrus, thyme and a hint of mineral alongside brisk acidity.",4.45
223,Cave du Vin Blanc de Morgex et de la Salle 2013 Rayon Blanc de Morgex et de La Salle Prié Blanc (Valle d'Aosta),Cave du Vin Blanc de Morgex et de la Salle,Italia nord-occidentale,Valle d'Aosta,Prié Blanc,2013,89,87-89 Molto buono,23.0,2. Da 15 a 24,Kerin O'Keefe,"Honeysuckle, chamomile, pear and passion fruit aromas meld together in the glass. The palate offers pear, apricot, nectarine peel and a touch of tropical fruit alongside brisk acidity. It closes on an almond note.",3.87
224,Caves Cooperatives de Donnas 2010 Donnas Red (Valle d'Aosta),Caves Cooperatives de Donnas,Italia nord-occidentale,Valle d'Aosta,Red Blend,2010,90,90-94 Ottimo,25.0,3. Da 25 a 39,Kerin O'Keefe,"This ruby-red wine presents an enticing bouquet of strawberry, rose, flint and a whiff of smoke. The silky palate offers bright red cherry, crushed strawberry, mineral and white pepper. It's elegant and well balanced, with supple tannins and bright acidity. Dr",3.6
225,Colle dei Bardellini 2011 Pigato (Riviera Ligure di Ponente),Colle dei Bardellini,Italia nord-occidentale,Riviera Ligure di Ponente,Pigato,2011,84,80-86 Buono,23.0,2. Da 15 a 24,Non indicato,"Here's a crisp and perky white wine from the largely unexplored wine region of Liguria in northern Italy. It offers easy aromas of citrus, apple and brimstone.",3.65
226,Les Crêtes 2011 Chardonnay (Valle d'Aosta),Les Crêtes,Italia nord-occidentale,Valle d'Aosta,Chardonnay,2011,88,87-89 Molto buono,38.0,3. Da 25 a 39,Non indicato,Here's a balanced and bright Chardonnay from a cool climate region in northern Italy that shows crisp aromas of peach and citrus followed by light shadings of spice and bitter almond. The wine is silky and smooth with more citrus on the close.,2.32
227,Abbazia di Novacella 2009 Praepositus Grüner Veltliner (Alto Adige),Abbazia di Novacella,Italia nord-orientale,Alto Adige,Grüner Veltliner,2009,87,87-89 Molto buono,28.0,3. Da 25 a 39,Non indicato,"This opens with bold aromas of Golden Delicious apple, vanilla, yellow rose, pear and white almond. The mouthfeel is oily and dense, with a touch of sweet spice.",3.11
228,Abbazia di Novacella 2009 Praepositus  Passito Kerner (Alto Adige),Abbazia di Novacella,Italia nord-orientale,Alto Adige,Kerner,2009,88,87-89 Molto buono,44.0,4. Da 40 a 74,Non indicato,"Aged only in stainless steel, this brilliantly maintains its fresh fruit characteristics. Tree-ripened peach and Golden Delicious apple notes give this wine natural sweetness that isn't overboard or too heavy.",2.0
229,Abbazia di Novacella 2012 Praepositus Sylvaner (Alto Adige Valle Isarco),Abbazia di Novacella,Italia nord-orientale,Alto Adige Valle Isarco,Sylvaner,2012,88,87-89 Molto buono,30.0,3. Da 25 a 39,Kerin O'Keefe,"Aromas recall fragrant spring flowers, white tree fruit and mineral. The linear palate delivers ripe pear and juicy yellow apple while fragrant herbs and mineral add depth.",2.93
230,Abbazia di Novacella 2013 Praepositus Kerner (Alto Adige Valle Isarco),Abbazia di Novacella,Italia nord-orientale,Alto Adige Valle Isarco,Kerner,2013,92,90-94 Ottimo,25.0,3. Da 25 a 39,Kerin O'Keefe,"This opens with alluring aromas of acacia, apricot, citrus and alpine herb. The linear, elegant palate offers juicy yellow peach, lemon zest, mint and hazelnut alongside crisp acidity.",3.68
231,Abbazia di Novacella 2014 Sauvignon (Alto Adige Valle Isarco),Abbazia di Novacella,Italia nord-orientale,Alto Adige Valle Isarco,Sauvignon,2014,90,90-94 Ottimo,20.0,2. Da 15 a 24,Kerin O'Keefe,"Polished and crisp, this offers enticing scents of cut grass, gooseberry, tomato vine and a whiff of green bell pepper. The racy palate offers peach, juicy nectarine, grapefruit and mineral alongside a backbone of vibrant acidity.",4.5
232,Abbazia di Novacella 2014 Praepositus Kerner (Alto Adige Valle Isarco),Abbazia di Novacella,Italia nord-orientale,Alto Adige Valle Isarco,Kerner,2014,91,90-94 Ottimo,25.0,3. Da 25 a 39,Kerin O'Keefe,"Fragrant and polished, this radiant wine offers enticing scents of elderflower, yellow peach and aromatic herb. The elegantly structured palate delivers apricot, nectarine zest and a hint of white pepper, all framed in vibrant acidity.",3.64
233,Abbazia di Novacella 2015 Sylvaner (Alto Adige Valle Isarco),Abbazia di Novacella,Italia nord-orientale,Alto Adige Valle Isarco,Sylvaner,2015,90,90-94 Ottimo,20.0,2. Da 15 a 24,Kerin O'Keefe,"Yellow apple and yellow pear aromas follow through to the round, juicy palate, along with citrus and Alpine herb notes. Fresh acidity lifts the rich flavors while a flinty mineral note backs up the lingering finish.",4.5
234,Abbazia di Novacella 2015 Praepositus Kerner (Alto Adige),Abbazia di Novacella,Italia nord-orientale,Alto Adige,Kerner,2015,95,95-100 Eccezionale,25.0,3. Da 25 a 39,Kerin O'Keefe,"You'll need to swirl the glass a few times to release the enticing scents of yellow stone fruit, Alpine herb and an intriguing smoky note. The savory vibrant palate is more expressive, delivering layers of crunchy green apple, zesty tangerine and juicy yellow ",3.8
235,Abbazia di Novacella 2015 Pinot Nero (Alto Adige),Abbazia di Novacella,Italia nord-orientale,Alto Adige,Pinot Nero,2015,91,90-94 Ottimo,21.0,2. Da 15 a 24,Kerin O'Keefe,"This 100% Pinot Nero offers enticing aromas of fragrant blue flower, wild red berry and a whiff of baking spice. The sleek savory palate delivers raspberry, green tea, graphite and a white pepper note. Fresh acidity and firm but refined tannins provide balance",4.33
236,Alois Lageder 2006 Lindenburg Lagrein (Alto Adige),Alois Lageder,Italia nord-orientale,Alto Adige,Lagrein,2006,89,87-89 Molto buono,40.0,4. Da 40 a 74,Non indicato,Lagrein is an indigenous grape of the far north of Italy that remains deeply rooted in the hearts and history of the people who live there. This expression by the super-fussy and meticulous Alois Lageder shows beautiful harmony and bright fruit aromas followed,2.22
237,Alois Lageder 2008 Haberle Pinot Bianco (Alto Adige),Alois Lageder,Italia nord-orientale,Alto Adige,Pinot Bianco,2008,89,87-89 Molto buono,20.0,2. Da 15 a 24,Non indicato,"Alois Lageder always presents beautifully crafted wines that are perfect from a technical point of view but also show loads of territory-driven personality. This structured Pinot Bianco is ripe with peach and melon aromas and shows creamy, vanilla like tones o",4.45
238,Altùris 2011 Pinot Grigio (Venezia Giulia),Altùris,Italia nord-orientale,Venezia Giulia,Pinot Grigio,2011,86,80-86 Buono,11.0,1. Sotto 15,Non indicato,"This is a value white, with fresh tones of citrus, pear and stone fruit. Zesty crispness marks the finish, making it perfect for smoked salmon with cream cheese.",7.82
239,Anselmi 2001 Capitel Croce White (Delle Venezie),Anselmi,Italia nord-orientale,Delle Venezie,White Blend,2001,91,90-94 Ottimo,18.0,2. Da 15 a 24,Roger Voss,"Roberto Anselmi has quit the Soave DOC, but continues to make some of the best wines in the area. This is full of ripe and light acidity, aromas of spring flowers and fresh garden scents and a finish of aniseed and almonds.",5.06
240,Antonutti 2013 Traminer (Friuli Grave),Antonutti,Italia nord-orientale,Friuli Grave,Traminer,2013,87,87-89 Molto buono,17.0,2. Da 15 a 24,Kerin O'Keefe,"This opens with aromas of white rose and lavender. The refreshing palate delivers white peach, juicy citrus and accents of sage and rosemary. It's balanced with bright acidity.",5.12
241,Ascevi Luwa 2011 Ronco dei Vignali Pinot Grigio (Collio),Ascevi Luwa,Italia nord-orientale,Collio,Pinot Grigio,2011,86,80-86 Buono,19.0,2. Da 15 a 24,Non indicato,"Ronco dei Vignali opens with exotic fruit, fragrant nectarine, papaya and lemongrass on the finish. The bouquet is very beautiful and the mouthfeel is tame and understated in comparison.",4.53
242,Attems 2013 Ramato Pinot Grigio (Venezia Giulia),Attems,Italia nord-orientale,Venezia Giulia,Pinot Grigio,2013,89,87-89 Molto buono,20.0,2. Da 15 a 24,Kerin O'Keefe,"This copper-colored wine, the result of extended contact between the just-pressed juice and the grape skins, opens with pretty aromas of wildflower, stone fruit and an herbal note. The savory palate delivers juicy apple, peach, pink grapefruit and a mineral ac",4.45
243,Bollini 2008 Pinot Grigio (Trentino),Bollini,Italia nord-orientale,Trentino,Pinot Grigio,2008,86,80-86 Buono,14.0,1. Sotto 15,Non indicato,"Bollini Pinot Grigio offers satisfying sensations of crisp lemon, stone fruit and melon. The wine is slightly sweet in the mouth and fills in the rear with pretty floral and fruit flavors. Pair it with finger foods and appetizers. With almost 200,000 cases mad",6.14
244,Borgo Conventi 2014 Sauvignon (Collio),Borgo Conventi,Italia nord-orientale,Collio,Sauvignon,2014,87,87-89 Molto buono,15.0,2. Da 15 a 24,Kerin O'Keefe,"Aromas of hay, tomato leaf and medicinal herb lead the nose and follow over to the racy palate together with grapefruit, lemon drop and mineral. It's linear, with bracing acidity.",5.8
245,Borgo Magredo 2007 Pinot Grigio (Friuli Grave),Borgo Magredo,Italia nord-orientale,Friuli Grave,Pinot Grigio,2007,85,80-86 Buono,14.0,1. Sotto 15,Non indicato,"A luminous and well-executed Grigio with aromas of stone fruit and citrus, this refreshing wine would make an excellent companion to spicy Indian food. It's watery and lean in the mouth with palate-cleaning freshness.",6.07
246,Bortoluzzi 2001 Pinot Grigio (Isonzo del Friuli),Bortoluzzi,Italia nord-orientale,Isonzo del Friuli,Pinot Grigio,2001,87,87-89 Molto buono,15.0,2. Da 15 a 24,Joe Czerwinski,"An open-knit, friendly nose features lots of nectarine and ripe apple scents. Medium-weight, with plenty of stone fruit on the palate, it finishes with a cleansing burst of peppery spice. Try as an apéritif.",5.8
247,Bortoluzzi 2007 Friulano (Collio),Bortoluzzi,Italia nord-orientale,Collio,Friulano,2007,87,87-89 Molto buono,21.0,2. Da 15 a 24,Non indicato,Bortoluzzi's Friulano is fresh and immediate with a nice level of aromatic intensity. The wine delivers peach blossom and vanilla bean over a creamy and rich consistency. It lasts long on the palate with spicy crispness on the close.,4.14
248,Bortoluzzi 2007 Sauvignon (Venezia Giulia),Bortoluzzi,Italia nord-orientale,Venezia Giulia,Sauvignon,2007,87,87-89 Molto buono,21.0,2. Da 15 a 24,Non indicato,"Bortoluzzi's Sauvignon is a fragrant and crisp wine with pretty aromas of exotic fruit, chopped herbs and drying minerals. The mouthfeel is lean and smooth and the wine delivers a pinch of tangy spice on the close.",4.14
249,Cabert 2007 Chardonnay (Friuli Grave),Cabert,Italia nord-orientale,Friuli Grave,Chardonnay,2007,84,80-86 Buono,9.0,1. Sotto 15,Non indicato,"Here's a light, easy Chardonnay from Friuli in Northern Italy that offers measured aromatic intensity and notes of stone fruit, flowers and white mineral. The wine would wash down an easy salad thanks to its lean consistency and fresh finish.",9.33
250,Cabert 2014 Pinot Grigio (Friuli Grave),Cabert,Italia nord-orientale,Friuli Grave,Pinot Grigio,2014,85,80-86 Buono,10.0,1. Sotto 15,Kerin O'Keefe,"Simple and refreshing, this opens with a light floral fragrance and a whiff of pear. The easy palate offers tart green apple and a citrus note alongside bright acidity.",8.5
251,Caldaro 2013 Campaner Schiava (Alto Adige),Caldaro,Italia nord-orientale,Alto Adige,Schiava,2013,88,87-89 Molto buono,18.0,2. Da 15 a 24,Kerin O'Keefe,"Aromas of violet and red currant waft from the glass. The fresh, juicy palate delivers wild cherry, strawberry and an herbal note alongside bright acidity and soft tannins. It finishes with an almond accent.",4.89
252,Canaletto 2011 Pinot Grigio (Delle Venezie),Canaletto,Italia nord-orientale,Delle Venezie,Pinot Grigio,2011,85,80-86 Buono,9.0,1. Sotto 15,Non indicato,"Redolent of fresh citrus, peach, pear and fragrant white flower, this is a wine to drink on a hot summer day by the pool.",9.44
253,Cantarutti 2010 Pinot Grigio (Colli Orientali del Friuli),Cantarutti,Italia nord-orientale,Colli Orientali del Friuli,Pinot Grigio,2010,88,87-89 Molto buono,25.0,3. Da 25 a 39,Non indicato,"Bold and structured, this is fragrant of yellow rose, stone fruit and honeydew. The wine's creamy finish delivers a bold, chewy softness.",3.52
254,Cantina Produttori San Michele Appiano 2011 Sanct Valentin Pinot Nero (Alto Adige),Cantina Produttori San Michele Appiano,Italia nord-orientale,Alto Adige,Pinot Nero,2011,89,87-89 Molto buono,48.0,4. Da 40 a 74,Kerin O'Keefe,"Aromas of dried rose, violet and red berry meld together in the glass. The refined palate offers dried cherry, light toast, mineral and a hint of spice alongside soft, supple tannins.",1.85
255,Cantina Produttori San Michele Appiano 2012 Montiggl Riesling (Alto Adige),Cantina Produttori San Michele Appiano,Italia nord-orientale,Alto Adige,Riesling,2012,91,90-94 Ottimo,20.0,2. Da 15 a 24,Kerin O'Keefe,"This dry Riesling boasts intense apricot, yellow peach, citrus and smoky mineral sensations. The rich but polished palate is restrained by crisp acidity that leaves the mouth feeling fresh and clean.",4.55
256,Cantina Terlano 2001 Lunare Gewürztraminer (Alto Adige),Cantina Terlano,Italia nord-orientale,Alto Adige,Gewürztraminer,2001,87,87-89 Molto buono,43.0,4. Da 40 a 74,Joe Czerwinski,"From one sniff, you know this is Gewürz, its rose-petal and lychee aromas erupting out of the glass. But the flavors are less expansive, picking up notes of peppery spice on the finish.",2.02
257,Cantina Terlano 2002 Pinot Bianco (Alto Adige),Cantina Terlano,Italia nord-orientale,Alto Adige,Pinot Bianco,2002,91,90-94 Ottimo,16.0,2. Da 15 a 24,Joe Czerwinski,"Imagine aromas of the ripest pink grapefruit combined with beautiful floral notes. Then tropical fruit flavors chime in on the palate, which is satisfyingly full, yet not heavy. This is an intense and individualistic wine possibly best served as an apéritif. E",5.69
258,Cantina Terlano 2013 Quarz Sauvignon (Alto Adige Terlano),Cantina Terlano,Italia nord-orientale,Alto Adige Terlano,Sauvignon,2013,91,90-94 Ottimo,65.0,4. Da 40 a 74,Kerin O'Keefe,"Tomato vine, mango, pink grapefruit and papaya aromas take center stage and carry over to the elegant palate along with notes of flint, chopped mint and sage. Lively acidity carries the fruit and herb flavors while a saline note closes the tangy finish.",1.4
259,Cantina Terlano 2014 Pinot Bianco (Alto Adige),Cantina Terlano,Italia nord-orientale,Alto Adige,Pinot Bianco,2014,86,80-86 Buono,22.0,2. Da 15 a 24,Kerin O'Keefe,"Delicate aromas of wildflower, citrus and an apple orchard just before the harvest float from the glass on this luminous wine. The crisp, rather lean palate offers notes of pear and flinty mineral alongside racy acidity.",3.91
260,Cantina Tramin 2002 Pinot Grigio (Alto Adige),Cantina Tramin,Italia nord-orientale,Alto Adige,Pinot Grigio,2002,86,80-86 Buono,13.0,1. Sotto 15,Roger Voss,"A full-bodied, rounded wine with some good crisp acidity to balance. It has flavors of pears and some spice, leaving an attractive fresh feel in the mouth.",6.62
261,Cantina di Soave 2011 Re Midas Corvina (Venezie),Cantina di Soave,Italia nord-orientale,Venezie,Corvina,2011,86,80-86 Buono,10.0,1. Sotto 15,Non indicato,"Easy and bright, this fresh expression of Corvina offers tight aromas of raspberry and blueberry with light touches of spice and sweet almond. This is a terrific value wine to drink at home with the family with lasagna or pasta.",8.6
262,Castel Sallegg 2014 Leisen Sauvignon (Alto Adige),Castel Sallegg,Italia nord-orientale,Alto Adige,Sauvignon,2014,86,80-86 Buono,20.0,2. Da 15 a 24,Kerin O'Keefe,"Subdued aromas of yellow stone fruit and a whiff of cut grass lead the nose. The linear, rather slender palate shows grapefruit, tomato leaf and lime alongside brisk acidity.",4.3
263,Castelfeder 2010 15er Pinot Grigio (Alto Adige),Castelfeder,Italia nord-orientale,Alto Adige,Pinot Grigio,2010,85,80-86 Buono,15.0,2. Da 15 a 24,Non indicato,"There's a chalky, almost sweet element to the mouthfeel that recalls Pez candy or lemon soda. The fruit aromas are bright, intense and make up for the streamlined mouthfeel.",5.67
264,Castelfeder 2011 Burgum Novum Riserva Lagrein (Alto Adige),Castelfeder,Italia nord-orientale,Alto Adige,Lagrein,2011,89,87-89 Molto buono,43.0,4. Da 40 a 74,Kerin O'Keefe,"This opens with aromas suggesting dark-skinned berry, ground pepper and a whiff of flint. The solid, chewy palate shows mature plum, espresso and vanilla alongside ripe, robust tannins. Drink through 2018.",2.07
265,Castellarin 2001 Pinot Grigio (Delle Venezie),Castellarin,Italia nord-orientale,Delle Venezie,Pinot Grigio,2001,86,80-86 Buono,8.0,1. Sotto 15,Joe Czerwinski,"A slight spritz brightens the mouthfeel of this lemony wine. Aromas are a bit musky, but flavors of peach and lemon are correct, and the finish is harmoniously tart; mouth-watering and with a hint of almond. Best Buy.",10.75
266,Cembra 2013 Pinot Grigio (Trentino),Cembra,Italia nord-orientale,Trentino,Pinot Grigio,2013,87,87-89 Molto buono,13.0,1. Sotto 15,Kerin O'Keefe,"Aromas of banana, wisteria and green pear lead the nose on this refreshing white. The bright, juicy palate offers tart Granny Smith apple and citrus zest alongside tangy acidity.",6.69
267,Collavini 2014 Friulano (Collio),Collavini,Italia nord-orientale,Collio,Friulano,2014,87,87-89 Molto buono,20.0,2. Da 15 a 24,Kerin O'Keefe,"This lively white offers aromas of fragrant white flower, orchard fruit and crushed stone. The vibrant, linear palate delivers Anjou pear, citrus and an almond note alongside firm acidity.",4.35
268,Colterenzio 2009 Lafòa Sauvignon (Alto Adige),Colterenzio,Italia nord-orientale,Alto Adige,Sauvignon,2009,91,90-94 Ottimo,49.0,4. Da 40 a 74,Non indicato,"Lafòa is one of the best expressions of Sauvignon from Italy. Careful fruit selection and oak aging create a wine that is important aromatically, as well as structurally. Pristine flavors of citrus, peach and honeysuckle are backed by a creamy feel and a touch",1.86
269,Colterenzio 2010 Lafòa Sauvignon (Alto Adige),Colterenzio,Italia nord-orientale,Alto Adige,Sauvignon,2010,91,90-94 Ottimo,42.0,4. Da 40 a 74,Non indicato,"This is a gorgeous expression of Sauvignon that boasts enormous focus and precision in terms of its aromatic delivery. It has notes of citrus, almond, tomato leaf, dried basil and exotic fruit. The mouthfeel is solid in structure and refreshingly crisp on the ",2.17
270,Colterenzio 2014 Puiten Pinot Grigio (Alto Adige),Colterenzio,Italia nord-orientale,Alto Adige,Pinot Grigio,2014,88,87-89 Molto buono,23.0,2. Da 15 a 24,Kerin O'Keefe,"Aromas of orchard fruit, nut and a light whiff of toast lift from the glass. The medium-bodied, straightforward palate offers pear, apple and a note of lemon drop. Vibrant acidity gives it a clean finish.",3.83
271,Colutta 2013 Sauvignon (Colli Orientali del Friuli),Colutta,Italia nord-orientale,Colli Orientali del Friuli,Sauvignon,2013,87,87-89 Molto buono,20.0,2. Da 15 a 24,Kerin O'Keefe,"Crisp and steely, it has aromas of freshly cut grass, hay and tropical fruit. The palate delivers white grapefruit, pineapple and white peach lightly accented with aromatic herbs. Pair with pasta topped with pesto.",4.35
272,Comelli 2010 Sauvignon (Colli Orientali del Friuli),Comelli,Italia nord-orientale,Colli Orientali del Friuli,Sauvignon,2010,87,87-89 Molto buono,16.0,2. Da 15 a 24,Non indicato,"The wonderful thing about Sauvignon from Friuli (in northeast Italy) is that environmental factors like soil, temperature and geography, give the variety more heft and density than you might find elsewhere. This expression shows the grape's characteristic arom",5.44
273,Comelli 2012 Sauvignon (Colli Orientali del Friuli),Comelli,Italia nord-orientale,Colli Orientali del Friuli,Sauvignon,2012,90,90-94 Ottimo,20.0,2. Da 15 a 24,Kerin O'Keefe,"It delivers classic varietal aromas of tomato leaf, cut grass, hay and citrus. The crisp palate delivers juicy grapefruit, cantaloupe, exotic fruit and mineral alongside lively acidity that leaves a pristine finish.",4.5
274,Costaripa 2008 Castelline  (Garda Classico),Costaripa,Italia nord-orientale,Garda Classico,Groppello,2008,87,87-89 Molto buono,23.0,2. Da 15 a 24,Non indicato,"There's a lot of excitement surrounding the little-know Groppello grape that is a native of northern Italy. The variety delivers freshness and fruity intensity: This expression is extremely clean, polished and food-friendly.",3.78
275,Ecco Domani 2011 Collezione Pinot Grigio (Delle Venezie),Ecco Domani,Italia nord-orientale,Delle Venezie,Pinot Grigio,2011,86,80-86 Buono,12.0,1. Sotto 15,Non indicato,"Ecco Domani delivers consistent, easy-drinking wines that work well on informal occasions, but don't necessarily offer personality or territorial typicity. But we don't always want intellectual wines. If you are hankering for bright citrus and peach with mouth",7.17
276,Elena Walch 2002 Pinot Grigio (Alto Adige),Elena Walch,Italia nord-orientale,Alto Adige,Pinot Grigio,2002,85,80-86 Buono,12.0,1. Sotto 15,Roger Voss,"This is an elegant, smooth wine with fresh clean fruit aromas. It has crispness, concentration and just a hint of spice.",7.08
277,Elena Walch 2002 Castel Ringberg Chardonnay (Alto Adige),Elena Walch,Italia nord-orientale,Alto Adige,Chardonnay,2002,86,80-86 Buono,18.0,2. Da 15 a 24,Roger Voss,"This unoaked Chardonnay has ripe, creamy fruit, along with acidity that seems typical of the 2002 vintage. Elegant and lively, with nice crispness.",4.78
278,Elena Walch 2004 Castel Ringberg Riserva Chardonnay (Alto Adige),Elena Walch,Italia nord-orientale,Alto Adige,Chardonnay,2004,92,90-94 Ottimo,34.0,3. Da 25 a 39,Non indicato,"If you love Italy and love elegantly oaked Chardonnay, this is your wine. Deep gold in color, Elena Walch delivers generous notes of apple, nut, spring flowers over lavish honey aromas. Opulent, modern and seductively smooth in the mouth, pair it with butter s",2.71
279,Elena Walch 2004 Beyond the Clouds White (Alto Adige),Elena Walch,Italia nord-orientale,Alto Adige,White Blend,2004,90,90-94 Ottimo,36.0,3. Da 25 a 39,Non indicato,"Put your nose to the glass and you will be rewarded with extreme floral fragrances that suggest naturally aromatic grapes are used over a Chard base. Ultimately, this is a very feminine, lady-like wine busting with white flowers and naturally sweet aromas.",2.5
280,Elena Walch 2009 Castel Ringberg Sauvignon (Alto Adige),Elena Walch,Italia nord-orientale,Alto Adige,Sauvignon,2009,90,90-94 Ottimo,36.0,3. Da 25 a 39,Non indicato,"Vintner Elena Walch offers this fine Sauvignon that shows the best of northern Italian winemaking. Crisp, clean and cheerfully fragrant of passion fruit and wild flower, this wine is layered and fresh at the same time.",2.5
281,Elena Walch 2015 Kastelaz Gewürztraminer (Alto Adige),Elena Walch,Italia nord-orientale,Alto Adige,Gewürztraminer,2015,89,87-89 Molto buono,35.0,3. Da 25 a 39,Kerin O'Keefe,"Made entirely with Gewürtztraminer, this opens with aromas of rose petal and tropical fruit. The full-bodied rich palate is loaded with ripe tropical fruit, apricot, acacia honey and candied ginger alongside the warmth of alcohol.",2.54
282,Endrizzi 2009 Pian Castello Rosé Metodo Classico Pinot Nero (Trento),Endrizzi,Italia nord-orientale,Trento,Pinot Nero,2009,88,87-89 Molto buono,29.0,3. Da 25 a 39,Kerin O'Keefe,"Toasted aromas, oak and a whiff of woodland berry lead the nose. The bright palate offers strawberry, bread crust, toasted hazelnut and a hint of graphite alongside a silky perlage. Enjoy soon.",3.03
283,Erste Neue 2011 Sauvignon (Alto Adige),Erste Neue,Italia nord-orientale,Alto Adige,Sauvignon,2011,88,87-89 Molto buono,18.0,2. Da 15 a 24,Non indicato,"This is a gorgeous Sauvignon from northern Italy that demonstrates true varietal characteristics of exotic fruit, citrus and tomato leaf. The mouthfeel is sharply etched and crisp with a very tonic and steely feel.",4.89
284,Fantinel 2010 Vigneti Sant'Helena Pinot Grigio (Collio),Fantinel,Italia nord-orientale,Collio,Pinot Grigio,2010,88,87-89 Molto buono,22.0,2. Da 15 a 24,Non indicato,"This vineyard-designate Pinot Grigio is nicely executed, with aromas of creamy vanilla, apricot and melon. There's a fragrant touch of yellow rose and even a note of exotic spice that fills in the finish.",4.0
285,Fantinel 2014 Tenuta Sant'Elena Sauvignon (Collio),Fantinel,Italia nord-orientale,Collio,Sauvignon,2014,88,87-89 Molto buono,23.0,2. Da 15 a 24,Kerin O'Keefe,"Fragrant white flower, honeydew melon, tomato vine and hay aromas all come together in the glass. The vibrant palate shows pink grapefruit and tangerine alongside a vein of mineral.",3.83
286,Fantinel 2014 Tenuta Sant'Elena Pinot Grigio (Collio),Fantinel,Italia nord-orientale,Collio,Pinot Grigio,2014,87,87-89 Molto buono,23.0,2. Da 15 a 24,Kerin O'Keefe,"Delicate but enticing aromas of white peach and wisteria float from the glass. The lively, linear palate shows Granny Smith apple, Kaiser pear, citrus zest and a ginger note alongside crisp-almost crackling-acidity.",3.78
287,Ferrari 2002 Perlè Chardonnay (Trento),Ferrari,Italia nord-orientale,Trento,Chardonnay,2002,91,90-94 Ottimo,50.0,4. Da 40 a 74,Non indicato,"Creamy and yeasty, this luminous Chardonnay-based sparkler delivers aroma of mature peach and apricot backed by almond nut and butter. The wine has the heft and staying power to pair with shellfish or lobster.",1.82
288,Ferruccio Sgubin 2015 Ribolla Gialla (Collio),Ferruccio Sgubin,Italia nord-orientale,Collio,Ribolla Gialla,2015,88,87-89 Molto buono,12.0,1. Sotto 15,Kerin O'Keefe,"Made entirely with Ribolla Gialla, this has aromas of Abate Fetel pear and white spring flower. The fresh savory palate offers yellow peach, lemon zest and a pleasant note of bitter almond alongside bright acidity.",7.33
289,Ferruccio Sgubin 2015 Sauvignon (Collio),Ferruccio Sgubin,Italia nord-orientale,Collio,Sauvignon,2015,87,87-89 Molto buono,12.0,1. Sotto 15,Kerin O'Keefe,"Hay, tomato vine and grilled herb aromas follow through to the linear, structured palate, along with a citrusy note of grapefruit and a hint of white stone fruit. Fresh acidity lends a clean finish.",7.25
290,Franz Haas 2009 Pinot Nero (Alto Adige),Franz Haas,Italia nord-orientale,Alto Adige,Pinot Nero,2009,89,87-89 Molto buono,50.0,4. Da 40 a 74,Non indicato,"Elegant, spicy and fresh, this shows tones of wild berry, forest floor, chopped herb and mint. The mouthfeel is silky, clean and easy.",1.78
291,Franz Haas 2011 Schweizer Pinot Nero (Alto Adige),Franz Haas,Italia nord-orientale,Alto Adige,Pinot Nero,2011,88,87-89 Molto buono,68.0,4. Da 40 a 74,Kerin O'Keefe,"Aromas recall red berry, toast and savory herb. The palate delivers sour cherry, oregano and beet alongside firm tannins that leave a drying finish.",1.29
292,Furlan 2000 Castelcosa Sauvignon Blanc (Friuli Venezia Giulia),Furlan,Italia nord-orientale,Friuli Venezia Giulia,Sauvignon Blanc,2000,84,80-86 Buono,12.0,1. Sotto 15,Joe Czerwinski,"A simple, citrusy quaff that leans heavily toward pineapple and grapefruit. Some melon flavors round out the package.",7.0
293,Furlan 2008 Castelcosa Sauvignon (Venezia Giulia),Furlan,Italia nord-orientale,Venezia Giulia,Sauvignon,2008,84,80-86 Buono,17.0,2. Da 15 a 24,Non indicato,"There's a pure almond note here of Amaretto, marzipan and almond milk. In fact, there's not much else except for distant notes of white flower and peach. The mouthfeel is tonic and fresh but thin.",4.94
294,Girlan 2006 Toretta Classico White (Alto Adige),Girlan,Italia nord-orientale,Alto Adige,White Blend,2006,86,80-86 Buono,14.0,1. Sotto 15,Non indicato,"You'll love the delicate floral fragrances of this feminine, cool-climate northern Italian white. Acacia, jasmine and honeysuckle play a leading role with a supporting cast of stone fruit and pear. In the mouth, it's not particularly intense or thick.",6.14
295,Girlan 2014 Flora Sauvignon (Alto Adige),Girlan,Italia nord-orientale,Alto Adige,Sauvignon,2014,88,87-89 Molto buono,45.0,4. Da 40 a 74,Kerin O'Keefe,"You'll find aromas of elderflower, hay, crushed rock and a whiff of exotic fruit on this linear white. On the bright palate, assertive acidity underscores grapefruit, green melon, chopped herb and mineral.",1.96
296,Gradis'ciutta 2014 Friulano (Collio),Gradis'ciutta,Italia nord-orientale,Collio,Friulano,2014,89,87-89 Molto buono,22.0,2. Da 15 a 24,Kerin O'Keefe,"A few swirls of the glass release subtle, refined aromas of yellow stone fruit and hazelnut. The lively palate offers yellow apple, sage, mineral and bitter almond alongside bright acidity.",4.05
297,Griesbauerhof 2013 Georg Mumelter Lagrein (Alto Adige),Griesbauerhof,Italia nord-orientale,Alto Adige,Lagrein,2013,90,90-94 Ottimo,22.0,2. Da 15 a 24,Kerin O'Keefe,"This well-balanced, enjoyable red opens with aromas of blackberry, blue flower and a whiff of baking spice. The generous, savory palate delivers juicy blackberry, cassis, ground pepper and a cocoa note alongside velvety tannins that lend finesse. Drink through",4.09
298,Jermann 2000 Capo Martino in Ruttaris White (Venezia Giulia),Jermann,Italia nord-orientale,Venezia Giulia,White Blend,2000,86,80-86 Buono,48.0,4. Da 40 a 74,Joe Czerwinski,"Toasty, buttery and spicy, this blend's aromas and flavors are heavily influenced by barrique. So if you are oak-averse, be warned. The lavish wood is adequately supported by a wine that has good weight and density but doesn't contribute much additional flavor",1.79
299,Josef Brigl 2007 Sielo Blu Pinot Grigio (Alto Adige),Josef Brigl,Italia nord-orientale,Alto Adige,Pinot Grigio,2007,86,80-86 Buono,13.0,1. Sotto 15,Non indicato,Passion fruit and citrus describe the nose of this crisp but simple Pinot Grigio. The wine is luminous and light and leaves a long citrusy trail on the close. Drink it with friends before coming to the dinner table.,6.62
300,Josef Weger 2004 Maso delle Rose Pinot Nero (Alto Adige),Josef Weger,Italia nord-orientale,Alto Adige,Pinot Nero,2004,88,87-89 Molto buono,43.0,4. Da 40 a 74,Non indicato,"This cool-climate, northern Italian expression of Pinot Nero opens with nice aromas of blue flower, small berry and white chocolate. The wine is compact and short in the mouth with a fresh, crisp close.",2.05
301,Josef Weger 2006 Maso delle Rose Pinot Grigio (Alto Adige),Josef Weger,Italia nord-orientale,Alto Adige,Pinot Grigio,2006,89,87-89 Molto buono,27.0,3. Da 25 a 39,Non indicato,"Here's a brightly saturated Pinot Grigio with toasted notes of almond, freshly baked bread and creamy butter. You can taste the influence of oak here and the wine is rich in flavor and intensity. The mouthfeel is dense, creamy and long-lasting.",3.3
302,Kellerei Kaltern Caldaro 2010 Müller-Thurgau (Alto Adige),Kellerei Kaltern Caldaro,Italia nord-orientale,Alto Adige,Müller-Thurgau,2010,86,80-86 Buono,16.0,2. Da 15 a 24,Non indicato,This fresh Müller-Thurgau from the far north of Italy offers an impeccably clean mouthfeel that is accented by flavors of passion fruit and honey. Pair this wine with Thai peanut sauce and grilled shrimp.,5.38
303,Kettmeir 2013 Pinot Bianco (Alto Adige),Kettmeir,Italia nord-orientale,Alto Adige,Pinot Bianco,2013,88,87-89 Molto buono,21.0,2. Da 15 a 24,Kerin O'Keefe,"This polished white opens with an enticing fragrance of honeysuckle, wisteria and orchard fruit. The elegant palate delivers crisp green apple, Bartlett pear and citrus alongside fresh acidity. A light mineral note signals the finish.",4.19
304,Kirkland Signature 2010 Pinot Grigio (Friuli Grave),Kirkland Signature,Italia nord-orientale,Friuli Grave,Pinot Grigio,2010,84,80-86 Buono,7.0,1. Sotto 15,Non indicato,"You can't beat this price for a Pinot Grigio with natural freshness and pristine aromas of stone fruit and citrus. The nice thing is that it tastes Italian made, and not like many of the commercial, generic Grigios on the market today.",12.0
305,Klaus Lentsch 2014 Pinot Grigio (Alto Adige),Klaus Lentsch,Italia nord-orientale,Alto Adige,Pinot Grigio,2014,87,87-89 Molto buono,22.0,2. Da 15 a 24,Kerin O'Keefe,"Hushed aromas of white flower and Bartlett pear come together on this refreshing white. On the palate, lively acidity carries tangerine zest, green apple and peach nectar.",3.95
306,Kupelwieser 2009 Riesling (Alto Adige),Kupelwieser,Italia nord-orientale,Alto Adige,Riesling,2009,86,80-86 Buono,17.0,2. Da 15 a 24,Non indicato,"Bright and tonic, this easy Riesling from northern Italy opens with white flower, peach cream and passion fruit aromas. The wine is clean, dry and fresh on the close.",5.06
307,Kössler 2015 Pinot Grigio (Alto Adige),Kössler,Italia nord-orientale,Alto Adige,Pinot Grigio,2015,90,90-94 Ottimo,22.0,2. Da 15 a 24,Kerin O'Keefe,"Enticing aromas of white spring flower, orchard fruit and flint waft out of the glass. The fresh, refined palate doles out ripe Bosc pear, nectarine peel and a mineral note alongside bright acidity.",4.09
308,La Castellada 2009 Pinot Grigio (Collio),La Castellada,Italia nord-orientale,Collio,Pinot Grigio,2009,88,87-89 Molto buono,70.0,4. Da 40 a 74,Kerin O'Keefe,"Fermented and aged in large Slavonian oak, this unusual, copper-colored wine opens with scents of wildflower, red berry, baking spice and a balsamic note. The spicy palate is linear and structured, showing ginger, cinnamon, tangerine zest and mineral but not m",1.26
309,La Rajade 2015 Pinot Grigio (Collio),La Rajade,Italia nord-orientale,Collio,Pinot Grigio,2015,85,80-86 Buono,20.0,2. Da 15 a 24,Kerin O'Keefe,"This opens with subdued, mature yellow apple, acacia and almond aromas that carry over to the abrupt, tangerine-inflected palate. It has a lean, bitter finish.",4.25
310,La Tunella 2012 Col de Bliss Ribolla Gialla (Colli Orientali del Friuli),La Tunella,Italia nord-orientale,Colli Orientali del Friuli,Ribolla Gialla,2012,91,90-94 Ottimo,30.0,3. Da 25 a 39,Kerin O'Keefe,"Enticing aromas recall white flower and a hint of stone fruit. The focused palate offers Bartlett pear, yellow apple and tangerine alongside subtle notes of dried aromatic herbs and crisp acidity. Fermentation in large casks lends this structure and complexity",3.03
311,La Tunella 2013 Col Livius Friulano (Friuli Colli Orientali),La Tunella,Italia nord-orientale,Friuli Colli Orientali,Friulano,2013,87,87-89 Molto buono,22.0,2. Da 15 a 24,Kerin O'Keefe,"Aromas of toasted nut, citrus and oak lead the nose. The linear, rather lean palate shows yellow apple skin, bitter almond and lime zest. A mineral note signals the finish.",3.95
312,La Viarte 2010 Pinot Grigio (Colli Orientali del Friuli),La Viarte,Italia nord-orientale,Colli Orientali del Friuli,Pinot Grigio,2010,86,80-86 Buono,17.0,2. Da 15 a 24,Non indicato,"This is a terrific and youthful white wine for those looking for an easy pairing companion to Chinese take-out or fresh garden salads. It offers a fragrant bouquet of pear, citrus and white flower.",5.06
313,La Vis 2005 Dipinti Sauvignon (Trentino),La Vis,Italia nord-orientale,Trentino,Sauvignon,2005,86,80-86 Buono,11.0,1. Sotto 15,Non indicato,"La Vis's Dipinti series has preformed well thanks to attractive pricing. This expression of Sauvignon offers evident herbal characteristics, as well as mineral ones. Think chopped sage and basil and drying white stone.",7.82
314,La Vis 2006 Dipinti Chardonnay (Trentino),La Vis,Italia nord-orientale,Trentino,Chardonnay,2006,86,80-86 Buono,11.0,1. Sotto 15,Non indicato,"You'll find all the pleasing aromas that you normally associate with a no-fuss Chardonnay such as apricot, honey and white stone in this wine. This is an easy, quaffable wine that lacks great depth but that would pair well with light, casual meals.",7.82
315,La Vis 2013 Ritratti Pinot Grigio (Trentino),La Vis,Italia nord-orientale,Trentino,Pinot Grigio,2013,87,87-89 Molto buono,18.0,2. Da 15 a 24,Kerin O'Keefe,"Round and fruity, it has flavors of ripe Bartlett pear, creamy green apple, white peach and apricot. It's perfect to pour as an apéritif or pair it with starters and light first courses.",4.83
316,Lagaria 2001 Chardonnay (Delle Venezie),Lagaria,Italia nord-orientale,Delle Venezie,Chardonnay,2001,87,87-89 Molto buono,8.0,1. Sotto 15,Joe Czerwinski,"Inviting aromas of butter, almond and citrus open into a rich, thickly textured wine studded with peach, almond butter and citrus pith. The slightly bitter notes echo through the finish, providing a welcome sense of balance to round mouthfeel and fatty flavors",10.88
317,Lagaria 2014 Chardonnay (Vigneti delle Dolomiti),Lagaria,Italia nord-orientale,Vigneti delle Dolomiti,Chardonnay,2014,84,80-86 Buono,11.0,1. Sotto 15,Kerin O'Keefe,"This simple white opens with faint aromas that recall hazelnut, coffee bean and toast. The aromas make their way to the lean, rather diluted palate along with yellow apple skin. Bracing acidity gives it a brisk finish.",7.64
318,Le Due Terre 2009 Sacrisassi Bianco White (Colli Orientali del Friuli),Le Due Terre,Italia nord-orientale,Colli Orientali del Friuli,White Blend,2009,90,90-94 Ottimo,44.0,4. Da 40 a 74,Non indicato,"A gorgeous blend of Friulano and Ribolla Gialla, this dense and rich white would pair with crab or lobster. It opens with creamy tones of stone fruit and citrus mousse, followed by slight touches of spice and vanilla.",2.05
319,Lechthaler 2007 Rosato Lagrein (Trentino),Lechthaler,Italia nord-orientale,Trentino,Lagrein,2007,85,80-86 Buono,17.0,2. Da 15 a 24,Non indicato,"Clean mineral notes blend nicely with fresh berry fruit, red rose and raspberry. This is a simple but genuine wine that would pair with roasted fish or vegetable risotto.",5.0
320,Lis Neris 2008 Confini White (Venezia Giulia),Lis Neris,Italia nord-orientale,Venezia Giulia,White Blend,2008,90,90-94 Ottimo,37.0,3. Da 25 a 39,Non indicato,"If you love Italian whites, Confini is definitely worth your attention. It represents a blend of Pinot Grigio, Traminer and Riesling. The obvious outcome is that the first variety supplies the density and creaminess, and the last two drive the fragrant floral ",2.43
321,Lis Neris 2009 Gris Pinot Grigio (Friuli Isonzo),Lis Neris,Italia nord-orientale,Friuli Isonzo,Pinot Grigio,2009,89,87-89 Molto buono,28.0,3. Da 25 a 39,Non indicato,"Gris Pinot Grigio Gris offers a sultry, sophisticated side to what is normally perceived as an easy-drinking white wine variety. This wine opens with aromas of peach, pineapple, white almond and honey. It follows to the mouth with a rich, creamy texture.",3.18
322,Lis Neris 2010 La Vila Friulano (Friuli Isonzo),Lis Neris,Italia nord-orientale,Friuli Isonzo,Friulano,2010,90,90-94 Ottimo,28.0,3. Da 25 a 39,Non indicato,"This is a delightful white wine that opens with compelling aromas of peach, honeydew melon and Golden delicious apple. The mouthfeel is smooth, silky and rich, with a pretty blast of creamy honey on the close.",3.21
323,Lis Neris 2010 Tal Lùc White (Venezia Giulia),Lis Neris,Italia nord-orientale,Venezia Giulia,White Blend,2010,88,87-89 Molto buono,43.0,4. Da 40 a 74,Kerin O'Keefe,"Made with dried Verduzzo and Riesling grapes, this sweet wine offers aromas of ripe apricot, baked apple and pressed flower. The palate delivers dried orchard fruit, orange zest and vanilla. It ends on a note of acacia honey.",2.05
324,Livio Felluga 2000 Terre Alte - Rosazzo Bianco White (Colli Orientali del Friuli),Livio Felluga,Italia nord-orientale,Colli Orientali del Friuli,White Blend,2000,86,80-86 Buono,41.0,4. Da 40 a 74,Joe Czerwinski,"In general, we love Felluga's wines. So why the modest score on the winery's top white? One simple word: oak. With this wine's buttery, oaky aromas and flavors of peach, cinnamon and brown sugar, it could pass for a decent Chardonnay. But this blend of Tocai F",2.1
325,Livio Felluga 2002 Pinot Grigio (Friuli Venezia Giulia),Livio Felluga,Italia nord-orientale,Friuli Venezia Giulia,Pinot Grigio,2002,90,90-94 Ottimo,23.0,2. Da 15 a 24,Joe Czerwinski,"Pinot Grigio grape berries aren't actually gray; instead they are tinged with pink or purple. Maybe it is just the power of suggestion, but this wine even seems to taste pink, showcasing ripe berries and apples that are backed by tangy acids and great length. ",3.91
326,Livio Felluga 2010 Pinot Grigio (Collio),Livio Felluga,Italia nord-orientale,Collio,Pinot Grigio,2010,90,90-94 Ottimo,30.0,3. Da 25 a 39,Non indicato,"This is distinguished for its deeply-rich mouthfeel and creamy aromas of stone fruit, honeydew and crushed almond. There's a point of crisp acidity that's refreshing.",3.0
327,Livio Felluga 2011 Pinot Grigio (Collio),Livio Felluga,Italia nord-orientale,Collio,Pinot Grigio,2011,89,87-89 Molto buono,30.0,3. Da 25 a 39,Non indicato,"A highly drinkable wine that's very well put together, this is redolent of citrus, stone fruit and crushed mineral.",2.97
328,Livio Felluga 2013 Illivio White (Friuli Colli Orientali),Livio Felluga,Italia nord-orientale,Friuli Colli Orientali,White Blend,2013,88,87-89 Molto buono,35.0,3. Da 25 a 39,Kerin O'Keefe,"A blend of Pinot Bianco, Chardonnay and Picolit, this offers muted scents of wildflower, toasted oak and orchard fruit. The palate offers oak-driven vanilla, butterscotch, candied nectarine and yellow apple skin.",2.51
329,Livio Felluga 2013 Sauvignon (Collio),Livio Felluga,Italia nord-orientale,Collio,Sauvignon,2013,90,90-94 Ottimo,25.0,3. Da 25 a 39,Kerin O'Keefe,"Fragrances of exotic fruit, tomato vine and dried hay come with a hint of balsamic herbs. The savory palate delivers apricot, honeydew melon, and yellow bell pepper accented with notes of sage, mint and thyme. Pair this with asparagus risotto.",3.6
330,Lorenz Martini 2008 Riserva Comitissa Brut White (Alto Adige),Lorenz Martini,Italia nord-orientale,Alto Adige,White Blend,2008,90,90-94 Ottimo,25.0,3. Da 25 a 39,Kerin O'Keefe,"This rich sparkling wine from northern Italy offers a layered fragrance of apple, nut and just-baked bread. The palate is smooth and creamy but weightless, with delicate and crisp bubbles.",3.6
331,Manincor 2011 Réserve della Contessa White (Alto Adige),Manincor,Italia nord-orientale,Alto Adige,White Blend,2011,88,87-89 Molto buono,19.0,2. Da 15 a 24,Non indicato,"A blend of Pinot Bianco, Chardonnay and Sauvignon, this northern Italian white opens with crisp, tangy fruit and long tones of stone fruit, mineral, pineapple and pear. Those fruity notes help support the wine's medium structure and build.",4.63
332,Marco Cecchini 2010 Pinot Grigio (Venezia Giulia),Marco Cecchini,Italia nord-orientale,Venezia Giulia,Pinot Grigio,2010,86,80-86 Buono,15.0,2. Da 15 a 24,Non indicato,"An extremely floral and fragrant expression of Pinot Grigio, with notes of white flower, jasmine and peach blossom. Touches of bitter almond and tangy spice mark the close.",5.73
333,Marco Felluga 2006 Mongris Riserva Pinot Grigio (Collio),Marco Felluga,Italia nord-orientale,Collio,Pinot Grigio,2006,90,90-94 Ottimo,30.0,3. Da 25 a 39,Non indicato,"Marco Felluga's Mongris Riserva Pinot Grigio is a sophisticated and complex white wine that has been enhanced by creamy oak tones. Aromas here include dried apricot, toasted almond, vanilla and baked bread. The wine's texture is rich, dense and very satisfying",3.0
334,Marco Felluga 2008 Mongris Pinot Grigio (Collio),Marco Felluga,Italia nord-orientale,Collio,Pinot Grigio,2008,86,80-86 Buono,18.0,2. Da 15 a 24,Non indicato,"This is a rich and well-concentrated Pinot Grigio that feels great in the mouth. On the nose an otherwise pristine bouquet is accented by apricot, honey, Golden Delicious apple and pear.",4.78
335,Marco Felluga 2012 Molamatta White (Collio),Marco Felluga,Italia nord-orientale,Collio,White Blend,2012,89,87-89 Molto buono,23.0,2. Da 15 a 24,Kerin O'Keefe,"Aromas of pear, pressed white flower, exotic fruit and hints of toasted oak lead the nose. The round palate offers nectarine zest, apricot, dried herb and vanilla alongside soft but refreshing acidity.",3.87
336,Marco Felluga 2012 Ribolla Gialla (Collio),Marco Felluga,Italia nord-orientale,Collio,Ribolla Gialla,2012,88,87-89 Molto buono,23.0,2. Da 15 a 24,Kerin O'Keefe,"This savory wine begins with aromas of peach blossom and citrus. The linear palate delivers golden apple, lemon zest, nectarine and almond alongside bright acidity.",3.83
337,Mario Schiopetto 2010 Pinot Grigio (Collio),Mario Schiopetto,Italia nord-orientale,Collio,Pinot Grigio,2010,88,87-89 Molto buono,27.0,3. Da 25 a 39,Non indicato,"This is the perfect wine to pair with seafood salad or grilled Ahi tuna steaks. This bright effort shows creamy smoothness, with rich highlights of melon, exotic fruit and honeydew.",3.26
338,Mario Schiopetto 2011 Pinot Grigio (Collio),Mario Schiopetto,Italia nord-orientale,Collio,Pinot Grigio,2011,90,90-94 Ottimo,30.0,3. Da 25 a 39,Kerin O'Keefe,"Here's a Pinot Grigio with structure and personality, proving why Friuli is Italy's white wine capital. It's loaded with creamy green apple and pear sensations uplifted by energizing mineral notes. The finish is crisp and clean.",3.0
339,Mario Schiopetto 2011 Pinot Bianco (Collio),Mario Schiopetto,Italia nord-orientale,Collio,Pinot Bianco,2011,89,87-89 Molto buono,30.0,3. Da 25 a 39,Kerin O'Keefe,"This has a pretty fragrance of Spanish broom, citrus and pear. The palate shows white peach, pear and apple along with mineral sensations presented in a restrained, elegant style.",2.97
340,Maso Poli 2009 Pinot Grigio (Trentino),Maso Poli,Italia nord-orientale,Trentino,Pinot Grigio,2009,88,87-89 Molto buono,22.0,2. Da 15 a 24,Non indicato,There's a lot going on in the glass here. This luminous Pinot Grigio offers a beautifully perfumed bouquet as well as structure and staying power. A small percentage of the wine is aged in oak and this adds density and complexity.,4.0
341,Maso Poli 2010 Pinot Grigio (Trentino),Maso Poli,Italia nord-orientale,Trentino,Pinot Grigio,2010,87,87-89 Molto buono,22.0,2. Da 15 a 24,Non indicato,"This rich Pinot Grigio sees some contact with oak barrel for a fuller, more generous mouthfeel. Aromas include honey, white almond, lemon zest and stone fruit.",3.95
342,Meroi 2010 Chardonnay (Colli Orientali del Friuli),Meroi,Italia nord-orientale,Colli Orientali del Friuli,Chardonnay,2010,89,87-89 Molto buono,55.0,4. Da 40 a 74,Non indicato,"From the gravel soils of northeast Italy, this pure expression of Chardonnay offers bright aromas of papaya, banana, exotic fruit and white peach. There's a touch of spice and almond on the close.",1.62
343,Mezzacorona 2006 Castel Firmian Pinot Grigio (Trentino),Mezzacorona,Italia nord-orientale,Trentino,Pinot Grigio,2006,85,80-86 Buono,15.0,2. Da 15 a 24,Non indicato,"Here is an easygoing and fresh Pinot Grigio with light aromas of citrus, chopped herbs and white stone. The mouthfeel is lean but firm and the wine would pair well with stir-fry vegetables.",5.67
344,Mezzacorona 2007 Pinot Grigio (Vigneti delle Dolomiti),Mezzacorona,Italia nord-orientale,Vigneti delle Dolomiti,Pinot Grigio,2007,85,80-86 Buono,9.0,1. Sotto 15,Non indicato,"The aromas are subdued and lack in intensity but they do embrace floral and fruity notes of citrus, peach and green melon. The wine is simple and compact in the mouth with bright lemon zest on the close.",9.44
345,Muzic 2014 Sauvignon (Collio),Muzic,Italia nord-orientale,Collio,Sauvignon,2014,88,87-89 Molto buono,22.0,2. Da 15 a 24,Kerin O'Keefe,"The nose is at first rather shy but slowly reveals cut grass, kiwi, tomato leaf and tropical fruit. The svelte, vibrant palate offers grapefruit, raw white nectarine, sage and white pepper alongside racy acidity. A mineral note signals the close.",4.0
346,My Moon 2011 Sauvignon (Delle Venezie),My Moon,Italia nord-orientale,Delle Venezie,Sauvignon,2011,83,80-86 Buono,10.0,1. Sotto 15,Non indicato,"My Moon is a thin and watery Sauvignon that offers just enough aromatic intensity in terms of peach, sage and honey to make it mildly interesting. Pair with with spicy Thai spring rolls.",8.3
347,Nals Margreid 2014 Pinot Bianco (Alto Adige),Nals Margreid,Italia nord-orientale,Alto Adige,Pinot Bianco,2014,87,87-89 Molto buono,20.0,2. Da 15 a 24,Kerin O'Keefe,"Aromas of summer orchard fruit and citrus blossom lead the nose on this bright, direct white. The linear palate doles out yellow apple, tangerine zest and a hint of mineral alongside brisk acidity.",4.35
348,Nals Margreid 2014 Penon Pinot Bianco (Alto Adige),Nals Margreid,Italia nord-orientale,Alto Adige,Pinot Bianco,2014,89,87-89 Molto buono,25.0,3. Da 25 a 39,Kerin O'Keefe,"Delicate but enticing scents of apple, citrus peel and Alpine herb lift out of the glass. The linear, elegant palate shows Kaiser pear, pineapple and a note of flinty mineral accompanied by lively acidity.",3.56
349,Niedermayr Josef 2008 Riserva Pinot Nero (Alto Adige),Niedermayr Josef,Italia nord-orientale,Alto Adige,Pinot Nero,2008,91,90-94 Ottimo,57.0,4. Da 40 a 74,Non indicato,"Here's a beautiful and well-executed Riserva Pinot Nero that shows balance, complexity and a wide array of wild berry, cola, spice and toasted-almond aromas. There's also a refreshing touch of chopped mint and basil on the crisp finish.",1.6
350,Niedrist 2011 Berger Gei Lagrein (Alto Adige),Niedrist,Italia nord-orientale,Alto Adige,Lagrein,2011,88,87-89 Molto buono,40.0,4. Da 40 a 74,Kerin O'Keefe,"Earthy aromas of scorched soil, leather, prune and white pepper lead the nose. The solid palate shows ripe black cherry, blackberry and ground pepper alongside firm, chewy tannins. Drink through 2018.",2.2
351,Petrucco 2014 Pinot Bianco (Friuli Colli Orientali),Petrucco,Italia nord-orientale,Friuli Colli Orientali,Pinot Bianco,2014,86,80-86 Buono,16.0,2. Da 15 a 24,Kerin O'Keefe,"Delicate aromas of pressed spring flower, yellow apple and citrus carry over to the brisk palate along with a mineral note. Vibrant acidity gives it a crisp, tangy finish.",5.38
352,Piera Martellozzo 2011 Tabbor Selezione Red (Friuli Grave),Piera Martellozzo,Italia nord-orientale,Friuli Grave,Red Blend,2011,86,80-86 Buono,18.0,2. Da 15 a 24,Kerin O'Keefe,"This blend of Merlot and Cabernet has aromas of bell pepper, black currant and a hint of cedar wood. The palate shows one-dimensional flavors of plum, black currant and oak.",4.78
353,Piera Martellozzo 2011 Terre Magre Malvasia (Delle Venezie),Piera Martellozzo,Italia nord-orientale,Delle Venezie,Malvasia,2011,84,80-86 Buono,18.0,2. Da 15 a 24,Non indicato,"Terre Magre is a tight and focused white wine with dusty mineral notes backed by peach, lemon and white flower. The wine is simple and easy with a lively fragrant quality that keeps it cheerful and light.",4.67
354,Pisoni 2012 San Siro Bianco White (Vigneti delle Dolomiti),Pisoni,Italia nord-orientale,Vigneti delle Dolomiti,White Blend,2012,87,87-89 Molto buono,20.0,2. Da 15 a 24,Kerin O'Keefe,"A blend of 80% Chardonnay and 20% Pinot Bianco, this has sensations of yellow apples, beeswax, citrus and mineral. It's simple but well made and would work well with lightly seasoned fish or pasta dishes topped with vegetable sauces.",4.35
355,Plozner 2007 Moscabianca Friulano (Venezia Giulia),Plozner,Italia nord-orientale,Venezia Giulia,Friulano,2007,87,87-89 Molto buono,27.0,3. Da 25 a 39,Non indicato,"Closed with an innovative glass cork, Moscabianca offers floral tones of honeysuckle and jasmine. It delivers rich density and a smooth, creamy texture and loads of fresh peach and apricot flavors.",3.22
356,Produttori Colterenzio 2001 Cornell Pinot Grigio (Alto Adige),Produttori Colterenzio,Italia nord-orientale,Alto Adige,Pinot Grigio,2001,89,87-89 Molto buono,24.0,2. Da 15 a 24,Roger Voss,"A blend of Pinot Grigio with a small percentage of Pinot Bianco that was aged in wood. The result is a full wine with aromas of white flowers, opulent and spicy on the palate, and leaving crisp acidity in the mouth.",3.71
357,Produttori Colterenzio 2002 Praedium Sauvignon Blanc (Alto Adige),Produttori Colterenzio,Italia nord-orientale,Alto Adige,Sauvignon Blanc,2002,89,87-89 Molto buono,19.0,2. Da 15 a 24,Roger Voss,"From the Prail region of Alto Adige, this stunning, intense Sauvignon is full of grassy, herbaceous flavors. It is still young, needing time to lose its grapefruit character and ripen into a fine, aromatic wine.",4.68
358,Rocca Bernarda 2004 Picolit (Colli Orientali del Friuli),Rocca Bernarda,Italia nord-orientale,Colli Orientali del Friuli,Picolit,2004,94,90-94 Ottimo,50.0,4. Da 40 a 74,Non indicato,"Extraordinary notes of apricot, peach, honey-roasted almond, dried fruit and chopped herbs come together seamlessly to shape a very intense and gratifying wine. It is creamy, perfectly sweet and tangy on the taste buds and long-lasting. This is one of the best",1.88
359,Ronco Blanchis 2014 Pinot Grigio (Collio),Ronco Blanchis,Italia nord-orientale,Collio,Pinot Grigio,2014,87,87-89 Molto buono,15.0,2. Da 15 a 24,Kerin O'Keefe,"Muted scents of orchard fruit and a touch of almond lead the nose. The vibrant palate offers pear, citrus zest and mineral accompanied by bracing acidity.",5.8
360,Ronco Blanchis 2015 Sauvignon (Collio),Ronco Blanchis,Italia nord-orientale,Collio,Sauvignon,2015,91,90-94 Ottimo,25.0,3. Da 25 a 39,Kerin O'Keefe,"Classic varietal aromas of hay, tomato vine and tropical fruit take center stage in this expressive white, accented with a whiff of wet stone. The savory palate doles out juicy grapefruit, green melon, yellow peach and mineral flavors, with tangy acidity.",3.64
361,Ronco delle Betulle 2006 Pinot Grigio Pinot Grigio (Colli Orientali del Friuli),Ronco delle Betulle,Italia nord-orientale,Colli Orientali del Friuli,Pinot Grigio,2006,87,87-89 Molto buono,22.0,2. Da 15 a 24,Non indicato,"There's a creamy, full quality to this wine that is backed by aromas of mature peach, yellow flower and honey. It has an easy approach and would pair well with salmon or swordfish carpaccio.",3.95
362,Rotari 2004 Riserva Talento Sparkling (Trentino),Rotari,Italia nord-orientale,Trentino,Sparkling Blend,2004,89,87-89 Molto buono,18.0,2. Da 15 a 24,Non indicato,"A celebrated vintage from an estate that consistently delivers quality at attractive prices, this Riserva sparkling wine is packed with Golden Delicious apple, vanilla cream, apricot and toasted nut. There's a sassy touch of clove on the close.",4.94
363,Rotari 2007 AlpeRegis Millesimato Extra Brut Chardonnay (Trento),Rotari,Italia nord-orientale,Trento,Chardonnay,2007,88,87-89 Molto buono,25.0,3. Da 25 a 39,Non indicato,"A brand new product from the folks at Rotari, AlpeRegis is a fresh and vibrant sparkling wine that offers easy-drinking appeal with subtle hints of elegance and sophistication that set it apart. Baked bread, apricot and citrus notes flavor the finish.",3.52
364,Russiz Superiore 2012 Col Disôre White (Collio),Russiz Superiore,Italia nord-orientale,Collio,White Blend,2012,91,90-94 Ottimo,37.0,3. Da 25 a 39,Kerin O'Keefe,"This elegantly structured blend of Pinot Bianco, Friulano, Sauvignon and Ribolla Gialla delivers aromas that suggest white flower, yellow stone fruit and a whiff of tomato leaf. The fresh, balanced palate shows grapefruit, apricot, lemon drop and mineral along",2.46
365,Russiz Superiore 2014 Sauvignon (Collio),Russiz Superiore,Italia nord-orientale,Collio,Sauvignon,2014,90,90-94 Ottimo,28.0,3. Da 25 a 39,Kerin O'Keefe,"Enticing aromas of chamomile, hay, aromatic herb, tomato vine and stone fruit lead the way. The vibrant, elegant palate shows yellow peach, grapefruit, anise sage and a hint of mineral alongside vibrant acidity.",3.21
366,Russiz Superiore 2015 Sauvignon (Collio),Russiz Superiore,Italia nord-orientale,Collio,Sauvignon,2015,90,90-94 Ottimo,28.0,3. Da 25 a 39,Kerin O'Keefe,"Crushed tomato vine, yellow stone fruit and honeydew melon aromas almost jump out of the glass. The ripe medium-bodied palate gives creamy peach and juicy apricot while notes of aromatic herb accent the finish.",3.21
367,San Michele Eppan 2002 Sanct Valentin Sauvignon Blanc (Alto Adige),San Michele Eppan,Italia nord-orientale,Alto Adige,Sauvignon Blanc,2002,87,87-89 Molto buono,29.0,3. Da 25 a 39,Roger Voss,"The top range of wines from this highly rated cooperative is called Sanet Valentin, after the patron saint of lovers. This Sauvignon is crisp, herbaceous and very fresh, with light layers of mouth-watering acidity.",3.0
368,Santa Margherita 2008 Pinot Grigio (Alto Adige),Santa Margherita,Italia nord-orientale,Alto Adige,Pinot Grigio,2008,86,80-86 Buono,25.0,3. Da 25 a 39,Non indicato,"A popular restaurant choice, Santa Margherita epitomizes the light, breezy style that has made Pinot Grigio an American sweetheart. Aromas include peach, citrus, honey and pear. The wine is crisp and clean in the mouth with very friendly alcohol at an approach",3.44
369,Santi 2010 Sortesele Pinot Grigio (Delle Venezie),Santi,Italia nord-orientale,Delle Venezie,Pinot Grigio,2010,86,80-86 Buono,14.0,1. Sotto 15,Non indicato,"Irresistibly fresh and crisp, this hasbright aromas of lemon-lime, green apple and dried hay. Pair this with raw fish, sushi or swordfish carpaccio.",6.14
370,St. Pauls 2013 Pinot Grigio (Alto Adige),St. Pauls,Italia nord-orientale,Alto Adige,Pinot Grigio,2013,90,90-94 Ottimo,18.0,2. Da 15 a 24,Kerin O'Keefe,"This full-bodied wine is loaded with sensations of fragrant white flowers, ripe tropical fruit, juicy yellow peach and tart green apple. The creamy palate is brightened by fresh acidity and energizing mineral notes. It's well balanced, with more depth than mos",5.0
371,St. Pauls 2015 Pinot Grigio (Alto Adige),St. Pauls,Italia nord-orientale,Alto Adige,Pinot Grigio,2015,90,90-94 Ottimo,22.0,2. Da 15 a 24,Kerin O'Keefe,"Elegantly structured and savory, this offers aromas of white field flower, orchard fruit and chopped herb. Boasting depth and finesse, the bright, juicy palate delivers mature pear, tangerine zest and flinty mineral alongside fresh acidity that lifts the cream",4.09
372,Sturm 2014 Friulano (Collio),Sturm,Italia nord-orientale,Collio,Friulano,2014,89,87-89 Molto buono,24.0,2. Da 15 a 24,Kerin O'Keefe,"White flower, Spanish Broom, chamomile, exotic fruit and a hint of hazelnut unfold in the glass. The linear, razor-sharp palate delivers Kaiser pear, citrus, sage and white almond while a salty mineral note closes the finish.",3.71
373,Tenuta Cà Bolani 2007 Pinot Grigio Pinot Grigio (Friuli Aquileia),Tenuta Cà Bolani,Italia nord-orientale,Friuli Aquileia,Pinot Grigio,2007,85,80-86 Buono,15.0,2. Da 15 a 24,Non indicato,"There's a citrusy, lemon soda quality to this wine that is backed by aromas of passion fruit, kiwi and mango. It's an easy, aromatic white with fresh zest and a friendly approach.",5.67
374,Tenuta Cà Bolani 2013 Aquilis Sauvignon (Friuli Aquileia),Tenuta Cà Bolani,Italia nord-orientale,Friuli Aquileia,Sauvignon,2013,92,90-94 Ottimo,25.0,3. Da 25 a 39,Kerin O'Keefe,"Subtle and sophisticated, this opens with a floral and fruity fragrance of honeysuckle, peach and tropical fruit. The focused palate delivers creamy stone fruit, cantaloupe, citrus zest, mineral and a hint of candied ginger. It's impeccably balanced with fresh",3.68
375,Tenuta Klaus Lentsch 2008 Bachgart Riserva Pinot Nero (Alto Adige),Tenuta Klaus Lentsch,Italia nord-orientale,Alto Adige,Pinot Nero,2008,91,90-94 Ottimo,30.0,3. Da 25 a 39,Non indicato,"This is gorgeous, offering intense and complex aromas of wild berry, violet, candied fruit, almond paste and garden herb. The mouthfeel is silky, long and penetrating.",3.03
376,Tenuta Luisa 2010 Pinot Grigio (Isonzo del Friuli),Tenuta Luisa,Italia nord-orientale,Isonzo del Friuli,Pinot Grigio,2010,88,87-89 Molto buono,20.0,2. Da 15 a 24,Non indicato,"This is plump, with an intense bouquet offering loads of yellow rose, apricot and fresh grapefruit. The mouthfeel is silky, soft and round.",4.4
377,Tenuta Peter Sölva & Söhne 2013 De Silva Pinot Bianco (Alto Adige),Tenuta Peter Sölva & Söhne,Italia nord-orientale,Alto Adige,Pinot Bianco,2013,91,90-94 Ottimo,39.0,3. Da 25 a 39,Kerin O'Keefe,"Enticing varietal scents of apple, lemon zest and chopped Alpine herb mix together on in this radiant white. The elegant, structured palate delivers pear, white peach and energizing mineral alongside crisp acidity. A lemon drop note backs up the lingering fini",2.33
378,Tenuta di Angoris 2013 Sauvignon (Colli Orientali del Friuli),Tenuta di Angoris,Italia nord-orientale,Colli Orientali del Friuli,Sauvignon,2013,88,87-89 Molto buono,22.0,2. Da 15 a 24,Kerin O'Keefe,"Elegant and fresh, this features aromas of crushed tomato vine, green melon and a whiff of passion fruit. The vibrant palate delivers white peach, cantaloupe and a mineral accent alongside bright acidity.",4.0
379,Tenute Grandi & Gabana 2011 Borgo Crosaris Bianco dello Stella White (Venezia Giulia),Tenute Grandi & Gabana,Italia nord-orientale,Venezia Giulia,White Blend,2011,86,80-86 Buono,16.0,2. Da 15 a 24,Non indicato,"This easy blend of Friulano (60%) and Malvasia opens with subtle tones of exotic fruit and peach followed by bright citrus and tangerine skin. The wine's lean, watery finish makes it perfect for appetizers or finger foods.",5.38
380,Tercic 2013 Chardonnay (Collio),Tercic,Italia nord-orientale,Collio,Chardonnay,2013,90,90-94 Ottimo,26.0,3. Da 25 a 39,Kerin O'Keefe,"This deeply hued, golden colored wine opens with aromas of orchard fruit, citrus and crushed rock. The linear, vibrant palate tastes of Golden Delicious apple, candied lemon zest and mineral alongside racy acidity that leaves a firm, clean finish.",3.46
381,Terlan 2014 Nova Domus Riserva White (Alto Adige),Terlan,Italia nord-orientale,Alto Adige,White Blend,2014,90,90-94 Ottimo,62.0,4. Da 40 a 74,Kerin O'Keefe,"Made with 60% Pinot Bianco, 30% Chardonnay and 10% Sauvignon Blanc, this boasts appealing aromas of acacia flower, nectarine and Alpine herb. The elegant palate delivers juicy Gala apple, yellow peach and a touch of ginger alongside fresh acidity.",1.45
382,Terlan 2015 Terlaner Classico White (Alto Adige),Terlan,Italia nord-orientale,Alto Adige,White Blend,2015,89,87-89 Molto buono,28.0,3. Da 25 a 39,Kerin O'Keefe,"Made with 60% Pinot Bianco, 30% Chardonnay and 10% Sauvignon Blanc, this opens with aromas of acacia flower, orchard fruit and Alpine herb. The juicy palate delivers white peach, yellow apple and a hint of lemon alongside fresh acidity.",3.18
383,Terlan 2015 Winkl Sauvignon (Alto Adige),Terlan,Italia nord-orientale,Alto Adige,Sauvignon,2015,93,90-94 Ottimo,35.0,3. Da 25 a 39,Kerin O'Keefe,"Tomato vine, cut grass, crushed stone and grapefruit aromas almost leap out of the glass. The crisp savory palate delivers juicy citrus, ripe honeydew melon, Alpine herb and a mineral note framed in bright acidity. It has a bright, clean finish.",2.66
384,Terlato 2013 Friulano (Friuli Colli Orientali),Terlato,Italia nord-orientale,Friuli Colli Orientali,Friulano,2013,89,87-89 Molto buono,25.0,3. Da 25 a 39,Kerin O'Keefe,"Aromas of pressed wildflower, orchard fruit, citrus and a whiff of nut lead the nose. The luminous palate delivers yellow apple, Kaiser pear, nectarine and bitter almond accompanied by tangy acidity.",3.56
385,Tiefenbrunner 2009 Chardonnay (Alto Adige),Tiefenbrunner,Italia nord-orientale,Alto Adige,Chardonnay,2009,88,87-89 Molto buono,15.0,2. Da 15 a 24,Non indicato,Here is a creamy and dense Chardonnay that is driven forward by sharp lines of lemon and citric fruit. This cool-climate expression shows balance and complexity.,5.87
386,Tiefenbrunner 2011 Linticlarus Riserva Lagrein (Alto Adige),Tiefenbrunner,Italia nord-orientale,Alto Adige,Lagrein,2011,90,90-94 Ottimo,40.0,4. Da 40 a 74,Kerin O'Keefe,"Blackberry, black cherry, dark baking spice and licorice aromas follow through to the chewy, concentrated palate along with touches of espresso and clove. Firm, refined tannins and fresh acidity provide balance. Drink through 2019.",2.25
387,Tiefenbrunner 2014 Feldmarschall von Fenner Müller-Thurgau (Alto Adige),Tiefenbrunner,Italia nord-orientale,Alto Adige,Müller-Thurgau,2014,93,90-94 Ottimo,40.0,4. Da 40 a 74,Kerin O'Keefe,"Showing extreme elegance, this fragrant, radiant wine opens with aromas of jasmine, white peach and aromatic herb. The linear palate delivers crisp Granny Smith apple, white stone fruit, sage, lemon drop and flinty mineral alongside zesty acidity that provides",2.33
388,Tolloy 2007 Pinot Grigio (Alto Adige),Tolloy,Italia nord-orientale,Alto Adige,Pinot Grigio,2007,87,87-89 Molto buono,13.0,1. Sotto 15,Non indicato,"Honey, kiwi, mango and peach come to mind and color an easy, but fragrant Grigio from the mountains of northern Italy that would pair well with exotic or Asian foods. It closes with spicy acidity and is a perfect palate cleaner.",6.69
389,Torre Rosazza 2014 Pinot Bianco (Friuli Colli Orientali),Torre Rosazza,Italia nord-orientale,Friuli Colli Orientali,Pinot Bianco,2014,90,90-94 Ottimo,30.0,3. Da 25 a 39,Kerin O'Keefe,"Aromas of fragrant spring blossom, orchard fruit, hazelnut and bread crust lead the nose on this refined white. The elegantly structured palate offers creamy yellow apple, lemon drop and mineral alongside crisp acidity that leaves a tangy finish.",3.0
390,Tramin 2010 Unterebner Pinot Grigio (Alto Adige),Tramin,Italia nord-orientale,Alto Adige,Pinot Grigio,2010,90,90-94 Ottimo,31.0,3. Da 25 a 39,Non indicato,"Pinot Grigio Unterebner offers a beautiful contrast between cool-climate aromas of white flower and passion fruit and spicy, oak-driven aromas of vanilla and cinnamon bun. Pair this wine with a savory appetizer strudel filled with spinach, cheese and pine nuts",2.9
391,Tramin 2011 Stoan White (Alto Adige),Tramin,Italia nord-orientale,Alto Adige,White Blend,2011,90,90-94 Ottimo,35.0,3. Da 25 a 39,Non indicato,"Stoan is a bright white blend from northeast Italy that shows balance, freshness and intensity. Long aromas of stone fruit, melon, tangerine skin and white almond set the tone. The wine performs beautifully in the mouth thanks to its soft texture.",2.57
392,Valchiarò 2004 Picolit (Colli Orientali del Friuli),Valchiarò,Italia nord-orientale,Colli Orientali del Friuli,Picolit,2004,93,90-94 Ottimo,90.0,5. 75 e oltre,Non indicato,"This golden-colored wine opens with great intensity and complexity and boasts aromas of mature peach, honey and marzipan or almond nuances. The sweet floral notes of jasmine and honeysuckle are particularly attractive and the wine delivers tonic freshness and ",1.03
393,Villa Rubini 2006 Pinot Grigio (Colli Orientali del Friuli),Villa Rubini,Italia nord-orientale,Colli Orientali del Friuli,Pinot Grigio,2006,84,80-86 Buono,15.0,2. Da 15 a 24,Non indicato,"Villa Rubini delivers a fresh, easy Pinot Grigio that will wash down informal summer meals and picnic foods. Aromas include stone fruit, grapefruit and talc and the wine's consistency is lean and thin.",5.6
394,Villa Russiz 2002 Pinot Bianco (Collio),Villa Russiz,Italia nord-orientale,Collio,Pinot Bianco,2002,88,87-89 Molto buono,22.0,2. Da 15 a 24,Roger Voss,"Offers rich, concentrated fruit with lovely apple and cream flavors, a touch of vanilla and superripe fruit. The aftertaste has a touch of acidity, but richness rather than acidity is what this wine is about.",4.0
395,Villa Russiz 2006 Pinot Grigio (Collio),Villa Russiz,Italia nord-orientale,Collio,Pinot Grigio,2006,86,80-86 Buono,21.0,2. Da 15 a 24,Non indicato,"Villa Russiz's Collio Pinot Grigio offers good density and depth with aromas of mature peach, honey and melon. You could pair this wine with seafood or white meat thanks to its firm feel and persistency.",4.1
396,Villa Russiz 2006 Sauvignon (Collio),Villa Russiz,Italia nord-orientale,Collio,Sauvignon,2006,87,87-89 Molto buono,34.0,3. Da 25 a 39,Non indicato,"Villa Russiz offers an elegant and delicately balanced Sauvignon that puts equal emphasis on bouquet and mouthfeel. You'll get aromas of passion fruit, cut grass, tomato leaf and the density and crispness necessary for keeping the palate refreshed.",2.56
397,Villa Russiz 2006 Pinot Bianco (Collio),Villa Russiz,Italia nord-orientale,Collio,Pinot Bianco,2006,87,87-89 Molto buono,34.0,3. Da 25 a 39,Non indicato,"Boasting both firm structure and smooth texture, this creamy white wine from the northeast of Italy can be paired with a long list of Mediterranean foods. Aromas include peach, white pear and almond blossom.",2.56
398,Villa Russiz 2012 Pinot Grigio (Collio),Villa Russiz,Italia nord-orientale,Collio,Pinot Grigio,2012,89,87-89 Molto buono,29.0,3. Da 25 a 39,Kerin O'Keefe,"This bold Pinot Grigio is a far cry from the many watered-down versions of this popular wine. It's loaded with creamy white peach, Bartlett pear and green apple accented with lemon zest and a hint of pastry filling. Crisp acidity brightens this up and it finis",3.07
399,Volpe Pasini 2002 Luc de Volpe Tocai Friulano Tocai (Colli Orientali del Friuli),Volpe Pasini,Italia nord-orientale,Colli Orientali del Friuli,Tocai,2002,89,87-89 Molto buono,18.0,2. Da 15 a 24,Roger Voss,"An excellent example of this local grape variety, this is an aromatic, full-bodied wine, with ripe fruit. Aromas of lavender are followed on the palate by flavors of almonds and fresh, green fruits.",4.94
400,Volpe Pasini 2007 Zuc di Volpe Pinot Bianco (Colli Orientali del Friuli),Volpe Pasini,Italia nord-orientale,Colli Orientali del Friuli,Pinot Bianco,2007,90,90-94 Ottimo,40.0,4. Da 40 a 74,Non indicato,"The Zuc di Volpe line boasts an exceedingly attractive expression of Pinot Bianco that is both aromatic and textured at the same time. The wine sees some oak aging that has helped shape aromas of almond, honey and fresh peach.",2.25
401,Volpe Pasini 2007 Zuc di Volpe Friulano (Colli Orientali del Friuli),Volpe Pasini,Italia nord-orientale,Colli Orientali del Friuli,Friulano,2007,87,87-89 Molto buono,38.0,3. Da 25 a 39,Non indicato,"This is an attractive wine with fresh tones of stone fruit, almond and a slight touch of vanilla. The Friulano grape exhibits very good structure and texture, which makes it a natural pairing partner to a wide range of foods.",2.29
402,Volpe Pasini 2008 Zuc di Volpe Pinot Grigio (Colli Orientali del Friuli),Volpe Pasini,Italia nord-orientale,Colli Orientali del Friuli,Pinot Grigio,2008,88,87-89 Molto buono,35.0,3. Da 25 a 39,Non indicato,"Here is a luscious and generous white wine from northeast Italy with a slightly more saturated color and golden highlights. The nose boasts aromas of white mineral, stone fruit, mature melon and yellow rose and the mouthfeel is thicker, creamier and more sophi",2.51
403,Volpe Pasini 2012 Zuc di Volpe Sauvignon (Colli Orientali del Friuli),Volpe Pasini,Italia nord-orientale,Colli Orientali del Friuli,Sauvignon,2012,88,87-89 Molto buono,40.0,4. Da 40 a 74,Kerin O'Keefe,"Fragrances are reminiscent of stone fruit, flint and dried hay. The subtle palate offers raw yellow peach, honeydew melon and tropical fruit alongside racy acidity.",2.2
404,Weingut Niklas 2012 Kerner (Alto Adige),Weingut Niklas,Italia nord-orientale,Alto Adige,Kerner,2012,87,87-89 Molto buono,23.0,2. Da 15 a 24,Kerin O'Keefe,"Subtle aromas of citrus, yellow apple and stone fruit are accented with a whiff of flint. The palate offers lemon zest, grapefruit, white spices and mineral alongside bright acidity. Omniwines Distribution, Astor Wines.",3.78
405,Zorzettig 2007 Sauvignon (Colli Orientali del Friuli),Zorzettig,Italia nord-orientale,Colli Orientali del Friuli,Sauvignon,2007,84,80-86 Buono,20.0,2. Da 15 a 24,Non indicato,"This Sauvignon is tuned down in terms of its aromatics and not very intense overall. You will encounter measured notes of acacia flower, honey and exotic fruit and the wine is fresh and informal in delivery.",4.2
406,Zorzettig 2007 Ronchi di Pietro Pinot Grigio (Colli Orientali del Friuli),Zorzettig,Italia nord-orientale,Colli Orientali del Friuli,Pinot Grigio,2007,86,80-86 Buono,18.0,2. Da 15 a 24,Non indicato,"This is a delicate and feminine copper-colored Pinot Grigio made by Francesco and Fulvio Zorzettig that boasts finely tuned aromas of white rose, peach and exotic fruit. It offers zesty acidity and a crisp, cleansing close.",4.78
407,Zuani 2011 Vigne White (Collio),Zuani,Italia nord-orientale,Collio,White Blend,2011,90,90-94 Ottimo,24.0,2. Da 15 a 24,Kerin O'Keefe,"This blend of Chardonnay, Sauvignon and Pinot Grigio opens with intense aromas of lemon blossom, pear, apple and flint. The linear palate delivers succulent white peach, green apple and lemon-lime alongside bright acidity.",3.75
408,Antica Fratta 2006 Riserva Extra Brut Quintessence Sparkling (Franciacorta),Antica Fratta,Lombardia,Franciacorta,Sparkling Blend,2006,90,90-94 Ottimo,40.0,4. Da 40 a 74,Kerin O'Keefe,"This wine has a layered fragrance of beeswax, acacia flower and smoke. The palate offers apricot, tropical fruit and bread crust and a hint of honey. It's elegant, but also has the structure to accompany most entrees as well as cured meats and cheese.",2.25
409,Bellavista 2002 Gran Cuvée Pas Operé Extra Brut Sparkling (Franciacorta),Bellavista,Lombardia,Franciacorta,Sparkling Blend,2002,90,90-94 Ottimo,81.0,5. 75 e oltre,Non indicato,"This Extra Brut sparkler offers drying mineral tones backed by passion fruit, kiwi, pear and Golden Delicious apple. The aromas are delicate and so are the flavors, although they do linger long on the palate. The wine is cheerful and bright throughout.",1.11
410,Bellavista 2007 Pas Operé Extra Brut Sparkling (Franciacorta),Bellavista,Lombardia,Franciacorta,Sparkling Blend,2007,91,90-94 Ottimo,64.0,4. Da 40 a 74,Kerin O'Keefe,"Fragrances recall acacia, white spring flowers, honey, bread dough and beeswax. The concentrated palate delivers mature yellow apple, toasted walnut, clove, vanilla and pie crust alongside vivacious, persistent effervescence.",1.42
411,Bellavista 2009 Saten Chardonnay (Franciacorta),Bellavista,Lombardia,Franciacorta,Chardonnay,2009,89,87-89 Molto buono,54.0,4. Da 40 a 74,Kerin O'Keefe,"Displaying its Chardonnay pedigree, this creamy sparkler opens with a floral fragrance of peach blossom, acacia, honey and walnut. Golden Delicious apple and citrus dominate the palate, balanced by bright acidity. It finishes on a hazelnut note.",1.65
412,Bertani 2008 Le Quaiare Lugana  (Lugana),Bertani,Lombardia,Lugana,Trebbiano,2008,88,87-89 Molto buono,25.0,3. Da 25 a 39,Non indicato,"This Trebbiano-based wine from the Lake Garda area of northern Italy boasts a ripe, concentrated golden color and sophisticated aromas of mature peach, apricot, almond and yellow rose. The wine is thick and creamy in the mouth and would pair with white meats o",3.52
413,Ca' Lojera 2016  Lugana,Ca' Lojera,Lombardia,Lugana,Turbiana,2016,89,87-89 Molto buono,19.0,2. Da 15 a 24,Kerin O'Keefe,"White spring flower, yellow stone fruit and a whiff of Mediterranean herb come together on this savory wine. The bright juicy palate offers creamy peach, Bartlett pear and a hint of nectarine while an almond note gives it a pleasantly bitter finish.",4.68
414,Ca' del Bosco 2011 Vintage Collection Brut Metodo Classico Sparkling (Franciacorta),Ca' del Bosco,Lombardia,Franciacorta,Sparkling Blend,2011,92,90-94 Ottimo,75.0,5. 75 e oltre,Kerin O'Keefe,"Creamy and delicious, this offers aromas that recall ripe orchard fruit, bread crust and citrus. The elegant palate doles out mature yellow apple, tangerine zest, pastry and hazelnut, all lifted by a silky perlage that leaves you wanting more.",1.23
415,Caven 2008 Inferno Al Carmine  (Valtellina Superiore),Caven,Lombardia,Valtellina Superiore,Nebbiolo,2008,91,90-94 Ottimo,29.0,3. Da 25 a 39,Kerin O'Keefe,"A Nebbiolo from the steep vineyards of Valtellina, this opens with aromas of crushed violets, perfumed berry, flint and a whiff of Alpine herbs. The bright palate delivers crushed sour cherries, juicy raspberries, grilled sage, tobacco and a hint of vanilla al",3.14
416,Contadi Castaldi 2009 Soul Satén Chardonnay (Franciacorta),Contadi Castaldi,Lombardia,Franciacorta,Chardonnay,2009,88,87-89 Molto buono,45.0,4. Da 40 a 74,Kerin O'Keefe,"Aromas of toast, vanilla, apple and bread crust follow over to the invigorating palate along with candied citrus and walnut. Small vigorous bubbles give it a vibrant edge.",1.96
417,CàMaiol 2015  Lugana,CàMaiol,Lombardia,Lugana,Turbiana,2015,87,87-89 Molto buono,26.0,3. Da 25 a 39,Kerin O'Keefe,"On the nose, this suggests thyme, toasted nut and ripe orchard fruit. The firm palate offers mature citrus zest and ripe pear flavors while a bitter almond note marks the finish.",3.35
418,Fay 2006 Ronco del Picchio  (Sforzato di Valtellina),Fay,Lombardia,Sforzato di Valtellina,Nebbiolo,2006,90,90-94 Ottimo,64.0,4. Da 40 a 74,Non indicato,"This savory and meaty red wine is made from air-dried Nebbiolo grapes much in the same style as Amarone. It opens with thick tones of pipe tobacco, smoked bacon and dried blackberry fruit. It shows power, density and personality.",1.41
419,Fay 2007 Carterìa  (Valtellina Superiore),Fay,Lombardia,Valtellina Superiore,Nebbiolo,2007,90,90-94 Ottimo,40.0,4. Da 40 a 74,Non indicato,"This ethereal expression of Nebbiolo (also called Chiavennasca) opens with rich density and ripe fruit intensity. Pretty tones of cola, dried ginger and licorice round out the back and the wine is fresh and well structured overall with firm, drying tannins.",2.25
420,Ferghettina 2010 Brut Rosé Sparkling (Franciacorta),Ferghettina,Lombardia,Franciacorta,Sparkling Blend,2010,92,90-94 Ottimo,60.0,4. Da 40 a 74,Kerin O'Keefe,"With its fragrance of wild flowers and red berries, this wine is as attractive as its unique, square-based bottle that allows for more contact between the yeasts and wine during secondary fermentation. Made with Pinot Noir, the crisp, savory palate boasts crus",1.53
421,Fratelli Berlucchi 2007 Casa delle Colonne Brut Riserva Sparkling (Franciacorta),Fratelli Berlucchi,Lombardia,Franciacorta,Sparkling Blend,2007,88,87-89 Molto buono,70.0,4. Da 40 a 74,Kerin O'Keefe,"This blend of Chardonnay and Pinot Nero offers aromas of white flower, beeswax, toasted almond and a yeasty note of bread crust. The palate displays mature golden apple peel, citrus zest, walnut and candied ginger alongside a soft mousse. It finishes on a note",1.26
422,Lantieri de Paratico 2009 Millesimato Arcadia Sparkling (Franciacorta),Lantieri de Paratico,Lombardia,Franciacorta,Sparkling Blend,2009,90,90-94 Ottimo,42.0,4. Da 40 a 74,Kerin O'Keefe,"This opens with a fragrance of white flowers, hints of vanilla and oak. The palate delivers pineapple and lemon peel flavors and a note of cream pastry, along with well integrated oak. The wine has a soft texture and a small, persistent bead. Pair this with sh",2.14
423,Le Marchesine 2008 Rosé Millesimato Sparkling (Franciacorta),Le Marchesine,Lombardia,Franciacorta,Sparkling Blend,2008,90,90-94 Ottimo,41.0,4. Da 40 a 74,Kerin O'Keefe,"This alluring rosé sparkler has a heady fragrance of wild flowers and pressed, white roses. The palate is focused and precise, delivering creamy strawberry, white cherry and pink grapefruit flavors, along with a fine perlage.",2.2
424,Mamete Prevostini 2014 Sassella  (Valtellina Superiore),Mamete Prevostini,Lombardia,Valtellina Superiore,Nebbiolo,2014,88,87-89 Molto buono,35.0,3. Da 25 a 39,Kerin O'Keefe,"Aromas of oak, coconut, blue flower and a whiff of exotic spice lead the nose. The linear palate is on the lean side, offering tart red cherry, raspberry, anise and oak-driven spice alongside fine-grained tannins and firm acidity.",2.51
425,Marangona 2013 Trecampane  (Lugana),Marangona,Lombardia,Lugana,Turbiana,2013,92,90-94 Ottimo,20.0,2. Da 15 a 24,Kerin O'Keefe,"Alluring aromas of white flower, orchard fruit and Mediterranean herb mingle in the glass. The delicious, linear palate offers a nice depth of flavors including juicy yellow peach, tart green apple, nectarine and a hint of ginger alongside tangy acidity. The l",4.6
426,Monteci 2016  Lugana,Monteci,Lombardia,Lugana,Turbiana,2016,86,80-86 Buono,20.0,2. Da 15 a 24,Kerin O'Keefe,"Spring flower, yellow stone fruit and tomato vine aromas lead to a linear palate laced with grapefruit and a hint of green melon. Vibrant acidity gives it a refreshing finish.",4.3
427,Montenisa 2004 Brut Satèn Chardonnay (Franciacorta),Montenisa,Lombardia,Franciacorta,Chardonnay,2004,90,90-94 Ottimo,32.0,3. Da 25 a 39,Non indicato,"Loads of peach and honey open the nose of this creamy, rich Chardonnay-based sparkling wine. In the mouth, the wine delivers sharp acidity and piquant effervescence.",2.81
428,Montenisa 2006 Contessa Maggi Sparkling (Franciacorta),Montenisa,Lombardia,Franciacorta,Sparkling Blend,2006,90,90-94 Ottimo,45.0,4. Da 40 a 74,Kerin O'Keefe,"A blend of 70% Chardonnay and 30% Pinot Nero, this begins with aromas of chamomile, honey and acacia. The lively palate offers ripe yellow apple, candied citrus and walnut alongside a persistent perlage and bright acidity.",2.0
429,Montenisa 2007 Conte Aimo Pinot Nero (Franciacorta),Montenisa,Lombardia,Franciacorta,Pinot Nero,2007,89,87-89 Molto buono,55.0,4. Da 40 a 74,Kerin O'Keefe,"Made with 100% Pinot Nero, this offers tart apple, lemon rind and roasted hazelnut flavors alongside bright acidity and small, persistent bubbles. It's subtle and refined with a dry finish.",1.62
430,Olivini 2013 Demesse Vecchie  (Lugana),Olivini,Lombardia,Lugana,Turbiana,2013,89,87-89 Molto buono,23.0,2. Da 15 a 24,Kerin O'Keefe,"Aromas of white flower, beeswax, pear and a hint of vanilla lead the nose. The medium-bodied palate offers crisp yellow apple, citrus zest and a mineral note alongside tangy acidity.",3.87
431,Ottella 2013 Le Creete  (Lugana),Ottella,Lombardia,Lugana,Turbiana,2013,89,87-89 Molto buono,25.0,3. Da 25 a 39,Kerin O'Keefe,"Intense aromas recall tropical fruit, crushed tomato vine and Granny Smith apples. The bright, juicy palate offers white peach, apricot, papaya, cantaloupe and almond, along with crisp acidity.",3.56
432,Ottella 2014 Le Creete  (Lugana),Ottella,Lombardia,Lugana,Turbiana,2014,91,90-94 Ottimo,25.0,3. Da 25 a 39,Kerin O'Keefe,"Jasmine, honeysuckle and tropical fruit aromas lead the nose. The round palate doles out juicy peach, mature pear and green apple. Fresh acidity brightens the creamy flavors while a mineral vein and an herbal note add depth.",3.64
433,Ottella 2014  Lugana,Ottella,Lombardia,Lugana,Turbiana,2014,90,90-94 Ottimo,19.0,2. Da 15 a 24,Kerin O'Keefe,"Aromas of white flower, tropical fruit and peach mingle in the glass. The round, juicy palate offers stone fruit, green apple and mineral alongside bright acidity. The lingering finish has a note of ginger drop.",4.74
434,Pasini San Giovanni 2016  Lugana,Pasini San Giovanni,Lombardia,Lugana,Turbiana,2016,88,87-89 Molto buono,20.0,2. Da 15 a 24,Kerin O'Keefe,"Subtle orchard fruit and spring blossom aromas lift from the glass. On the vibrant, mouthwatering palate, fresh acidity underscores white peach, Bartlett pear and juicy citrus notes.",4.4
435,Perla del Garda 2010 Madonna della Scoperta  (Lugana),Perla del Garda,Lombardia,Lugana,Turbiana,2010,85,80-86 Buono,31.0,3. Da 25 a 39,Kerin O'Keefe,"Aromas include toasted wood, smoky mineral and yellow apples. The palate offers oak, a hint of lemon zest and a medicinal sensation alongside racy acidity. There's not enough fruit richness to support the oak or the acidity. It ends on a bitter note.",2.74
436,Perla del Garda 2013 Vendemmia Tardiva  (Lugana),Perla del Garda,Lombardia,Lugana,Turbiana,2013,88,87-89 Molto buono,29.0,3. Da 25 a 39,Kerin O'Keefe,"Aromas suggesting Anjou pear, almond, grilled herb and a whiff of smoke come together in the glass while the palate offers tangerine zest, ginger and mineral. Fresh acidity lends balance.",3.03
437,Quadra 2004 Brut Quvée 15 Sparkling (Franciacorta),Quadra,Lombardia,Franciacorta,Sparkling Blend,2004,91,90-94 Ottimo,51.0,4. Da 40 a 74,Non indicato,"From the 2004 vintage, this Cuvée sparkling wine (80-20 Chardonnay and Pinot Nero) offers sophisticated aromas of baked bread, butterscotch and molasses. The color boasts a deep golden hue and the mouthfeel shows both impressive density and staying power.",1.78
438,Rainoldi 2010 Sassella  (Valtellina Superiore),Rainoldi,Lombardia,Valtellina Superiore,Nebbiolo,2010,89,87-89 Molto buono,24.0,2. Da 15 a 24,Kerin O'Keefe,"Aged in large casks, this Nebbiolo opens with classic varietal aromas of dried rose petal, underbrush, red berry and a balsamic note. The elegant palate delivers sour cherries, crushed raspberries, anise and a touch of baking spice alongside fine-grained tanni",3.71
439,Rainoldi 2011 Sassella  (Valtellina Superiore),Rainoldi,Lombardia,Valtellina Superiore,Nebbiolo,2011,89,87-89 Molto buono,23.0,2. Da 15 a 24,Kerin O'Keefe,"This 100% Nebbiolo opens with classic varietal aromas of dried rose petal, underbrush and balsam. The savory palate delivers red raspberry, sour cherry and baking spice flavors, with polished tannins and fresh acidity. Drink now-2021.",3.87
440,Ricci Curbastro 2008 Satèn Brut Chardonnay (Franciacorta),Ricci Curbastro,Lombardia,Franciacorta,Chardonnay,2008,87,87-89 Molto buono,47.0,4. Da 40 a 74,Kerin O'Keefe,"This sparkling wine, made entirely from Chardonnay, offers aromas of yellow flowers, oak and lemon peel. The palate shows evident oak, buttery sensations, apricot and citrus. The finish releases notes of bitter almond.",1.85
441,Ricci Curbastro 2009 Extra Brut Sparkling (Franciacorta),Ricci Curbastro,Lombardia,Franciacorta,Sparkling Blend,2009,86,80-86 Buono,47.0,4. Da 40 a 74,Kerin O'Keefe,"Subdued aromas recall white flower and stone fruit. The muted palate reveals mature yellow apple skin, lemon zest and notes of nut butter alongside sharp bubbles. It has a tangy but fleeting finish.",1.83
442,Zenato 2014  Lugana,Zenato,Lombardia,Lugana,Turbiana,2014,88,87-89 Molto buono,16.0,2. Da 15 a 24,Kerin O'Keefe,"Made with Turbiana grapes grown near the shores of Lake Garda, this pretty white features delicate aromas of white flower and orchard fruit. The bright palate offers juicy yellow peach, nectarine and apple alongside brisk acidity.",5.5
443,Ada Nada 2011 Elisa  (Barbaresco),Ada Nada,Piemonte,Barbaresco,Nebbiolo,2011,90,90-94 Ottimo,41.0,4. Da 40 a 74,Kerin O'Keefe,"A big, soulful wine, this has slightly funky, earthy aromas that include tilled soil, truffle, leather, underbrush and mature black fruit. The fleshy palate delivers ripe black cherry, juicy raspberry, white pepper, cinnamon, vanilla and a touch of mocha. It's",2.2
444,Ada Nada 2012 Valeirano  (Barbaresco),Ada Nada,Piemonte,Barbaresco,Nebbiolo,2012,88,87-89 Molto buono,41.0,4. Da 40 a 74,Kerin O'Keefe,"The nose isn't very expressive but eventually reveals sawdust, toasted oak and roasted coffee bean. The palate delivers raw red cherry, anise and espresso alongside bracing tannins. Give this time to fully develop. Drink after 2018.",2.15
445,Albino Rocca 2009 Duemilanove  (Barbaresco),Albino Rocca,Piemonte,Barbaresco,Nebbiolo,2009,91,90-94 Ottimo,45.0,4. Da 40 a 74,Non indicato,"This youthful Barbaresco opens with soft layers of ripe cherry fruit and a plush, rich texture. There's substance, firmness and a deeper color here that will give this wine a long aging future.",2.02
446,Albino Rocca 2011 Ronchi Riserva  (Barbaresco),Albino Rocca,Piemonte,Barbaresco,Nebbiolo,2011,92,90-94 Ottimo,120.0,5. 75 e oltre,Kerin O'Keefe,"Ripe berry, leather, menthol, baking spice and pipe tobacco aromas almost jump out of the glass. The structured, generous palate delivers fleshy black cherry, raspberry compote, clove and star anise alongside firm, velvety tannins. Drink 2017-2023.",0.77
447,Albino Rocca 2014 Angelo  (Barbaresco),Albino Rocca,Piemonte,Barbaresco,Nebbiolo,2014,96,95-100 Eccezionale,98.0,5. 75 e oltre,Kerin O'Keefe,"Earthy, enticing violet, pressed rose, new leather crushed mint and game aromas follow through to succulent, savory palate, along with Marasca cherry and cranberry notes. Star anise, white pepper and clove accents add depth while youthfully assertive, refined ",0.98
448,Anzivino 2010  Gattinara,Anzivino,Piemonte,Gattinara,Nebbiolo,2010,93,90-94 Ottimo,35.0,3. Da 25 a 39,Kerin O'Keefe,"Enticing scents of perfumed berry, violet, dried herb and cake spice take center stage along with a balsamic note. The palate is firmly structured but elegant, offering tart red cherry, crushed raspberry, cinnamon and licorice. It's well balanced and young wit",2.66
449,Arbiola 2011 Ferlingot  (Moscato d'Asti),Arbiola,Piemonte,Moscato d'Asti,Moscato,2011,86,80-86 Buono,13.0,1. Sotto 15,Non indicato,Musky notes of dried sage and white flower are followed by aromas of white peach and almond skin. There's a touch of white pepper on the close that gives the wine extra lift and intensity. The wine ends with a delicate touch of peach sweetness.,6.62
450,Ascheri 2012 San Giacomo  (Nebbiolo d'Alba),Ascheri,Piemonte,Nebbiolo d'Alba,Nebbiolo,2012,90,90-94 Ottimo,25.0,3. Da 25 a 39,Kerin O'Keefe,"Violets, underbrush, woodland berries and baking spice aromas lead the nose on this lovely, youthful Nebbiolo. The lively palate delivers crunchy red cherry and wild strawberry accented with notes of white pepper and citrus alongside supple tannins and brisk a",3.6
451,Ascheri 2012  Barolo,Ascheri,Piemonte,Barolo,Nebbiolo,2012,89,87-89 Molto buono,50.0,4. Da 40 a 74,Kerin O'Keefe,"This opens with aromas of grilled porcini, menthol and a hint of Asian spice while the straightforward palate offers ripe raspberry, dark cherry and cake spice. Firm, fine-grained tannins provide support.",1.78
452,Azelia 2011 Margheria  (Barolo),Azelia,Piemonte,Barolo,Nebbiolo,2011,93,90-94 Ottimo,75.0,5. 75 e oltre,Kerin O'Keefe,"Intense aromas of rose, iris, perfumed berry and eucalyptus lead the way on this radiant wine. The vibrant palate offers juicy wild cherry, raspberry, grilled sage, menthol and dark kitchen spice while firm, fine-grained tannins provide the framework.",1.24
453,Azelia 2012 San Rocco  (Barolo),Azelia,Piemonte,Barolo,Nebbiolo,2012,94,90-94 Ottimo,85.0,5. 75 e oltre,Kerin O'Keefe,"Enticing aromas of blue flower, ripe berry, leather and a hint of baking spice meld together. The juicy, delicious palate offers ripe black cherry, crushed raspberry, clove and ground pepper. Firm, velvety tannins support the succulent fruit.",1.11
454,Azienda Agricola Cogno 2008 Bricco dei Merli  (Barbera d'Alba),Azienda Agricola Cogno,Piemonte,Barbera d'Alba,Barbera,2008,88,87-89 Molto buono,23.0,2. Da 15 a 24,Non indicato,"This Barbera d'Alba opens with dark, sophisticated aromas of exotic spice, black fruit, toasted nut, cherry, root beer and licorice. There's a touch of natural rubber at the back and the wine offers some sweet fruit flavors as well.",3.83
455,Barale Fratelli 2007 Vigna Castellero  (Barolo),Barale Fratelli,Piemonte,Barolo,Nebbiolo,2007,92,90-94 Ottimo,69.0,4. Da 40 a 74,Non indicato,"Barolo Castellero opens with vibrant tones of red cherry and cassis with elegant tones of licorice, cola, mesquite smoke and dried lavender flowers. It's a nuanced, feminine expression of Nebbiolo with impressive complexity and solid tannins at the back.",1.33
456,Batasiolo 2013 Boscareto  (Barolo),Batasiolo,Piemonte,Barolo,Nebbiolo,2013,92,90-94 Ottimo,79.0,5. 75 e oltre,Kerin O'Keefe,"Underbrush, new leather, menthol, culinary spice, dark fruit and toast aromas take center stage in this wine. The elegantly structured and linear palate delivers red cherry, strawberry, cinnamon and white pepper flavors set against bright acidity and taut, fin",1.16
457,Bava 2015 Libera  (Barbera d'Asti),Bava,Piemonte,Barbera d'Asti,Barbera,2015,90,90-94 Ottimo,24.0,2. Da 15 a 24,Kerin O'Keefe,"Aromas of black-skinned berry, violet and underbrush lift from the glass. The juicy lively palate presents red cherry, crushed raspberry and a hint of truffle set against fresh acidity and polished tannins. Enjoy through 2022.",3.75
458,Bel Colle 2011 Monvigliero  (Barolo),Bel Colle,Piemonte,Barolo,Nebbiolo,2011,91,90-94 Ottimo,70.0,4. Da 40 a 74,Kerin O'Keefe,"Truffle, underbrush, dark berry, mocha and grilled sage aromas unfold in the glass. The firm palate delivers smoke, raw berry, baking spice, anise and a sprinkling of aromatic herb while bracing tannins provide the backbone.",1.3
459,Bel Colle 2012 Simposio  (Barolo),Bel Colle,Piemonte,Barolo,Nebbiolo,2012,95,95-100 Eccezionale,60.0,4. Da 40 a 74,Kerin O'Keefe,"Enticing scents of ripe berry, underbrush, grilled herb and eucalyptus mingle together along with an underlying fragrance of rose petal. Elegant and fresh, the impeccably balanced palate delivers tart red cherry, cake spice, white pepper and mineral nuances al",1.58
460,Bella Bollè 2011  Moscato d'Asti,Bella Bollè,Piemonte,Moscato d'Asti,Moscato,2011,85,80-86 Buono,9.0,1. Sotto 15,Non indicato,"Packaged in an electric blue bottle, Bella Bollè is a soft, foamy sweet sparkler with bright aromas of peach blossom, dried ginger, sage, white flower and musky soap. The quality of the bubbles is creamy and rich.",9.44
461,Beni di Batasiolo 2003  Barolo,Beni di Batasiolo,Piemonte,Barolo,Nebbiolo,2003,87,87-89 Molto buono,43.0,4. Da 40 a 74,Non indicato,"The color is showing serious signs of browning, and the nose already has mushroom and very earthy aromas mingled in with the fresh fruit. Probably at its peak, and unlikely to get better, it is however a nice example of a mature Barolo, but not a wine for the ",2.02
462,Beni di Batasiolo 2006 Vigneto Boscareto  (Barolo),Beni di Batasiolo,Piemonte,Barolo,Nebbiolo,2006,91,90-94 Ottimo,75.0,5. 75 e oltre,Non indicato,"Aged in large oak casks, this shows natural intensity and purity that is evident its quality of fruit and elegant nature. Aromas include ginger, forest berry, white truffle and cola. The tannins are fine and silky.",1.21
463,Bera 2009 Riserva  (Barbaresco),Bera,Piemonte,Barbaresco,Nebbiolo,2009,90,90-94 Ottimo,40.0,4. Da 40 a 74,Kerin O'Keefe,"Rose petal, violet, tilled earth, leather and a whiff of pastry cream lead the nose. The ripe palate delivers succulent wild cherry accented with cracked black pepper and cinnamon supported by assertive tannins. It's delicious and structured but also forward, ",2.25
464,Bera 2010 Riserva  (Barbaresco),Bera,Piemonte,Barbaresco,Nebbiolo,2010,88,87-89 Molto buono,48.0,4. Da 40 a 74,Kerin O'Keefe,"This opens with scents of dark berry, toast and a whiff of graphite. On the tense palate, notes of sage, aniseed and tobacco add depth to the core of raw red cherry while bracing tannins offer support. It's still primary so give it time. Drink 2018-2025.",1.83
465,Bera 2012  Barbaresco,Bera,Piemonte,Barbaresco,Nebbiolo,2012,92,90-94 Ottimo,40.0,4. Da 40 a 74,Kerin O'Keefe,"This offers alluring aromas of ripe berry, iris and a whiff of baking spice. The savory palate boasts succulent wild cherry, raspberry, aniseed and tobacco accompanied by ripe, chewy tannins and bright acidity. It's still young but will develop complexity. Dri",2.3
466,Bersano 2009 Costalunga  (Barbera d'Asti),Bersano,Piemonte,Barbera d'Asti,Barbera,2009,88,87-89 Molto buono,10.0,1. Sotto 15,Non indicato,"Blackberry, tobacco and spice flavors give this an appropriate air of sophistication. It should pair with pizza or pasta.",8.8
467,Bersano 2012 Mantico  (Barbaresco),Bersano,Piemonte,Barbaresco,Nebbiolo,2012,93,90-94 Ottimo,50.0,4. Da 40 a 74,Kerin O'Keefe,"Menthol, dark berry, violet and cake spice aromas lead the way on this striking wine. It's still young and nervous, with tight tannins, but it also shows black cherry, white pepper, clove and mocha. Firm, velvety tannins and bright acidity provide the backbone",1.86
468,Bersano 2015 Monteolivo  (Moscato d'Asti),Bersano,Piemonte,Moscato d'Asti,Moscato,2015,88,87-89 Molto buono,19.0,2. Da 15 a 24,Kerin O'Keefe,"Aromas of citrus blossom, white stone fruit and sage lead the nose on this bright, frothy dessert wine. The rich palate doles out lemon, tangerine zest and apricot offset by fresh acidity and a soft mousse.",4.63
469,Boasso 2012 Gabutti  (Barolo),Boasso,Piemonte,Barolo,Nebbiolo,2012,88,87-89 Molto buono,53.0,4. Da 40 a 74,Kerin O'Keefe,"Oak, ripe berry, toast, menthol and vanilla aromas set the tone. On the bracing palate, notes of mocha, espresso and licorice accent dried black cherry while astringent tannins leave a raspy finish.",1.66
470,Borgo Maragliano 2011 Brachetto (Piedmont),Borgo Maragliano,Piemonte,Piedmont,Brachetto,2011,85,80-86 Buono,19.0,2. Da 15 a 24,Non indicato,"Truly enjoyable, this has loads of fizzy bubbles and sweet tones of strawberry and raspberry tart. This sweet, sparkling red wine is made with low atmospheric pressure, giving it a soft, creamy feel.",4.47
471,Borgogno 2011 Fossati  (Barolo),Borgogno,Piemonte,Barolo,Nebbiolo,2011,89,87-89 Molto buono,115.0,5. 75 e oltre,Kerin O'Keefe,"This offers aromas of pressed rose, cherry marinated in spirits, aromatic herb and menthol. The bracing palate shows raw red cherry, clove, white pepper and a hint of mocha while assertive tannins and racy acidity provide the framework. It's still young and ag",0.77
472,Borgogno F.lli Serio e Battista 2009  Barbera d'Alba Superiore,Borgogno F.lli Serio e Battista,Piemonte,Barbera d'Alba Superiore,Barbera,2009,88,87-89 Molto buono,20.0,2. Da 15 a 24,Kerin O'Keefe,"A delicious, classic Barbera with a dense core of rich black cherry and spice balanced by fresh acidity. Well made, with a long, clean finish, this is a perfect match for barbecued meats.",4.4
473,Borgogno F.lli Serio e Battista 2012  Barolo,Borgogno F.lli Serio e Battista,Piemonte,Barolo,Nebbiolo,2012,87,87-89 Molto buono,35.0,3. Da 25 a 39,Kerin O'Keefe,"Berry, menthol and a hint of espresso aromas lead the way while the straightforward palate shows mature black-skinned berry, coffee and a hint of licorice. It's already approachable. Drink through 2020.",2.49
474,Boroli 2010 Villero  (Barolo),Boroli,Piemonte,Barolo,Nebbiolo,2010,88,87-89 Molto buono,77.0,5. 75 e oltre,Kerin O'Keefe,"This retro-styled wine displays its new-wood influence. It opens with aromas of coconut, oak extract, coffee and espresso that continue onto the palate along with a hint of mint and spice. But there's not enough fruit richness to support the evident oak and dr",1.14
475,Bosio 2007  Barbaresco,Bosio,Piemonte,Barbaresco,Nebbiolo,2007,89,87-89 Molto buono,32.0,3. Da 25 a 39,Non indicato,"This is aged for two years in French oak to shape a complex and layered bouquet that bears notes of red currant, smoked meat and exotic spice. The palate is firm, finely textured and long lasting.",2.78
476,Bosio 2007  Barolo,Bosio,Piemonte,Barolo,Nebbiolo,2007,90,90-94 Ottimo,42.0,4. Da 40 a 74,Non indicato,"Luca Bosio's elegant Barolo opens with pretty aromas of currant, dried lavender, blackberry and crisp forest berry. The structure is solid and firm, and the tannins have a dry, silky quality.",2.14
477,Bosio 2010 Boschi dei Signori  (Barolo),Bosio,Piemonte,Barolo,Nebbiolo,2010,87,87-89 Molto buono,44.0,4. Da 40 a 74,Kerin O'Keefe,"Funky aromas of barnyard eventually burn off to reveal game, animal, rubber, earth and leather. The palate displays porcini mushroom with raw cherry, prune, nutmeg and dried sage. There's not much complexity and it's not an ager so enjoy over the next few year",1.98
478,Braida di Giacomo Bologna 2013 Montebruna  (Barbera d'Asti),Braida di Giacomo Bologna,Piemonte,Barbera d'Asti,Barbera,2013,88,87-89 Molto buono,23.0,2. Da 15 a 24,Kerin O'Keefe,"Aromas of black raspberry, violet, baking spice and a whiff of game lead the nose. The chewy palate offers juicy sour cherry, ground pepper and licorice alongside racy acidity and round tannins. It's meant to be drunk young so enjoy soon.",3.83
479,Brezza 2008 Bricco Sarmassa  (Barolo),Brezza,Piemonte,Barolo,Nebbiolo,2008,91,90-94 Ottimo,62.0,4. Da 40 a 74,Non indicato,"This opens with a bright fruit tone backed by notes of raw spice, fresh ginger, cola and dried herb. The palate shows clean, bold intensity thanks to the firm, polished nature of the tannins.",1.47
480,Brezza 2011  Barbera d'Alba Superiore,Brezza,Piemonte,Barbera d'Alba Superiore,Barbera,2011,90,90-94 Ottimo,30.0,3. Da 25 a 39,Kerin O'Keefe,"Mouthwatering aromas of dark berry, cooking spice and cured meat lead the nose on this bold wine. The savory palate doles out layers of mature black cherry, blackberry, ground black pepper and savory herb alongside firm acidity and velvety tannins. Drink throu",3.0
481,Brezza 2012  Barbera d'Alba Superiore,Brezza,Piemonte,Barbera d'Alba Superiore,Barbera,2012,92,90-94 Ottimo,30.0,3. Da 25 a 39,Kerin O'Keefe,"Mature dark-skinned berry, leather, forest floor, eucalyptus and dark cooking spice aromas come together in the glass. The delicious palate doles out juicy black cherry, blackberry, white pepper, clove and licorice alongside round, chewy tannins.",3.07
482,Brezza 2012  Barolo,Brezza,Piemonte,Barolo,Nebbiolo,2012,88,87-89 Molto buono,46.0,4. Da 40 a 74,Kerin O'Keefe,"Aromas of menthol, ripe berry, dark spice and a balsamic note lead the nose. On the straightforward palate, star anise accents dried cherry while firm tannins provide support.",1.91
483,Brezza 2013 Castellero  (Barolo),Brezza,Piemonte,Barolo,Nebbiolo,2013,94,90-94 Ottimo,50.0,4. Da 40 a 74,Kerin O'Keefe,"Violet, iris, perfumed berry, pine forest and baking spice aromas mingle in this fragrant, precise wine. The linear, focused palate offers cranberry, pomegranate, licorice and white pepper flavors alongside a backbone of vibrant acidity and youthfully austere ",1.88
484,Bric Cenciurio 2012 Monrobiolo di Bussia  (Barolo),Bric Cenciurio,Piemonte,Barolo,Nebbiolo,2012,88,87-89 Molto buono,72.0,4. Da 40 a 74,Kerin O'Keefe,"Aromas of toast, ripe berry, clove and mocha lead the nose. The palate shows tart cherry, raw strawberry, anise and a hint of espresso alongside tightly wound, fine-grained tannins that grip the finish.",1.22
485,Bricco dei Guazzi 2007  Barbera del Monferrato,Bricco dei Guazzi,Piemonte,Barbera del Monferrato,Barbera,2007,87,87-89 Molto buono,24.0,2. Da 15 a 24,Non indicato,"Here's a simpatico Barbera from Monferrato with bright berry and cherry notes followed by a slightly thicker, more substantial texture. You'll get drying tannins and bright acidity that keeps the palate polished and clean.",3.62
486,Bricco dei Guazzi 2007  Gavi di Gavi,Bricco dei Guazzi,Piemonte,Gavi di Gavi,Cortese,2007,87,87-89 Molto buono,20.0,2. Da 15 a 24,Non indicato,The nose is all gardenia and pear enveloped by citrus. The crisp palate doesn't have a great deal of intensity but compensates with very pleasant flavors of pear drop and nettle. Enjoy with fish in a citrus sauce.,4.35
487,Broccardo 2012 I Tre Pais  (Barolo),Broccardo,Piemonte,Barolo,Nebbiolo,2012,88,87-89 Molto buono,50.0,4. Da 40 a 74,Kerin O'Keefe,"This opens with aromas of oak, toast and espresso that carry over to the firmly structured palate along with herb and dried black cherry. Austere tannins clench the finish.",1.76
488,Broglia 2009 La Meirana  (Gavi),Broglia,Piemonte,Gavi,Cortese,2009,87,87-89 Molto buono,24.0,2. Da 15 a 24,Non indicato,"One of the best qualities of Gavi is that tight, mineral note of talc powder or crushed stone that holds it all together. La Meirana is exemplary in this regard making this crisp wine perfect for fresh spring asparagus or a local Piedmont speciality such as sf",3.62
489,Broglia 2011 Bruno Broglia  (Cortese di Gavi),Broglia,Piemonte,Cortese di Gavi,Cortese,2011,86,80-86 Buono,25.0,3. Da 25 a 39,Kerin O'Keefe,"This Gavi has delicate floral aromas of peach blossom and Spanish broom accompanied by restrained citrus and pear flavors. Linear with crisp acidity, this would pair well with moderately seasoned fish dishes.",3.44
490,Broglia 2014 La Meirana del Comune di Gavi  (Gavi),Broglia,Piemonte,Gavi,Cortese,2014,85,80-86 Buono,15.0,2. Da 15 a 24,Kerin O'Keefe,"Lightly scented, this opens with aromas suggesting white spring flower and orchard fruit. The rather lean, racy palate offers unripe apple, a hint of citrus and a medicinal note alongside brisk acidity.",5.67
491,Bruno Rocca 2012 Coparossa  (Barbaresco),Bruno Rocca,Piemonte,Barbaresco,Nebbiolo,2012,88,87-89 Molto buono,80.0,5. 75 e oltre,Kerin O'Keefe,"This opens with aromas of red berry, espresso and a whiff of sawdust. On the palate, raw red cherry is backed up by licorice, toast and roasted coffee bean but it lacks the fruit richness needed to stand up to the oak and the youthfully raspy tannins which lea",1.1
492,Ca' Viola 2006 Sotto Castello  (Barolo),Ca' Viola,Piemonte,Barolo,Nebbiolo,2006,92,90-94 Ottimo,59.0,4. Da 40 a 74,Non indicato,"This boasts a bright ruby color, and it shows fine nuances of wild fruit, dried ginger, licorice and dried tobacco. The palate finishes with smooth, silky tannins.",1.56
493,Ca' del Baio 2011 Bric del Baio Nebbiolo (Langhe),Ca' del Baio,Piemonte,Langhe,Nebbiolo,2011,87,87-89 Molto buono,25.0,3. Da 25 a 39,Kerin O'Keefe,"This young Nebbiolo is loaded with ripe red cherry and black raspberry sensations accented with notes of white pepper. It's straightforward, with a round, soft palate and velvety tannins. Not an ager so enjoy this soon.",3.48
494,Ca' del Baio 2013 Pora  (Barbaresco),Ca' del Baio,Piemonte,Barbaresco,Nebbiolo,2013,87,87-89 Molto buono,65.0,4. Da 40 a 74,Kerin O'Keefe,"This opens with aromas suggesting underbrush, crushed herb and blue flower. The palate is tightly wound and rather closed, showing hints of orange zest and raw cranberry. Racy acidity and austere tannins clench the finish.",1.34
495,Ca' del Baio 2014 Autinbej  (Barbaresco),Ca' del Baio,Piemonte,Barbaresco,Nebbiolo,2014,88,87-89 Molto buono,37.0,3. Da 25 a 39,Kerin O'Keefe,"Dark spice, camphor, menthol and crushed herb aromas take center stage in this wine. The palate offers dried black cherry, mocha and licorice flavors alongside assertive, close-grained tannins. A hint of candied orange zest signals the close.",2.38
496,Ca'Romè 2005 Vigna Rapet  (Barolo),Ca'Romè,Piemonte,Barolo,Nebbiolo,2005,88,87-89 Molto buono,112.0,5. 75 e oltre,Non indicato,"This vintage of Rapet shows vibrant fruit flavors that stretch into the realm of over ripeness. The aromas include stewy plum, raspberry and strawberry and are brought in line thanks to contrasting notes of mineral and white mushroom. It offers bursting berry ",0.79
497,Ca'Romè 2006 Maria di Brün  (Barbaresco),Ca'Romè,Piemonte,Barbaresco,Nebbiolo,2006,88,87-89 Molto buono,95.0,5. 75 e oltre,Non indicato,"This is a subdued and somewhat neutral expression of Nebbiolo with measured aromas of black fruit, plum, black currant and moist earth. The wine is definitely more lively in the mouth where it picks up points thanks to its firm disposition and lingering flavor",0.93
498,Ca'Romè 2012 Cerretta  (Barolo),Ca'Romè,Piemonte,Barolo,Nebbiolo,2012,90,90-94 Ottimo,103.0,5. 75 e oltre,Kerin O'Keefe,"Aromas of oak, toast, espresso and a whiff of violet come together. The firmly structured palate offers dried black cherry, orange zest and licorice alongside bracing tannins.",0.87
499,Cantina Massara Burlotto 2012  Barolo,Cantina Massara Burlotto,Piemonte,Barolo,Nebbiolo,2012,92,90-94 Ottimo,52.0,4. Da 40 a 74,Kerin O'Keefe,"Underbrush, truffle, baking spice, leather and tobacco aromas segue over to the smooth full-bodied palate along with raspberry jam, licorice and clove. Seasoned polished tannins provide elegance and structure. Drink through 2027.",1.77
500,Cantina del Pino 2011  Barbaresco,Cantina del Pino,Piemonte,Barbaresco,Nebbiolo,2011,90,90-94 Ottimo,44.0,4. Da 40 a 74,Kerin O'Keefe,"Crushed rose, pressed violet, perfumed berry, sage and a balsamic note are just some of the aromas you'll find on this full-bodied red. The firm palate offers dried black cherry, black pepper and licorice alongside tightly knit tannins and the subtle warmth of",2.05
501,Cantina del Pino 2013 Gallina  (Barbaresco),Cantina del Pino,Piemonte,Barbaresco,Nebbiolo,2013,89,87-89 Molto buono,45.0,4. Da 40 a 74,Kerin O'Keefe,"This wine's chopped herb, dark culinary spice, eucalyptus and oak aromas unfold in the glass. The firm palate offers raw cherry, ground clove, star anise and tobacco set against close-grained tannins that grip the finish.",1.98
502,CarlindePaolo 2009 Cursus Vitae  (Barbera d'Asti),CarlindePaolo,Piemonte,Barbera d'Asti,Barbera,2009,86,80-86 Buono,15.0,2. Da 15 a 24,Non indicato,"Aged only in stainless steel, this youthful Barbera d'Asti shows cheerful aromas of ripe fruit and sweet berries. The wine does a very nice job of balancing its naturally fresh acidity with the bright, pristine nature of its fruit.",5.73
503,Cascina Ballarin 2012 Bricco Rocca  (Barolo),Cascina Ballarin,Piemonte,Barolo,Nebbiolo,2012,91,90-94 Ottimo,59.0,4. Da 40 a 74,Kerin O'Keefe,"Aromas of toast, mocha, dark berry, roasted herb and scorched soil slowly come together. The ripe, concentrated palate offers fleshy dark-skinned berry, clove and tobacco alongside a tannic backbone. Drink 2019-2024.",1.54
504,Cascina Corte di Barosi Alessandro 2007 Vigna Pirochetta  (Dolcetto di Dogliani),Cascina Corte di Barosi Alessandro,Piemonte,Dolcetto di Dogliani,Dolcetto,2007,88,87-89 Molto buono,20.0,2. Da 15 a 24,Non indicato,"This organically farmed Dolcetto delivers surprising sophistication with tones of wild mushroom and spice behind bright red fruit and berry. The wine is slightly tannic but closes with a smooth, polished texture.",4.4
505,Cascina Cà Rossa 2006 Monpissano Riserva  (Roero),Cascina Cà Rossa,Piemonte,Roero,Nebbiolo,2006,87,87-89 Molto buono,45.0,4. Da 40 a 74,Non indicato,"Bone dry and extremely tannic, this Roero Riserva offers interesting notes of wild berries, candied fruit, orange zest and wild flowers. It's tight, firm and sharp on the palate.",1.93
506,Cascina Liuzzi 2012 Sil Nizza  (Barbera d'Asti Superiore),Cascina Liuzzi,Piemonte,Barbera d'Asti Superiore,Barbera,2012,90,90-94 Ottimo,18.0,2. Da 15 a 24,Kerin O'Keefe,"Firm and full-bodied, this opens with aromas of mature plum, underbrush, baked earth, vanilla and exotic spice. The high-toned, chewy palate doles out ripe black cherry, raspberry jam, vanilla, mocha, white pepper and mint alongside polished tannins.",5.0
507,Cascina Luisin 2012 Paolin  (Barbaresco),Cascina Luisin,Piemonte,Barbaresco,Nebbiolo,2012,88,87-89 Molto buono,35.0,3. Da 25 a 39,Kerin O'Keefe,"This opens with aromas of red rose, wild berry, scorched earth, leather and a whiff of toast. On the palate, notes of coconut and grilled herb accent a core of raw red berry while tightly packed tannins offer support.",2.51
508,Cascina delle Rose 2010 Rio Sordo  (Barbaresco),Cascina delle Rose,Piemonte,Barbaresco,Nebbiolo,2010,94,90-94 Ottimo,50.0,4. Da 40 a 74,Kerin O'Keefe,"Cascina delle Rose is one of the denomination's brightest gems and its Rio Sordo is a textbook Barbaresco. It has an alluring and multifaceted bouquet of lilac, violet and wisteria, along with hints of spice, truffle and earth. The palate is focused, with inte",1.88
509,Cascina delle Rose 2012 Donna Elena  (Barbera d'Alba Superiore),Cascina delle Rose,Piemonte,Barbera d'Alba Superiore,Barbera,2012,92,90-94 Ottimo,34.0,3. Da 25 a 39,Kerin O'Keefe,"Bold and delicious, this opens with earthy aromas of mature black-skinned fruit, truffle, scorched earth and a whiff of game. The savory, full-bodied palate doles out juicy black cherry, blackberry, licorice, and baking spice alongside bright acidity and refin",2.71
510,Cascina delle Rose 2013 Nebbiolo (Langhe),Cascina delle Rose,Piemonte,Langhe,Nebbiolo,2013,92,90-94 Ottimo,30.0,3. Da 25 a 39,Kerin O'Keefe,"Aged in steel, this vibrant wine shows Nebbiolo's more elegant and youthful side. It weaves together rose, violet, perfumed berries, bright cherry, crushed raspberry and sweet baking spices alongside supple tannins and fresh acidity. Enjoy it soon to capture t",3.07
511,Castellari Bergaglio 2013 Rovereto Vignavecchia  (Gavi),Castellari Bergaglio,Piemonte,Gavi,Cortese,2013,89,87-89 Molto buono,32.0,3. Da 25 a 39,Kerin O'Keefe,"Aromas of green apple, tuberose and a whiff of bread crust meld together on this vibrant white. The palate offers honeydew melon, white peach, bread crust and tangerine while tangy acidity gives it a crisp finish.",2.78
512,Castello del Poggio 2013  Barbera d'Asti,Castello del Poggio,Piemonte,Barbera d'Asti,Barbera,2013,87,87-89 Molto buono,16.0,2. Da 15 a 24,Kerin O'Keefe,"Fresh and fruity, this easy-drinking red delivers aromas and flavors of black cherry, blackberry, black pepper and a hint of anise. Thanks to bright acidity, it can be paired with almost any dish.",5.44
513,Castello di Neive 2009 Albesani Santo Stefano Riserva  (Barbaresco),Castello di Neive,Piemonte,Barbaresco,Nebbiolo,2009,90,90-94 Ottimo,75.0,5. 75 e oltre,Kerin O'Keefe,"Leather, berry, toast, crushed rose and herbs are some of the scents that emerge. The palate displays crushed cherry, black pepper, licorice and balsamic notes alongside youthfully aggressive, tightly packed tannins that need another few years to unwind.",1.2
514,Castello di Neive 2011 Metodo Classico Pinot Nero (Piemonte),Castello di Neive,Piemonte,Piemonte,Pinot Nero,2011,90,90-94 Ottimo,45.0,4. Da 40 a 74,Kerin O'Keefe,"Made entirely with Pinot Nero, this elegant sparkler offers aromas of rose and red berry. The vibrant, focused palate delivers cherry, strawberry and a hint of cake spices alongside bright acidity and an elegant perlage.",2.0
515,Castello di Verduno 2010 Rabajà Riserva  (Barbaresco),Castello di Verduno,Piemonte,Barbaresco,Nebbiolo,2010,90,90-94 Ottimo,85.0,5. 75 e oltre,Kerin O'Keefe,"Baked black fruit, scorched earth, eucalyptus and a toasted note come together on the nose. The palate brings black cherry, with intense licorice and mint supported by tightly wound, fine-grained tannins. It ends on a coffee note. Drink 2018-2028.",1.06
516,Cavalier Bartolomeo 2012 San Lorenzo  (Barolo),Cavalier Bartolomeo,Piemonte,Barolo,Nebbiolo,2012,91,90-94 Ottimo,80.0,5. 75 e oltre,Kerin O'Keefe,"Black cherry steeped in spirits, truffle, pressed blue flower and cake spice aromas all come together on this along with a whiff of eucalyptus. The palate shows structure and some aging potential, offering dried black cherry, tobacco, clove and cinnamon alongs",1.14
517,Ceretto 2006 Blange Arneis (Langhe),Ceretto,Piemonte,Langhe,Arneis,2006,86,80-86 Buono,17.0,2. Da 15 a 24,Non indicato,"The Ceretto was surprisingly evolved for a 2006. A big, ripe, rich wine with flavors of pear, lychee and a hint of lime peel. Structurally, this is a wine that probably won't hold up well, but at the moment it is a pleasant wine. Just make sure you drink it ov",5.06
518,Ceretto 2009 Blangé Arneis (Langhe),Ceretto,Piemonte,Langhe,Arneis,2009,87,87-89 Molto buono,27.0,3. Da 25 a 39,Non indicato,"Blangé is something of an icon white wine that offers clean freshness and simplicity from a producer who brings us some of the most complex and sophisticated red wines on the planet. Here, however, the emphasis is on fun, good cheer and easy drinking.",3.22
519,Ceretto 2010 Brunate  (Barolo),Ceretto,Piemonte,Barolo,Nebbiolo,2010,90,90-94 Ottimo,110.0,5. 75 e oltre,Kerin O'Keefe,"Toasted oak, espresso and a whiff of tire rubber open the nose on this wine. The palate displays crushed black cherry alongside coffee, sweet vanilla and plum. Bracing tannins need time to integrate.",0.82
520,Ceretto 2011 Brunate  (Barolo),Ceretto,Piemonte,Barolo,Nebbiolo,2011,92,90-94 Ottimo,110.0,5. 75 e oltre,Kerin O'Keefe,"Pressed rose, woodland berry, sage and a whiff of exotic spice emerge on this firmly structured wine. The taut palate delivers mature black cherry, ground pepper, clove and licorice alongside tight, fine-grained tannins and the warmth of alcohol. Give it a few",0.84
521,Ceretto 2012  Barbaresco,Ceretto,Piemonte,Barbaresco,Nebbiolo,2012,88,87-89 Molto buono,50.0,4. Da 40 a 74,Kerin O'Keefe,"Toast, roasted coffee bean and anisette aromas lift from the glass. The tense palate offers dried cherry, toasted oak, star anise and a hint of white pepper alongside bracing tannins.",1.76
522,Ceretto 2012  Barolo,Ceretto,Piemonte,Barolo,Nebbiolo,2012,89,87-89 Molto buono,55.0,4. Da 40 a 74,Kerin O'Keefe,"This luminous red offers aromas of wild red berry, dark spice, menthol and a whiff of espresso. The ripe, rather straightforward palate offers raspberry, tart cherry, licorice, toast, mocha and tobacco alongside polished tannins. Drink 2017-2022.",1.62
523,Ceretto 2013 Bernardot  (Barbaresco),Ceretto,Piemonte,Barbaresco,Nebbiolo,2013,89,87-89 Molto buono,110.0,5. 75 e oltre,Kerin O'Keefe,"Aromas of French oak, espresso dried herb and a floral note lead the nose on this structured red. The palate is still quite primary and tight, showing cranberry, tart cherry, star anise and oak-driven spice alongside firm acidity and assertive, rather grainy t",0.81
524,Ciabot Berton 2009 Roggeri  (Barolo),Ciabot Berton,Piemonte,Barolo,Nebbiolo,2009,90,90-94 Ottimo,68.0,4. Da 40 a 74,Kerin O'Keefe,"This Barolo shows the forwardness of the vintage-it's delicious now. The fragrance shows ripe plum, balsamic herbs and a whiff of leather. The palate offers lush black cherry and plum flavors layered with coffee and chocolate notes and big but ripe tannins. Im",1.32
525,Ciabot Berton 2010 Rocchettevino Riserva  (Barolo),Ciabot Berton,Piemonte,Barolo,Nebbiolo,2010,91,90-94 Ottimo,85.0,5. 75 e oltre,Kerin O'Keefe,"Intense aromas of chopped mint, baking spice, graphite and red fruit emerge in the glass. The firm, elegant palate displays ripe black cherry, raspberry confiture, licorice and ground pepper framed in velvety tannins and fresh acidity. Drink 2018- 2028.",1.07
526,Cigliuti 2007 Vigne Erte  (Barbaresco),Cigliuti,Piemonte,Barbaresco,Nebbiolo,2007,92,90-94 Ottimo,67.0,4. Da 40 a 74,Non indicato,"Here's a rich and densely extracted Barbaresco from the Erte vineyard in Neive that will appeal to those who like a bigger, more extracted style of Nebbiolo. The wine is bursting with intense layers of black fruit, prune and plum followed by sweet tones of exo",1.37
527,Col dei Venti 2014 Tufoblu  (Barbaresco),Col dei Venti,Piemonte,Barbaresco,Nebbiolo,2014,90,90-94 Ottimo,32.0,3. Da 25 a 39,Kerin O'Keefe,"Leather, menthol, red berry and crushed herb aromas lead the way in this youthfully vibrant wine. Star anise and herb notes back up its core of red cherry and crushed strawberry fruit. Taut, fine-grained tannins and racy acidity provide the framework.",2.81
528,Collina San Ponzio 2014  Barbera d'Alba,Collina San Ponzio,Piemonte,Barbera d'Alba,Barbera,2014,86,80-86 Buono,17.0,2. Da 15 a 24,Kerin O'Keefe,"Fresh and fruity, this simple, easy-drinking red doles out black cherry, blackberry, white pepper and clove. Racy acidity brightens the juicy fruit flavors.",5.06
529,Conterno Fantino 2015  Dolcetto d'Alba,Conterno Fantino,Piemonte,Dolcetto d'Alba,Dolcetto,2015,88,87-89 Molto buono,21.0,2. Da 15 a 24,Kerin O'Keefe,"The aromas in this juicy Dolcetto suggest black cherry, violet and toasted almond while the palate offers ripe blackberry, white pepper and clove flavors. Rounded tannins provide support. Enjoy soon.",4.19
530,Cordero di Montezemolo 2012 Funtanì  (Barbera d'Alba Superiore),Cordero di Montezemolo,Piemonte,Barbera d'Alba Superiore,Barbera,2012,89,87-89 Molto buono,35.0,3. Da 25 a 39,Kerin O'Keefe,"Aromas of fig, eucalyptus, violet, chopped herbs and raspberry emerge on this full-bodied, fragrant offering. Made with 50-year-old vines, the structured palate boasts dried black cherry, tart red currant, oak-driven spice, espresso and anise alongside firm, f",2.54
531,Cordero di Montezemolo 2012 Monfalletto  (Barolo),Cordero di Montezemolo,Piemonte,Barolo,Nebbiolo,2012,93,90-94 Ottimo,48.0,4. Da 40 a 74,Kerin O'Keefe,"Exotic spice, French oak, mature berry, menthol and a floral note are some of the aromas you'll find on this structured red. The ripe, chewy palate presents mature black cherry, raspberry compote, espresso, licorice and aromatic herb while firm fine-grained ta",1.94
532,Crissante Alessandria 2010 Roggeri  (Barolo),Crissante Alessandria,Piemonte,Barolo,Nebbiolo,2010,86,80-86 Buono,60.0,4. Da 40 a 74,Kerin O'Keefe,"This opens with aromas suggesting hazelnut, toast and a whiff of oak. The palate offers charcuterie, cooking spice and grilled herb but there's not much fruit here.",1.43
533,Cupcake 2015  Moscato d'Asti,Cupcake,Piemonte,Moscato d'Asti,Moscato,2015,86,80-86 Buono,15.0,2. Da 15 a 24,Kerin O'Keefe,"Fun and refreshing, this bright dessert wine has aromas of white spring flower and tropical fruit. The lightly foaming palate presents ripe apricot, peach and a hint of aromatic herb while a note of candied lemon drop closes the soft finish.",5.73
534,Damilano 2006 Cannubi  (Barolo),Damilano,Piemonte,Barolo,Nebbiolo,2006,92,90-94 Ottimo,76.0,5. 75 e oltre,Non indicato,"The prized Cannubi cru offers fruit that is interpreted by some of the finest winemakers in northern Italy. This expression from the dynamic Damilano winery is characterized by tight tannins, power, personality and ripe berry flavors. Pair this Barolo with ris",1.21
535,Damilano 2007  Nebbiolo d'Alba,Damilano,Piemonte,Nebbiolo d'Alba,Nebbiolo,2007,88,87-89 Molto buono,24.0,2. Da 15 a 24,Non indicato,"Delicate fragrances of blue flowers, pressed violets, exotic spice and white pepper emerge from the nose of this Nebbiolo from the Langhe. The wine shares a lot in common with its big brothers Barbaresco and Barolo, including a firm tannic finish.",3.67
536,Damilano 2008  Nebbiolo d'Alba,Damilano,Piemonte,Nebbiolo d'Alba,Nebbiolo,2008,88,87-89 Molto buono,17.0,2. Da 15 a 24,Non indicato,"This is a lovely Nebbiolo that serves as a perfect introductory wine for those interested in eventually expanding their knowledge of Barbaresco and Barolo. Made with the same grape, this wine offers small berry aromas backed by ethereal tones of violet and lic",5.18
537,Damilano 2009 Liste  (Barolo),Damilano,Piemonte,Barolo,Nebbiolo,2009,89,87-89 Molto buono,85.0,5. 75 e oltre,Kerin O'Keefe,"Aromas suggest sandalwood, exotic spice, vanilla, subtle oak and mature black fruit. The warm palate reflects the forward nature of the vintage and delivers underbrush, black cherry, espresso and coffee alongside aggressive, drying tannins. You'll also notice ",1.05
538,Deltetto 2011 Bussia  (Barolo),Deltetto,Piemonte,Barolo,Nebbiolo,2011,91,90-94 Ottimo,53.0,4. Da 40 a 74,Kerin O'Keefe,"Intense mint, menthol, ripe berry and dark spice aromas lead the nose. The palate offers dried black cherry mature raspberry, mint, thyme and clove alongside bracing tannins. Give this a few more years to reach its full potential. Drink after 2018.",1.72
539,Demarie 2007  Barbera d'Alba Superiore,Demarie,Piemonte,Barbera d'Alba Superiore,Barbera,2007,87,87-89 Molto buono,17.0,2. Da 15 a 24,Non indicato,"Rich and inviting, this has bold aromas of maraschino, blackberry jam, plum and exotic spice. The mouthfeel is plush and rich, with a bright spot of acidity on the finish.",5.12
540,Demarie 2013  Barbaresco,Demarie,Piemonte,Barbaresco,Nebbiolo,2013,89,87-89 Molto buono,55.0,4. Da 40 a 74,Kerin O'Keefe,"Aromas of dried rose, menthol, espresso and mature berry lift out of the glass. The linear, tightly wound palate offers dried red cherry, cranberry and star anise alongside firm fine-grained tannins.",1.62
541,Domenico Clerico 2010 Ciabot Mentin  (Barolo),Domenico Clerico,Piemonte,Barolo,Nebbiolo,2010,91,90-94 Ottimo,90.0,5. 75 e oltre,Kerin O'Keefe,"Mint, anisette and red berry aromas lead the nose. These follow through to the palate along with licorice, espresso, coffee, toasted oak and black pepper. It's tightly framed with drying wood tannins, but the bright fruit stands up to the strong oak influence.",1.01
542,Dosio 2012  Nebbiolo d'Alba,Dosio,Piemonte,Nebbiolo d'Alba,Nebbiolo,2012,86,80-86 Buono,30.0,3. Da 25 a 39,Kerin O'Keefe,"Aromas of a closed cellar blow off in the glass to reveal underbrush, violet, woodland berries and a hint of white pepper that all carry over to the palate. It's one-dimensional with fresh acidity and would work well with deep-dish pizza covered with toppings.",2.87
543,Elvio Cogno 2004 Montegrilli Red (Langhe),Elvio Cogno,Piemonte,Langhe,Red Blend,2004,89,87-89 Molto buono,27.0,3. Da 25 a 39,Non indicato,"A skillful blending of 50% Barbera and 50% Nebbiolo, the Cogno has lovely wild strawberry aromas, cranberry and a touch of licorice. Light bodied but with fairly intense flavors, it was pleasant and interesting, its only fault lay in the slightly high acidity.",3.3
544,Elvio Cogno 2007 Ravera  (Barolo),Elvio Cogno,Piemonte,Barolo,Nebbiolo,2007,93,90-94 Ottimo,75.0,5. 75 e oltre,Non indicato,"From the celebrated Ravera cru, Elvio Cogno delivers a classic and elegant expression of Nebbiolo with tight tannins, long aging potential and nuanced aromas of small berry fruit, cola, leather, licorice and smoky cedar tones. Save this wine in your cellar 10 ",1.24
545,Elvio Cogno 2008 Bordini  (Barbaresco),Elvio Cogno,Piemonte,Barbaresco,Nebbiolo,2008,92,90-94 Ottimo,40.0,4. Da 40 a 74,Non indicato,"Elvio Cogno shows a deft hand with the difficult Nebbiolo grape. This delivers tones of cassis, tobacco and moist earth. What sets this wine apart is its bright acidity and overall intensity.",2.3
546,Elvio Cogno 2008 Montegrilli Red (Langhe),Elvio Cogno,Piemonte,Langhe,Red Blend,2008,88,87-89 Molto buono,31.0,3. Da 25 a 39,Non indicato,This elegant 50-50 blend of Barbera and Nebbiolo (a popular blending formula for many Langhe red wines) offers the pulpy fruit and acidity of Barbera set against the finesse and menthol-like intensity of Nebbiolo. It's a match made in heaven.,2.84
547,Elvio Cogno 2010 Ravera  (Barolo),Elvio Cogno,Piemonte,Barolo,Nebbiolo,2010,95,95-100 Eccezionale,75.0,5. 75 e oltre,Kerin O'Keefe,"Cogno helped put the Novello village on the Barolo-lovers' map. This wine opens with fragrances of red and black berries, rose, baking spice and leather. The vibrant palate delivers wild cherry, raspberry, mint, sage, thyme and cocoa accents alongside bracing ",1.27
548,Elvio Cogno 2011 Cascina Nuova  (Barolo),Elvio Cogno,Piemonte,Barolo,Nebbiolo,2011,93,90-94 Ottimo,58.0,4. Da 40 a 74,Kerin O'Keefe,"Forest floor, truffle, wild berry and a whiff of grilled herb unfold on this full-bodied red. The savory, structured palate displays ripe black cherry, crushed raspberry, licorice, clove and a hint of chewing tobacco alongside a firm, tannic backbone. Drink 20",1.6
549,Elvio Cogno 2012 Ravera  (Barolo),Elvio Cogno,Piemonte,Barolo,Nebbiolo,2012,94,90-94 Ottimo,79.0,5. 75 e oltre,Kerin O'Keefe,"Lovely scents of rose petal, iris and perfumed berry slowly take shape in this striking wine. The full-bodied palate delivers ripe red cherry, licorice, white pepper, cinnamon and sage alongside firm, fine-grained tannins and fresh acidity. A mineral note wrap",1.19
550,Enzo Boglietti 2012 Brunate  (Barolo),Enzo Boglietti,Piemonte,Barolo,Nebbiolo,2012,91,90-94 Ottimo,85.0,5. 75 e oltre,Kerin O'Keefe,"Aromas of toast, roasted herb, dark-skinned berry, mint and a balsamic note lead the way. The young, firm palate offers dark cherry, black raspberry and white pepper framed in austere tannins and bright acidity. It's still young and needs to unwind. Drink 2020",1.07
551,Fontanafredda 2012 Vigna La Rosa  (Barolo),Fontanafredda,Piemonte,Barolo,Nebbiolo,2012,94,90-94 Ottimo,119.0,5. 75 e oltre,Kerin O'Keefe,"Fragrant blue flower, woodland berry, underbrush, scorched earth and grilled herb are just some of the aromas that float out of the glass. The dense, succulent palate doles out ripe raspberry, black cherry, chopped mint, clove and cinnamon framed in velvety ta",0.79
552,Francesco Rinaldi 2012 Brunate  (Barolo),Francesco Rinaldi,Piemonte,Barolo,Nebbiolo,2012,92,90-94 Ottimo,60.0,4. Da 40 a 74,Kerin O'Keefe,"Berry, eucalyptus, Alpine herb and a balsamic note are some of the aromas you'll discover on this structured red. The ripe, fresh palate offers juicy Morello cherry, crushed raspberry, cooking spice and licorice alongside firm but refined tannins. Drink 2020-2",1.53
553,Francesco Rinaldi 2013  Barbaresco,Francesco Rinaldi,Piemonte,Barbaresco,Nebbiolo,2013,88,87-89 Molto buono,44.0,4. Da 40 a 74,Kerin O'Keefe,"Toasted hazelnut, menthol, culinary spice and mature berry aromas lift out of the glass. The straightforward palate offers dried black cherry, licorice, clove and firm tannins.",2.0
554,Francone 2009 Riserva  (Barbaresco),Francone,Piemonte,Barbaresco,Nebbiolo,2009,90,90-94 Ottimo,40.0,4. Da 40 a 74,Kerin O'Keefe,"Dried rose, violet, crushed black cherry, cake spices, leather, herbs and balsamic notes come together alongside bracing tannins. It's already tempting but give it time to unwind. Drink after 2016.",2.25
555,Fratelli Alessandria 2011  Barolo,Fratelli Alessandria,Piemonte,Barolo,Nebbiolo,2011,94,90-94 Ottimo,52.0,4. Da 40 a 74,Kerin O'Keefe,"Enticing scents of rose, violet, smoke, red berry and white pepper are just some of the aromas you'll find on this stunning wine. The elegantly structured palate delivers juicy wild cherry, crushed raspberry, cake spice and mineral alongside elegant tannins an",1.81
556,Fratelli Alessandria 2013 Priòra  (Barbera d'Alba Superiore),Fratelli Alessandria,Piemonte,Barbera d'Alba Superiore,Barbera,2013,90,90-94 Ottimo,30.0,3. Da 25 a 39,Kerin O'Keefe,"Juicy, structured and delicious, this full-bodied wine doles out ripe blackberry, crushed raspberry, red cherry, white pepper, clove and licorice. Racy acidity and fine-grained tannins provide support.",3.0
557,G D Vajra 2004 Bricco delle Viole  (Barolo),G D Vajra,Piemonte,Barolo,Nebbiolo,2004,88,87-89 Molto buono,83.0,5. 75 e oltre,Non indicato,"Bricco delle Viole has a thorny, slightly nervous personality that needs a few more years of cellar aging before softening. Aromas include dill, dried herbs, turmeric, forest berry and bramble. The mouthfeel is sharp and polished with bright berry nuances and ",1.06
558,G D Vajra 2015  Moscato d'Asti,G D Vajra,Piemonte,Moscato d'Asti,Moscato,2015,92,90-94 Ottimo,17.0,2. Da 15 a 24,Kerin O'Keefe,"Fresh and fragrant, this foaming dessert wine opens with aromas of orange blossom, chopped herb and ripe orchard fruit. The bright, generous palate doles out juicy yellow peach, apricot, Bartlett pear and lemon drop alongside fresh acidity and a hint of minera",5.41
559,Gaja 2009 Costa Russi Nebbiolo (Langhe),Gaja,Piemonte,Langhe,Nebbiolo,2009,95,95-100 Eccezionale,495.0,5. 75 e oltre,Non indicato,"Costa Russi presents a dark wall of ripe fruit and an exotic spice shading that give momentum and power to the finish. There are also notes of plum, dark chocolate, tobacco, licorice and tar. The quality of the tannins is firm and polished; this should evolve ",0.19
560,Gaja 2010  Barbaresco,Gaja,Piemonte,Barbaresco,Nebbiolo,2010,95,95-100 Eccezionale,255.0,5. 75 e oltre,Kerin O'Keefe,"Gaja's classic Barbaresco is gorgeous in 2010, showing an intense perfume of violet, earth and ripe red fruits punctuated by balsamic notes. The palate delivers rich wild cherry notes layered with mint, cinnamon and eucalyptus. This is structured and elegant a",0.37
561,Gaja 2013 Costa Russi  (Barbaresco),Gaja,Piemonte,Barbaresco,Nebbiolo,2013,95,95-100 Eccezionale,450.0,5. 75 e oltre,Kerin O'Keefe,"Red berry, aromatic herb, pressed violet and dark spice aromas meld together in the glass. Firmly structured, the palate boasts intensity and energy, offering dark cherry, licorice and mint set against a backbone of fine-grained tannins and fresh acidity. It's",0.21
562,Germano Angelo 2011 Vigna Ruè  (Barolo),Germano Angelo,Piemonte,Barolo,Nebbiolo,2011,89,87-89 Molto buono,79.0,5. 75 e oltre,Kerin O'Keefe,"Aromas that recall stewed prune, cherry steeped in spirits, baking spice, toast and a whiff of menthol lead the nose and carry through to the firm palate along with notes of coffee, grilled sage and clove. Bracing tannins provide the framework. Give this a few",1.13
563,Ghione 2011 Piccole Gioie  (Moscato d'Asti),Ghione,Piemonte,Moscato d'Asti,Moscato,2011,88,87-89 Molto buono,16.0,2. Da 15 a 24,Non indicato,"Piccole Gioie (""little joys"") delivers a steady stream of tiny bubbles that form a foamy, creamy appearance and texture. In fact, a frothy cap remains long in the glass and provides a solid platform for aromas of honey, peach blossom, fragrant flower and dried",5.5
564,Giacomo Ascheri 2001 Sorano Coste & Bricco  (Barolo),Giacomo Ascheri,Piemonte,Barolo,Nebbiolo,2001,89,87-89 Molto buono,60.0,4. Da 40 a 74,Non indicato,"Be careful when you look for thense wines, the labels at Aschieri are a little confusing; a small white strip label at thumb level distinguishes the Sorano ordinaire from the special Costa Bricco. The wine, itself, is thick and quite poerful, with very ripe da",1.48
565,Giacomo Fenocchio 2008 Bussia 90 Dì  (Barolo),Giacomo Fenocchio,Piemonte,Barolo,Nebbiolo,2008,97,95-100 Eccezionale,80.0,5. 75 e oltre,Kerin O'Keefe,"This superb single-vineyard bottling from the heart of Bussia was macerated on the skins for a whopping 90 days. It's a breathtaking expression of Barolo, with intense Nebbiolo scents of rose, truffle and leather. The palate shows vibrant black cherry, truffle",1.21
566,Giacomo Fenocchio 2013 Villero  (Barolo),Giacomo Fenocchio,Piemonte,Barolo,Nebbiolo,2013,93,90-94 Ottimo,60.0,4. Da 40 a 74,Kerin O'Keefe,"New leather, woodland berry, dark spice and menthol aromas unfold in the glass. It's bright and juicy, offering tight layers of raspberry compote, morello cherry, cinnamon and clove alongside firm, chewy tannins. Fresh acidity lends balance while a graphite no",1.55
567,Giacomo Fenocchio 2013 Bussia  (Barolo),Giacomo Fenocchio,Piemonte,Barolo,Nebbiolo,2013,97,95-100 Eccezionale,55.0,4. Da 40 a 74,Kerin O'Keefe,"Rose, iris, wild berry and baking spice aromas merge with scents of new leather and a balsamic menthol note on this stunning and classically crafted Barolo. The structured, polished palate delivers juicy Marasca cherry, crushed raspberry, pipe tobacco and lico",1.76
568,Giacomo Fenocchio 2013 Castellero  (Barolo),Giacomo Fenocchio,Piemonte,Barolo,Nebbiolo,2013,95,95-100 Eccezionale,55.0,4. Da 40 a 74,Kerin O'Keefe,"Woodland berry, new leather, dark baking spice and rose aromas are front and center on this radiant red. It's well structured and loaded with finesse, delivering morello cherry, wild strawberry, clove and star anise framed in firm refined tannins and vibrant a",1.73
569,Giacomo Vico 2008 Nebbiolo (Langhe),Giacomo Vico,Piemonte,Langhe,Nebbiolo,2008,90,90-94 Ottimo,21.0,2. Da 15 a 24,Non indicato,"Presented in extremely elegant packaging, this is a beautiful expression of Nebbiolo from Piedmont. Not as austere as Barolo or Barbaresco, this wine does offer familiar aromas of black currant, pressed violets, tar, licorice and leather. The wine is smooth, s",4.29
570,Giacosa Fratelli 2008 San Rocco  (Dolcetto d'Alba),Giacosa Fratelli,Piemonte,Dolcetto d'Alba,Dolcetto,2008,87,87-89 Molto buono,16.0,2. Da 15 a 24,Non indicato,"Dolcetto San Rocco is a clean and elegant wine with a less obvious aromatic offering of forest berry, blueberry and spice. The wine is bright and tonic in the mouth with a touch of firmness on the close that helps keep the mouth refreshed.",5.44
571,Giacosa Fratelli 2009 Basarin Vigna Gianmatè  (Barbaresco),Giacosa Fratelli,Piemonte,Barbaresco,Nebbiolo,2009,89,87-89 Molto buono,52.0,4. Da 40 a 74,Non indicato,"Dark richness and ruby extraction give this Barbaresco a very beautiful appearance. The bouquet offers bold aromas of raw cherry, spice and leather. The wine closes with a succulent, fruit-driven finish.",1.71
572,Giacosa Fratelli 2011 Bussia  (Barolo),Giacosa Fratelli,Piemonte,Barolo,Nebbiolo,2011,91,90-94 Ottimo,55.0,4. Da 40 a 74,Kerin O'Keefe,"The nose is still a bit closed but eventually reveals aromas of dark berry, leafy underbrush, baked earth and tobacco. On the firm palate, notes of licorice, grilled herbs and black pepper add depth to the black cherry core. Bracing but refined tannins hold it",1.65
573,Gianfranco Alessandria 2012  Barolo,Gianfranco Alessandria,Piemonte,Barolo,Nebbiolo,2012,93,90-94 Ottimo,37.0,3. Da 25 a 39,Kerin O'Keefe,"Black-skinned berry, grilled herb and balsamic aromas meld together in the glass. On the ripe juicy palate, notes of cinnamon, white pepper, star anise and chopped herb accent the fruity core of black cherry and crushed raspberry. Velvety tannins and fresh aci",2.51
574,Gianni Gagliardo 2006 La Matta  (Barbera d'Alba),Gianni Gagliardo,Piemonte,Barbera d'Alba,Barbera,2006,89,87-89 Molto buono,40.0,4. Da 40 a 74,Non indicato,"La Matta is a dark and sophisticated Barbera d'Alba with loads of oak intensity (spice, vanilla and cinnamon) backed by blackberry, currants and plum. Characteristic acidity kicks in on the close and keeps the palate refreshed.",2.22
575,Gianni Voerzio 2009 Rochettevino  (Dolcetto d'Alba),Gianni Voerzio,Piemonte,Dolcetto d'Alba,Dolcetto,2009,88,87-89 Molto buono,25.0,3. Da 25 a 39,Non indicato,"This is an impressive Dolcetto with a deeply aromatic character. The generous notes of pressed flowers, roses and perfumed violets distinguish this expression from the rest. Those huge floral and fruit tones transfer to the mouth as well, where they last long ",3.52
576,Giovanni Rosso 2011 Serra  (Barolo),Giovanni Rosso,Piemonte,Barolo,Nebbiolo,2011,93,90-94 Ottimo,95.0,5. 75 e oltre,Kerin O'Keefe,"This focused, full-bodied wine opens with aromas of scorched earth, ripe black-skinned fruit and a whiff of game. The tight palate is still rather closed but already offers dense black cherry, clove, licorice and grilled herb alongside firm, fine-grained tanni",0.98
577,Giribaldi 2016 Campo del Pero  (Dolcetto d'Alba),Giribaldi,Piemonte,Dolcetto d'Alba,Dolcetto,2016,87,87-89 Molto buono,14.0,1. Sotto 15,Kerin O'Keefe,"Made from organically grown grapes, this Dolcetto has ripe black-skinned berry and nutmeg aromas. The palate evokes ripe black cherry and clove. It's straightforward, with rounded tannins, and should be drunk soon.",6.21
578,Giulia Negri 2007 La Tartufaia  (Barolo),Giulia Negri,Piemonte,Barolo,Nebbiolo,2007,93,90-94 Ottimo,45.0,4. Da 40 a 74,Non indicato,"This new-comer Barolo shows beautiful intensity and an inky dark appearance. The aromas are soft and yielding with sweet tones of wild berry and exotic spice woven between leather, tobacco and licorice.",2.07
579,Giuseppe Cortese 2012  Barbera d'Alba,Giuseppe Cortese,Piemonte,Barbera d'Alba,Barbera,2012,89,87-89 Molto buono,20.0,2. Da 15 a 24,Kerin O'Keefe,"Aromas of spicy plum and black cherry lead the nose. On the fresh, savory palate, accents of white pepper and clove add depth to layers of ripe, red berry. Supple tannins support the juicy fruit flavors.",4.45
580,Giuseppe Rinaldi 2012 Brunate  (Barolo),Giuseppe Rinaldi,Piemonte,Barolo,Nebbiolo,2012,96,95-100 Eccezionale,146.0,5. 75 e oltre,Kerin O'Keefe,"Multifaceted aromas of rose, iris, leather, cranberry, truffle and the barest hint of game lead the nose. The radiant palate offers creamy strawberry, ripe red cherry, orange zest, baking spice, dried herb and tobacco alongside firm but polished tannins. Fresh",0.66
581,Giuseppe Rinaldi 2012 Tre Tine  (Barolo),Giuseppe Rinaldi,Piemonte,Barolo,Nebbiolo,2012,94,90-94 Ottimo,140.0,5. 75 e oltre,Kerin O'Keefe,"Red berry, tilled soil, leather, aromatic herb and clove aromas slowly take shape in the glass, together with a balsamic note. The bright, elegantly structured palate doles out layers of black raspberry, ripe black cherry, white pepper and licorice while firm,",0.67
582,Gran Passione 2015  Gavi,Gran Passione,Piemonte,Gavi,Cortese,2015,85,80-86 Buono,13.0,1. Sotto 15,Kerin O'Keefe,"Opening with subtle aromas that recall white flower and citrus, this straightforward white offers flavors of Granny Smith apple and lime alongside bright acidity. It's extremely simple but also clean and refreshing.",6.54
583,Grimaldi Bruna 2010 Camilla  (Barolo),Grimaldi Bruna,Piemonte,Barolo,Nebbiolo,2010,93,90-94 Ottimo,40.0,4. Da 40 a 74,Kerin O'Keefe,"Rose, violet, perfumed berry and cake spice aromas lead the nose on this sleek, elegant Barolo. The vibrant palate is loaded with crunchy red cherry, juicy raspberry, cinnamon and savory herb. Firm but polished tannins and fresh acidity provide the framework. ",2.33
584,Grimaldi Bruna 2012 Camilla  (Barolo),Grimaldi Bruna,Piemonte,Barolo,Nebbiolo,2012,90,90-94 Ottimo,60.0,4. Da 40 a 74,Kerin O'Keefe,"This offers pretty aromas of fragrant blue flower, rose and wild berry. The tightly wound palate shows Morello cherry, coffee and a hint of dried herb alongside close-grained tannins. Drink 2019-2024.",1.5
585,Gruppo Casaleone 2001 Rosa del Marchese  (Barbera d'Asti),Gruppo Casaleone,Piemonte,Barbera d'Asti,Barbera,2001,84,80-86 Buono,19.0,2. Da 15 a 24,Non indicato,"A promising nose of blueberries, vanilla and spices. On the palate it was less exciting; the fruit was muted, and there was not much else showing. The finish proved surprisingly long, and as the wine lay in the glass, it did show signs of improvement.",4.42
586,Guido Porro 2009 Vigna Lazzairasco  (Barolo),Guido Porro,Piemonte,Barolo,Nebbiolo,2009,92,90-94 Ottimo,44.0,4. Da 40 a 74,Kerin O'Keefe,"From Serralunga, this has a classic fragrance of wild cherry, rose petal, truffle, leather and hints of menthol. The palate delivers a juicy core of black cherry, mint and spice. It has a warm midpalate and big but ripe tannins, but it's a bit shy on acidity-t",2.09
587,I Carpini 2013 Timorasso (Colli Tortonesi),I Carpini,Piemonte,Colli Tortonesi,Timorasso,2013,90,90-94 Ottimo,25.0,3. Da 25 a 39,Kerin O'Keefe,"Made entirely with Timorasso, this opens with aromas of acacia flower, lemon peel and a whiff of hazelnut. The vibrant palate offers citrus zest, McIntosh apple and a touch of raw almond alongside bright acidity. Drink 2016 through 2022.",3.6
588,Ioppa 2013 Nebbiolo (Colline Novaresi),Ioppa,Piemonte,Colline Novaresi,Nebbiolo,2013,86,80-86 Buono,15.0,2. Da 15 a 24,Kerin O'Keefe,"Fresh and easy drinking, this light-bodied fragrant red has aromas wild red berry, blue flower and a whiff of baking spice. The brisk simple palate offers tart cherry, orange peel and clove. Bracing acidity dominates the finish.",5.73
589,La Ca' Nova 2014 Montefico  (Barbaresco),La Ca' Nova,Piemonte,Barbaresco,Nebbiolo,2014,93,90-94 Ottimo,50.0,4. Da 40 a 74,Kerin O'Keefe,"This wine's red berry, fragrant blue flower, aromatic herb and new saddle leather scents lift out of the glass. The firm palate offers juicy Marasca cherry, raspberry compote, cinnamon and anise notes set against tightly wound tannins and vibrant acidity. Yout",1.86
590,La Prevostura 2010  Lessona,La Prevostura,Piemonte,Lessona,Red Blend,2010,93,90-94 Ottimo,40.0,4. Da 40 a 74,Kerin O'Keefe,"Made with 90% Nebbiolo and 10% Vespolina, this elegantly structured red offers a fragrance of crushed rose, wild berry, tilled soil, baking spice and iron. The sleek, focused palate boasts juicy red cherry, crushed raspberry, star anise and white pepper backed",2.33
591,La Prevostura 2010 Muntacc Red (Coste della Sesia),La Prevostura,Piemonte,Coste della Sesia,Red Blend,2010,90,90-94 Ottimo,24.0,2. Da 15 a 24,Kerin O'Keefe,"A few swirls of the glass release engaging aromas of baking spice, red berry, rose and a whiff of tar. The linear, elegantly structured palate boasts bright wild cherry, white pepper, cinnamon and a mineral note alongside vibrant acidity and assertive but refi",3.75
592,La Prevostura 2012  Lessona,La Prevostura,Piemonte,Lessona,Nebbiolo,2012,91,90-94 Ottimo,45.0,4. Da 40 a 74,Kerin O'Keefe,"Enticingly fragrant, this offers alluring scents of rose, perfumed berry, chopped mint, menthol and cake spice. The elegant palate delivers tart red cherry, aromatic herb and star anise alongside fine-grained tannins and bright acidity. A mineral note signals ",2.02
593,La Scolca 2006 White Label  (Gavi),La Scolca,Piemonte,Gavi,Cortese,2006,84,80-86 Buono,23.0,2. Da 15 a 24,Non indicato,"""Fresh and dry"" is what the wine label advertises and is exactly what it delivers. It's a simple wine with tones of delicate kiwi, fresh fruit and some soapy floral aromas. In the mouth, it is compact and racy with a lean, spicy finish.",3.65
594,La Spinetta 2013 Vigneto Bordini  (Barbaresco),La Spinetta,Piemonte,Barbaresco,Nebbiolo,2013,86,80-86 Buono,60.0,4. Da 40 a 74,Kerin O'Keefe,"This wine's oak, weedy underbrush, celery and vegetable broth aromas carry over to the lean palate, along with a roasted coffee bean note. Raspy tannins clench the finish.",1.43
595,La Spinona 2012 Bricco Faset  (Barbaresco),La Spinona,Piemonte,Barbaresco,Nebbiolo,2012,91,90-94 Ottimo,38.0,3. Da 25 a 39,Kerin O'Keefe,"This classically crafted wine opens with earthy aromas of rose, violet, leather and a whiff of game while the juicy palate offers black cherry, cinnamon and star anise. Chewy tannins provide support. It's already approachable but will continue to drink well ov",2.39
596,La Zerba 2009 Terrarossa  (Gavi),La Zerba,Piemonte,Gavi,Cortese,2009,87,87-89 Molto buono,20.0,2. Da 15 a 24,Non indicato,"A pretty mineral note of crushed granite or brimstone runs straight though this lively Gavi, giving it a clean, tonic feel. That drying note is enhanced by softer tones of yellow flower and stone fruit.",4.35
597,Le Ginestre 2006 Sottocastello  (Barolo),Le Ginestre,Piemonte,Barolo,Nebbiolo,2006,91,90-94 Ottimo,45.0,4. Da 40 a 74,Non indicato,"From the Sottocastello, ""under the castle"" cru, comes this silky, polished Barolo. The bouquet here is redolent of exotic spice and church incense and there's plenty of currant berry and forest berry to give the wine a vibrant, youthful personality. But elegan",2.02
598,Livio Voghera 2009  Barbaresco,Livio Voghera,Piemonte,Barbaresco,Nebbiolo,2009,91,90-94 Ottimo,37.0,3. Da 25 a 39,Kerin O'Keefe,"This is a classic Barbaresco, offering a quintessential Nebbiolo fragrance of rose, tobacco and Alpine herbs. The palate delivers wild cherry and raspberry flavors, with notes of white pepper, mint and mineral. It boasts structure, elegance and depth.",2.46
599,Livio Voghera 2010 Vigna Basarin  (Barbera d'Alba),Livio Voghera,Piemonte,Barbera d'Alba,Barbera,2010,85,80-86 Buono,37.0,3. Da 25 a 39,Kerin O'Keefe,"This single-vineyard offering opens with aromas of very mature-nearly overripe-black fruit and tilled soil. The palate is already evolved, showing fig, prune and cooked fruit along with espresso and oak. It finishes on a note of astringent wood tannins.",2.3
600,Livio Voghera 2013  Barbaresco,Livio Voghera,Piemonte,Barbaresco,Nebbiolo,2013,90,90-94 Ottimo,37.0,3. Da 25 a 39,Kerin O'Keefe,"This opens with aromas of cranberry, white pepper and a whiff of pipe tobacco. The firm palate offers wild cherry, clove and star anise framed in tightly knit but refined tannins.",2.43
601,Luciano Sandrone 2007 Cannubi Boschis  (Barolo),Luciano Sandrone,Piemonte,Barolo,Nebbiolo,2007,96,95-100 Eccezionale,165.0,5. 75 e oltre,Non indicato,"You really can't beat the beauty of this Barolo. Rich, enduring and persistent, it offers a long array of blackberry, spice and cola-like aromas. The mouthfeel is spectacular thanks to a velvety texture that is backed by a pretty embroidery of cassis, licorice",0.58
602,Luigi Baudana 2012 del Comune di Serralunga d'Alba  (Barolo),Luigi Baudana,Piemonte,Barolo,Nebbiolo,2012,91,90-94 Ottimo,55.0,4. Da 40 a 74,Kerin O'Keefe,"This opens with aromas of underbrush, scorched soil, leather, iris and a balsamic note. The ripe, full-bodied palate offers juicy raspberry, licorice, mature black cherry and a hint of tobacco alongside firm, velvety tannins. Drink 2018-2027.",1.65
603,Luigi Oddero & Figli 2011 Rocche Rivera  (Barolo),Luigi Oddero & Figli,Piemonte,Barolo,Nebbiolo,2011,92,90-94 Ottimo,110.0,5. 75 e oltre,Kerin O'Keefe,"New leather, ripe woodland berry, aromatic herb and a balsamic whiff of menthol are some of the aromas you'll find on this full-bodied red. The savory structured palate offers dried Marasca cherry, strawberry compote, cinnamon and pipe tobacco set against a fi",0.84
604,Luigi Oddero & Figli 2011 Specola  (Barolo),Luigi Oddero & Figli,Piemonte,Barolo,Nebbiolo,2011,90,90-94 Ottimo,97.0,5. 75 e oltre,Kerin O'Keefe,"Underbrush, dried herb, raisin, saddle leather and balsamic aromas follow over to the ripe palate along with dried cherry, crushed herb and ground clove. Taut tightly wound tannins provide a grippy framework. Give the tannins a few years to unwind then drink t",0.93
605,Luigi Pira 2011 Margheria  (Barolo),Luigi Pira,Piemonte,Barolo,Nebbiolo,2011,90,90-94 Ottimo,40.0,4. Da 40 a 74,Kerin O'Keefe,"Earthy aromas of leather, game, sunbaked earth and mature dark-skinned berry take center stage. The tense palate offers dried black cherry, mocha, espresso licorice and tobacco alongside fresh acidity and close-grained tannins.",2.25
606,Marcarini 2007 Brunate  (Barolo),Marcarini,Piemonte,Barolo,Nebbiolo,2007,93,90-94 Ottimo,54.0,4. Da 40 a 74,Non indicato,"This Barolo from the Brunate cru shows gorgeous characteristics of mature fruit, spice, natural rubber, asphalt, tar and root beer. The wine's personality is marked by a comforting, almost familiar territory-driven feel that recalls the greatest Nebbiolo-based",1.72
607,Marcarini 2013 Brunate  (Barolo),Marcarini,Piemonte,Barolo,Nebbiolo,2013,93,90-94 Ottimo,50.0,4. Da 40 a 74,Kerin O'Keefe,"Earthy aromas of truffle, forest floor, woodland berry, mint and new leather escape the glass. Bright and elegantly structured, the polished palate delivers Marasca cherry, cranberry, cinnamon and star anise framed in youthfully firm, refined tannins. Fresh ac",1.86
608,Marchesi di Barolo 2007 Barolo di Barolo  (Barolo),Marchesi di Barolo,Piemonte,Barolo,Nebbiolo,2007,91,90-94 Ottimo,90.0,5. 75 e oltre,Non indicato,This austere Barolo opens with a ripe note of prune and blackberry followed by sweet spice and moist pipe tobacco. The wine is chewy and rich with a succulent quality of tannins.,1.01
609,Marchesi di Barolo 2012 Sarmassa  (Barolo),Marchesi di Barolo,Piemonte,Barolo,Nebbiolo,2012,87,87-89 Molto buono,93.0,5. 75 e oltre,Kerin O'Keefe,"Aromas of weedy underbrush, toast, menthol and cherry marinated in spirits emerge in the glass. The palate shows raw sour cherry and a hint of licorice alongside raspy tannins that dry out the finish.",0.94
610,Marchesi di Barolo 2016 Madonna del Dono  (Dolcetto d'Alba),Marchesi di Barolo,Piemonte,Dolcetto d'Alba,Dolcetto,2016,88,87-89 Molto buono,20.0,2. Da 15 a 24,Kerin O'Keefe,"Violet and cooking spice aromas lead the nose in this wine. The juicy palate offers black cherry, clove and bitter almond notes, and the tannins are smooth. Enjoy soon.",4.4
611,Marco Negri 2011 Marsillo  (Moscato d'Asti),Marco Negri,Piemonte,Moscato d'Asti,Moscato,2011,87,87-89 Molto buono,17.0,2. Da 15 a 24,Non indicato,"Foamy mousse and soft, fizzy perlage characterize this delicate offering. It could pair with fruit salad or cream-based desserts, thanks to its delicate citrus and peach flavors.",5.12
612,Mascarello Giuseppe e Figlio 2012 Perno  (Barolo),Mascarello Giuseppe e Figlio,Piemonte,Barolo,Nebbiolo,2012,95,95-100 Eccezionale,113.0,5. 75 e oltre,Kerin O'Keefe,"Leather, pipe tobacco, woodland berry, dark spice and crushed herb follow through to the taut linear palate along with notes of sour cherry, ground pepper and clove. It's extremely elegant but still tightly wound, with youthfully assertive tannins that need to",0.84
613,Massolino 2009 Vigna Rionda Riserva  (Barolo),Massolino,Piemonte,Barolo,Nebbiolo,2009,93,90-94 Ottimo,140.0,5. 75 e oltre,Kerin O'Keefe,"Ripe berry, aromatic herb, rose, violet, anise, leather and a whiff of tobacco all meld together on this firmly structured wine. The full-bodied, gripping palate delivers mature black cherry, licorice, underbrush and dark baking spice alongside youthfully asse",0.66
614,Mauro Franchino 2003  Gattinara,Mauro Franchino,Piemonte,Gattinara,Nebbiolo,2003,88,87-89 Molto buono,47.0,4. Da 40 a 74,Non indicato,"This expression of Nebbiolo (from Gattinara) offers simple and clean aromas of wild berries, raw almond and cherry cola. The wine offers linear harmony and a straightforward approach that relies on a combination of fresh berry flavors and crisp acidity. The mo",1.87
615,Mauro Sebaste 2009  Gavi,Mauro Sebaste,Piemonte,Gavi,Cortese,2009,87,87-89 Molto buono,19.0,2. Da 15 a 24,Non indicato,"This is a luminous and clean white wine from northern Italy that offers fresh notes of citrus, green melon, kiwi and honey. The wine is sharp and focused in the mouth with an extremely pristine finish.",4.58
616,Mauro Sebaste 2011  Moscato d'Asti,Mauro Sebaste,Piemonte,Moscato d'Asti,Moscato,2011,87,87-89 Molto buono,20.0,2. Da 15 a 24,Non indicato,"Honey, white flower, peach and lemon blossom are some of the pretty aromas on offer. Light and delicate, it also feels creamy, rich and sweet on the finish.",4.35
617,Mauro Veglio 2009 Angelo Nebbiolo (Langhe),Mauro Veglio,Piemonte,Langhe,Nebbiolo,2009,90,90-94 Ottimo,24.0,2. Da 15 a 24,Non indicato,"Very fresh, fine and elegant, this has savory aromas of cured meat, rusty earth and white truffle followed by notes of dried fruit and currant.",3.75
618,Mauro Veglio 2011 Arborina  (Barolo),Mauro Veglio,Piemonte,Barolo,Nebbiolo,2011,90,90-94 Ottimo,55.0,4. Da 40 a 74,Kerin O'Keefe,"The nose is initially rather closed but eventually reveals dark berry, blue flower and brown baking spice. The ripe palate offers mature black cherry, coffee, cocoa, star anise and chopped sage alongside tightly packed tannins. Give this another two or three y",1.64
619,Michele Chiarlo 2005 La Court  (Barbera d'Asti),Michele Chiarlo,Piemonte,Barbera d'Asti,Barbera,2005,89,87-89 Molto buono,45.0,4. Da 40 a 74,Non indicato,La Court represents a bigger and meatier style of Barbera d'Asti with good concentration and a parade of wild fruit and smoked bacon aromas. The wine has piquant acidity on the close and would pair with creamy lasagna or asparagus with béchamel sauce.,1.98
620,Michele Chiarlo 2009 Le Marne  (Gavi),Michele Chiarlo,Piemonte,Gavi,Cortese,2009,86,80-86 Buono,19.0,2. Da 15 a 24,Non indicato,This luminous Gavi offers mineral notes of graphite and talc powder backed by fruity tones of peach and citrus. The wine is smooth and silky on the close and would pair with seafood or tuna salad.,4.53
621,Michele Chiarlo 2009 Asili  (Barbaresco),Michele Chiarlo,Piemonte,Barbaresco,Nebbiolo,2009,90,90-94 Ottimo,90.0,5. 75 e oltre,Non indicato,"The celebrated Barbaresco Asili shows deep concentration and ripe fruit, with a bright cherry note and a perfumed blue-flower touch. Notes of sweet basil and chopped herb follow, giving the bouquet an aromatic lift.",1.0
622,Michele Chiarlo 2011 Cannubi  (Barolo),Michele Chiarlo,Piemonte,Barolo,Nebbiolo,2011,92,90-94 Ottimo,101.0,5. 75 e oltre,Kerin O'Keefe,"Aromas of dark berry, baked earth, game and forest floor come together in the glass. The palate offers ripe black cherry, crushed strawberry, mint, clove and white pepper alongside compacted tannins and fresh acidity. Give this another five or six years to unw",0.91
623,Michele Chiarlo 2014 Cipressi Barbera,Michele Chiarlo,Piemonte,Non indicata,Barbera,2014,90,90-94 Ottimo,28.0,3. Da 25 a 39,Kerin O'Keefe,"This wine's wild berry, violet, porcini, forest floor and crushed herb aromas leap out of the glass. The vibrant, focused palate evokes wild cherry, cranberry, star anise and orange zest. It's a classic Barbera framed by firm acidity and refined tannins that s",3.21
624,Mirafiore 2007 Riserva  (Barolo),Mirafiore,Piemonte,Barolo,Nebbiolo,2007,95,95-100 Eccezionale,135.0,5. 75 e oltre,Kerin O'Keefe,"Gorgeous and smooth, this elegant, 10-year-old red boasts aromas of new leather, tilled soil and pipe tobacco. The polished and structured palate delivers creamy black cherry, star anise and clove framed in refined tannins. It's a remarkable performance for wh",0.7
625,Mirafiore 2012 Paiagallo  (Barolo),Mirafiore,Piemonte,Barolo,Nebbiolo,2012,91,90-94 Ottimo,99.0,5. 75 e oltre,Kerin O'Keefe,"Aromas of ripe berry, dark baking spice, leather, menthol and purple flower permeate the nose on this focused wine. The firmly structured palate offers licorice, dried black cherry and clove alongside assertive tannins. Drink 2018-2025.",0.92
626,Moccagatta 2008 Basarin  (Barbaresco),Moccagatta,Piemonte,Barbaresco,Nebbiolo,2008,93,90-94 Ottimo,65.0,4. Da 40 a 74,Non indicato,"A beautiful wine that needs to age, this Basarin cru selection shows thick layers of berry fruit, cedar wood, almond and dark licorice. The oak element is strong, but the wine is still young and all its many elements will surely come into focus in 10 years or ",1.43
627,Montalbera 2013 Laccento  (Ruché di Castagnole Monferrato),Montalbera,Piemonte,Ruché di Castagnole Monferrato,Ruché,2013,87,87-89 Molto buono,39.0,3. Da 25 a 39,Kerin O'Keefe,"Made predominantly from grapes that were left until they became overripe on the vine and 5% from grapes dried on wooden racks, this has aromas of nail polish remover, resin and raisin. The palate offers prune, dried black cherry, medicinal herb and hint of ora",2.23
628,Montalbera 2013 La Tradizione  (Ruché di Castagnole Monferrato),Montalbera,Piemonte,Ruché di Castagnole Monferrato,Ruché,2013,88,87-89 Molto buono,24.0,2. Da 15 a 24,Kerin O'Keefe,"The intensely floral nose suggests wild rose and violet. The bright palate delivers wild cherry, raspberry and licorice alongside a note of medicinal herb. Firm but fine-grained tannins frame the savory flavors.",3.67
629,Montaribaldi 2008 Borzoni  (Barolo),Montaribaldi,Piemonte,Barolo,Nebbiolo,2008,87,87-89 Molto buono,63.0,4. Da 40 a 74,Non indicato,This edition of Barolo Borzoni shows jammy aromas of cherry preserves and raspberry. You'll also detect a note of greenness that comes across as dried sage or olive. The mouthfeel is astringent and tight.,1.38
630,Monti 2012  Barolo,Monti,Piemonte,Barolo,Nebbiolo,2012,87,87-89 Molto buono,45.0,4. Da 40 a 74,Kerin O'Keefe,"You'll find aromas suggesting weedy underbrush, porcini mushroom, raw oak and dried sage on this bracing wine. The medium-bodied palate shows toast, unripe cherry and star anise alongside extremely astringent tannins.",1.93
631,Negretti 2006  Barolo,Negretti,Piemonte,Barolo,Nebbiolo,2006,92,90-94 Ottimo,50.0,4. Da 40 a 74,Non indicato,"Bright, generous and intense, this offers shadings of spice and leather around dried berry and cola aromas. The overall effect is that of power, complexity and balance.",1.84
632,Nervi 2008 Molsino  (Gattinara),Nervi,Piemonte,Gattinara,Nebbiolo,2008,93,90-94 Ottimo,80.0,5. 75 e oltre,Kerin O'Keefe,"Smoke, graphite, leather, woodland berry, forest floor and balsamic notes lead the nose on this complex, elegant wine. The palate offers dried black cherry, ground pepper, grilled sage, mineral and licorice alongside firm but polished tannins and bright acidit",1.16
633,Oddero 2006 Villero  (Barolo),Oddero,Piemonte,Barolo,Nebbiolo,2006,91,90-94 Ottimo,65.0,4. Da 40 a 74,Non indicato,"Putting your nose into a glass of Oddero Barolo Villero is like sniffing a handful of Langhe soil. This wine speaks highly of its territory with aromas of smoke, earth, forest berry, white truffle, hazelnut, cola, root beer, humus and dried apple skins. In the",1.4
634,Oddero 2011 Gallina  (Barbaresco),Oddero,Piemonte,Barbaresco,Nebbiolo,2011,90,90-94 Ottimo,48.0,4. Da 40 a 74,Kerin O'Keefe,"This starts with aromas of rose, crushed violet, red berry and mint. The palate delivers red and black cherry accented with notes of cocoa and mocha alongside youthfully assertive tannins.",1.88
635,Orlando Abrigo 2006 Rongalio Meruzzano Riserva  (Barbaresco),Orlando Abrigo,Piemonte,Barbaresco,Nebbiolo,2006,92,90-94 Ottimo,75.0,5. 75 e oltre,Non indicato,"Nice complexity and vertical aromas of cola, licorice and cherry liqueur open the nose of this Riserva Barbaresco. The wine's aromatic characteristics are very much in line with classic Nebbiolo and there's a pungent or immediate quality as well. In the mouth,",1.23
636,Orlando Abrigo 2008 Vigna Roreto  (Barbera d'Alba),Orlando Abrigo,Piemonte,Barbera d'Alba,Barbera,2008,89,87-89 Molto buono,20.0,2. Da 15 a 24,Non indicato,"Here's a bigger, more sophisticated expression of Barbera with thick concentration and loads of plum, blackberry and spice. The mouthfeel is thick and meaty and the wine offers a long, crisp finish. Very nice.",4.45
637,Orlando Abrigo 2011 Meruzzano  (Barbaresco),Orlando Abrigo,Piemonte,Barbaresco,Nebbiolo,2011,86,80-86 Buono,55.0,4. Da 40 a 74,Kerin O'Keefe,"Toasted oak, coffee and vanilla lead the nose and carry over to the palate along with dense cherry extract and espresso. Raspy wood tannins leave an astringent, abrupt finish.",1.56
638,Palladino 2007 Parafada  (Barolo),Palladino,Piemonte,Barolo,Nebbiolo,2007,92,90-94 Ottimo,65.0,4. Da 40 a 74,Non indicato,"Barolo Parafada is a lush, meaty and expressive wine with power, heft and bright aromas of cured meat, Bresaola, leather, dried rose, licorice and cola. The wine presents a solid wall of tannins and gritty firmness that will need at least another five years of",1.42
639,Paolo Scavino 2012 Carobric  (Barolo),Paolo Scavino,Piemonte,Barolo,Nebbiolo,2012,92,90-94 Ottimo,70.0,4. Da 40 a 74,Kerin O'Keefe,"Intensely fragrant, this opens with scents of violet, rose, perfumed berry and a subtle whiff of menthol. The elegant, structured palate delivers tart cherry, white pepper, clove and a hint of coffee alongside firm, fine-grained tannins. Drink 2020-2028.",1.31
640,Paolo Scavino 2014  Barbera d'Alba,Paolo Scavino,Piemonte,Barbera d'Alba,Barbera,2014,88,87-89 Molto buono,20.0,2. Da 15 a 24,Kerin O'Keefe,"Aromas of dark-skinned berry, blue flowers and a whiff of baking spices lead the nose on this vibrant red. The juicy palate doles out black cherry, red raspberry, white pepper and star anise alongside vibrant acidity. It's made to be drunk young so enjoy soon.",4.4
641,Parusso 2008 Le Coste Mosconi  (Barolo),Parusso,Piemonte,Barolo,Nebbiolo,2008,91,90-94 Ottimo,82.0,5. 75 e oltre,Non indicato,"Nebbiolo from two vineyard sites (Le Coste and Mosconi) is blended to create a tasty wine with notes of cherry, blackberry and leather. It's silky smooth on the finish despite its young age.",1.11
642,Parusso 2012 Bussia  (Barolo),Parusso,Piemonte,Barolo,Nebbiolo,2012,87,87-89 Molto buono,90.0,5. 75 e oltre,Kerin O'Keefe,"Stalky underbrush, celery, eucalyptus and oak-driven spice aromas lead the nose. The bracing palate offers raw cherry, licorice, coconut, toast and espresso alongside a backbone of assertive, drying tannins that clench the finish. Let the tannins soften for a ",0.97
643,Parusso 2012  Barolo,Parusso,Piemonte,Barolo,Nebbiolo,2012,85,80-86 Buono,50.0,4. Da 40 a 74,Kerin O'Keefe,"This opens with aromas that recall weedy underbrush, crushed dill, camphor, saline, hay and a hint of orange rind. The evolved palate offers roasted coffee bean, licorice and a confectionary note but it lacks fruit richness. Astringent but fleeting tannins dry",1.7
644,Pasquale Pelissero 2013 Bricco San Giuliano  (Barbaresco),Pasquale Pelissero,Piemonte,Barbaresco,Nebbiolo,2013,88,87-89 Molto buono,40.0,4. Da 40 a 74,Kerin O'Keefe,"Aromas of red berry, exotic spice and blue flower lift out of the glass. The firm, grippy palate shows espresso, clove and dried cherry alongside assertive tannins that leave a bracing finish.",2.2
645,Pasquale Pelissero 2014 San Giuliano  (Barbaresco),Pasquale Pelissero,Piemonte,Barbaresco,Nebbiolo,2014,86,80-86 Buono,38.0,3. Da 25 a 39,Kerin O'Keefe,"This opens with French oak and toasted hazelnut aromas. The lean, assertive palate offers roasted coffee bean and licorice flavors alongside grainy tannins that leave an astringent finish.",2.26
646,Pecchenino 2012 Bussia  (Barolo),Pecchenino,Piemonte,Barolo,Nebbiolo,2012,89,87-89 Molto buono,75.0,5. 75 e oltre,Kerin O'Keefe,"Dark berry, toasted hazelnut and menthol aromas lift out of the glass. The tightly wound palate is still rather closed and on the lean side in terms of fruit richness, but slowly reveals sour cherry, licorice and a note of ground pepper. A tannic backbone prov",1.19
647,Pecchenino 2012 Le Coste di Monforte  (Barolo),Pecchenino,Piemonte,Barolo,Nebbiolo,2012,87,87-89 Molto buono,70.0,4. Da 40 a 74,Kerin O'Keefe,"This opens with funky aromas of game, scorched soil, roasted herb and a whiff of barnyard. The palate is on the raw side, showing sour cherry and a sprinkling of white pepper framed in raspy tannins.",1.24
648,Pelissero 2006 Nubiola  (Barbaresco),Pelissero,Piemonte,Barbaresco,Nebbiolo,2006,90,90-94 Ottimo,39.0,3. Da 25 a 39,Non indicato,"Here's a well-priced Barbaresco from a quality producer with ample oak-driven aromas of almond, spice, milk chocolate and sweet vanilla. It is a genuine and straight forward Nebbiolo with a brambly, thorny finish accented by intense power and loads of black li",2.31
649,Pelissero 2013 Tulin  (Barbaresco),Pelissero,Piemonte,Barbaresco,Nebbiolo,2013,88,87-89 Molto buono,70.0,4. Da 40 a 74,Kerin O'Keefe,"This has aromas of oak, grilled herb, dried porcini mushroom, a note of stewed fruit and camphor. The straightforward palate shows leather, grilled herb, toast and red cherry alongside firm seasoned tannins.",1.26
650,Pico Maccario 2010 Lavignone  (Barbera d'Asti),Pico Maccario,Piemonte,Barbera d'Asti,Barbera,2010,87,87-89 Molto buono,13.0,1. Sotto 15,Non indicato,"Lavignone is a simple but classy Barbera with solid aromas of forest berry, cassis and fresh tobacco leaf. The wine would pair with fried zucchini flowers stuffed with melted mozzarella cheese.",6.69
651,Pico Maccario 2016 Lavignone  (Barbera d'Asti),Pico Maccario,Piemonte,Barbera d'Asti,Barbera,2016,87,87-89 Molto buono,16.0,2. Da 15 a 24,Kerin O'Keefe,"This opens with black-skinned berry, clove and cooking spice aromas. The straightforward palate shows ripe black cherry, black plum and white pepper notes alongside smooth tannins. Drink soon.",5.44
652,Piero Busso 2013 Gallina  (Barbaresco),Piero Busso,Piemonte,Barbaresco,Nebbiolo,2013,90,90-94 Ottimo,75.0,5. 75 e oltre,Kerin O'Keefe,"This opens with subtle aromas suggesting underbrush, exotic spice, vanilla, menthol and toast. On the structured palate, bright acidity and firm, fine-grained tannins support ripe Marasca cherry, clove and star anise flavors. Drink 2021-2031.",1.2
653,Pietro Rinaldi 2009 San Cristoforo  (Barbaresco),Pietro Rinaldi,Piemonte,Barbaresco,Nebbiolo,2009,92,90-94 Ottimo,50.0,4. Da 40 a 74,Non indicato,"This opens with a plush, dark appearance and generous aromas of ripe fruit, tobacco, hazelnut and bitter chocolate. It delivers balance, determination and polished tannins.",1.84
654,Pio Cesare 2003  Barbaresco,Pio Cesare,Piemonte,Barbaresco,Nebbiolo,2003,87,87-89 Molto buono,61.0,4. Da 40 a 74,Non indicato,"The 2003 Barbaresco is evolving well, if quickly. It shows mature flavors of smoky fruit, sweet plums, graphite and a touch of rubber. Soft on the palate, and delicious now, it should drink well for another five years.",1.43
655,Pio Cesare 2004  Barolo,Pio Cesare,Piemonte,Barolo,Nebbiolo,2004,90,90-94 Ottimo,64.0,4. Da 40 a 74,Non indicato,"Plenty of leather, rose and vanilla from toasty French oak make for a very pretty opening. The full-bodied palate shows exuberant cherry and boysenberry flavors wrapped in a refined tannin structure. A modern expression that can be enjoyed now or laid down to ",1.41
656,Pio Cesare 2007  Dolcetto d'Alba,Pio Cesare,Piemonte,Dolcetto d'Alba,Dolcetto,2007,84,80-86 Buono,22.0,2. Da 15 a 24,Non indicato,Spicy strawberry scents are a bit hampered by some rubbery aromas which may subside over time. Soft tannins frame raspberry and black cherry flavors in the mouth which persist on the juicy finish.,3.82
657,Pio Cesare 2008  Dolcetto d'Alba,Pio Cesare,Piemonte,Dolcetto d'Alba,Dolcetto,2008,88,87-89 Molto buono,21.0,2. Da 15 a 24,Non indicato,"A strong showing, with tones of blueberry and iodine interwoven with animal and barnyard scents on the nose. The palate shows red fruit flavors with flowers at the back and ends on a leather note. Refined tannins allow for immediate consumption.",4.19
658,Pio Cesare 2010  Barbaresco,Pio Cesare,Piemonte,Barbaresco,Nebbiolo,2010,94,90-94 Ottimo,65.0,4. Da 40 a 74,Kerin O'Keefe,"Perfumed and structured, this opens with a beautiful fragrance of intense violet layered with bright raspberry and balsamic notes. The palate has nice depth, delivering juicy wild cherry accented with vanilla, cinnamon, mocha and a note of Mediterranean herbs.",1.45
659,Podere Ruggeri Corsini 2005 San Pietro  (Barolo),Podere Ruggeri Corsini,Piemonte,Barolo,Nebbiolo,2005,90,90-94 Ottimo,44.0,4. Da 40 a 74,Non indicato,"This young Barolo offers a distinctive nose enhanced by fresh herbal notes and loads of pretty mineral tones that follow black fruit and forest berry. There are subtle shadings of sweet vanilla, powdered licorice and cinnamon as well and the wine offers soft, ",2.05
660,Podere Ruggeri Corsini 2012 Bricco San Pietro  (Barolo),Podere Ruggeri Corsini,Piemonte,Barolo,Nebbiolo,2012,90,90-94 Ottimo,38.0,3. Da 25 a 39,Kerin O'Keefe,"This opens with aromas of camphor, dried herb and red berry while the firm palate shows black licorice, peppercorn, sour cherry and a hint of tobacco. A backbone of assertive tannins provides structure. Drink after 2020.",2.37
661,Poderi Aldo Conterno 2010 Bussia Cicala  (Barolo),Poderi Aldo Conterno,Piemonte,Barolo,Nebbiolo,2010,95,95-100 Eccezionale,130.0,5. 75 e oltre,Kerin O'Keefe,"Juicy black cherry, tobacco, leather, underbrush, licorice, menthol, mint and balsamic notes all come together on this powerfully structured wine. The succulent, ripe fruit is supported by a solid tannic backbone. It's already delicious but it's still compact ",0.73
662,Poderi Aldo Conterno 2011 Bussia Colonnello  (Barolo),Poderi Aldo Conterno,Piemonte,Barolo,Nebbiolo,2011,92,90-94 Ottimo,130.0,5. 75 e oltre,Kerin O'Keefe,"Robust and forward, this opens with aromas of dried rose petal, truffle, forest floor, baked fruit and sweet cake spice. The warm palate doles out notes of high-toned cherry, cinnamon, clove and anisette alongside big, velvety tannins. Hold for a few years and",0.71
663,Poderi Aldo Conterno 2011 Bussia Romirasco  (Barolo),Poderi Aldo Conterno,Piemonte,Barolo,Nebbiolo,2011,94,90-94 Ottimo,180.0,5. 75 e oltre,Kerin O'Keefe,"Combining power and finesse, this superb Barolo has subtle aromas of ripe berry, anise, leather and menthol. The taut, full-bodied palate is still young, showing rich black cherry, white pepper, clove, chopped herb and licorice alongside youthfully bracing tan",0.52
664,Poderi Aldo Conterno 2011 Bussia  (Barolo),Poderi Aldo Conterno,Piemonte,Barolo,Nebbiolo,2011,94,90-94 Ottimo,80.0,5. 75 e oltre,Kerin O'Keefe,"Full-bodied and fragrant this offers lovely aromas of rose, violet and ripe red berry. The delicious, structured palate doles out layers of succulent black cherry, raspberry, cake spice, licorice and chopped aromatic herb alongside velvety tannins. Well balanc",1.18
665,Poderi Colla 2011 Roncaglie  (Barbaresco),Poderi Colla,Piemonte,Barbaresco,Nebbiolo,2011,93,90-94 Ottimo,70.0,4. Da 40 a 74,Kerin O'Keefe,"This opens with a classic Nebbiolo fragrance of red rose, leather, perfumed wild berries, forest floor and a hint of menthol. On the palate, white pepper, mint, thyme and eucalyptus notes add depth to the mouthwatering wild cherry and ripe raspberry flavors. I",1.33
666,Poderi Luigi Einaudi 2012 Terlo  (Barolo),Poderi Luigi Einaudi,Piemonte,Barolo,Nebbiolo,2012,89,87-89 Molto buono,55.0,4. Da 40 a 74,Kerin O'Keefe,"Initially a bit shy, this slowly opens in the glass to reveal aromas of ripe berry, leather, baking spice and a hint of scorched earth. The palate offers suggestions of raspberry compote, dried black cherry, vanilla and licorice alongside tightly wound tannins",1.62
667,Poderi Luigi Einaudi 2013  Dogliani,Poderi Luigi Einaudi,Piemonte,Dogliani,Dolcetto,2013,88,87-89 Molto buono,19.0,2. Da 15 a 24,Kerin O'Keefe,"This medium-bodied, easygoing red offers aromas of blue flowers, dark berry, underbrush and a whiff of cake spice. The palate delivers blackberry, red currant, ground pepper and a note of star anise alongside firm, refined tannins. An almond note backs up the ",4.63
668,Principessa Gavia 2010  Gavi,Principessa Gavia,Piemonte,Gavi,Cortese,2010,86,80-86 Buono,14.0,1. Sotto 15,Non indicato,"Light and fresh with a cooling, crisp consistency, this luminous white wine would pair nicely with spicy Indian or Mexican appetizers. Aromas of white flower, stone fruit and sweet apricot appear on the close.",6.14
669,Prinsi 2012 Gaia Principe  (Barbaresco),Prinsi,Piemonte,Barbaresco,Nebbiolo,2012,89,87-89 Molto buono,43.0,4. Da 40 a 74,Kerin O'Keefe,"This is initially quite closed but it eventually opens up in the glass to reveal wild berry, cooking spice and a whiff of cellar floor. The palate offers unripe sour cherry, white pepper, cinnamon and grilled herb alongside youthfully assertive tannins. Drink ",2.07
670,Produttori del Barbaresco 2004 Pora Riserva  (Barbaresco),Produttori del Barbaresco,Piemonte,Barbaresco,Nebbiolo,2004,90,90-94 Ottimo,80.0,5. 75 e oltre,Non indicato,"Pora is an excellent cru with west- and south-facing vineyards that is known to produce Nebbiolo with a great capacity for aging. Indeed, this Riserva seems to yearn for more time in the bottle. It has direct aromas that carry a hint of greenness in the form o",1.12
671,Produttori del Barbaresco 2009 Pajè Riserva  (Barbaresco),Produttori del Barbaresco,Piemonte,Barbaresco,Nebbiolo,2009,90,90-94 Ottimo,65.0,4. Da 40 a 74,Kerin O'Keefe,"Blue flower, ripe cherry, leather and cake spice aromas carry over to the palate along with velvety tannins. Reflecting the heat of the vintage, it's forward and evolved with soft acidity. Drink through 2019.",1.38
672,Produttori del Barbaresco 2011 Montestefano Riserva  (Barbaresco),Produttori del Barbaresco,Piemonte,Barbaresco,Nebbiolo,2011,94,90-94 Ottimo,58.0,4. Da 40 a 74,Kerin O'Keefe,"Ripe and structured, this full-bodied red opens with alluring scents of star anise, dark-skinned berry, underbrush, leather and a balsamic note. On the juicy palate, menthol, licorice and baking spice accent a core of black cherry. Noble tannins provide the fr",1.62
673,Produttori del Barbaresco 2011 Asili Riserva  (Barbaresco),Produttori del Barbaresco,Piemonte,Barbaresco,Nebbiolo,2011,94,90-94 Ottimo,58.0,4. Da 40 a 74,Kerin O'Keefe,"Lovely scents of rose, iris, wild berry, vineyard dust, baking spice and a hint of new leather all come together on this fragrant red. The structured, elegant palate delivers juicy black cherry, licorice, clove and mineral alongside supple tannins that give it",1.62
674,Prunotto 2005 Bric Turot  (Barbaresco),Prunotto,Piemonte,Barbaresco,Nebbiolo,2005,91,90-94 Ottimo,75.0,5. 75 e oltre,Non indicato,"The Bric Turot expression delivers sweet aromas of mature berry fruit, spice, mocha, nutmeg and cedar. The generous mouthfeel is round and plush with velvety impressions of melted chocolate and creamy vanilla. Drink after 2010.",1.21
675,Punset 2010 S. Cristoforo Campo Quadro Riserva  (Barbaresco),Punset,Piemonte,Barbaresco,Nebbiolo,2010,89,87-89 Molto buono,45.0,4. Da 40 a 74,Kerin O'Keefe,"This opens with aromas of steeped prune, chopped herb and a whiff of baking spice. The palate offers crunchy red cherry, mint, sage and ground aniseed alongside rugged tannins that leave a mouth-puckering finish.",1.98
676,Renato Ratti 2013 Rocche dell'Annunziata  (Barolo),Renato Ratti,Piemonte,Barolo,Nebbiolo,2013,95,95-100 Eccezionale,100.0,5. 75 e oltre,Kerin O'Keefe,"Aromas of exotic spice, rose, red berry, tobacco and a whiff of French oak mingle together in the glass. The aromas carry over to the elegant, firmly structured palate, along with strawberry, morello cherry and licorice. Firm, fine-grained tannins provide refi",0.95
677,Revello Fratelli 2013 Gattera  (Barolo),Revello Fratelli,Piemonte,Barolo,Nebbiolo,2013,93,90-94 Ottimo,55.0,4. Da 40 a 74,Kerin O'Keefe,"Intensely floral scents of fragrant blue flower and rose mingle with red berry and a whiff of dark spice. On the elegant, structured palate, star anise and cinnamon accent juicy Marasca cherry and crushed raspberry. Firm refined tannins and bright acidity prov",1.69
678,Ricossa 2007  Barolo,Ricossa,Piemonte,Barolo,Nebbiolo,2007,88,87-89 Molto buono,40.0,4. Da 40 a 74,Non indicato,"There's a subdued, easy quality to the bouquet, encompassing aromas of wild berry, ginger, cola and leather. The finish is smooth, fine and slightly chewy.",2.2
679,Ricossa 2010 Antica Casa Malvasia Nera (Casorzo),Ricossa,Piemonte,Casorzo,Malvasia Nera,2010,84,80-86 Buono,16.0,2. Da 15 a 24,Non indicato,"This rosé dessert wine has a creamy fizz, with flavors of sweet raspberry and wild berry. Simple and sweet, it is dark raspberry in color.",5.25
680,Ricossa 2011 Antica Casa  (Moscato d'Asti),Ricossa,Piemonte,Moscato d'Asti,Moscato,2011,86,80-86 Buono,15.0,2. Da 15 a 24,Non indicato,"This is a textbook example of Moscato. The bouquet offers bright aromas of white flower, honey and fresh peach.",5.73
681,Ricossa 2011  Barbaresco,Ricossa,Piemonte,Barbaresco,Nebbiolo,2011,89,87-89 Molto buono,30.0,3. Da 25 a 39,Kerin O'Keefe,"Toast, mint, red berry and leather aromas come together on this firm red. The palate offers up ripe wild cherry, grilled herb, clove and anise while assertive tannins provide the framework and leave an astringent finish.",2.97
682,Ricossa 2013  Barbera d'Asti,Ricossa,Piemonte,Barbera d'Asti,Barbera,2013,88,87-89 Molto buono,17.0,2. Da 15 a 24,Kerin O'Keefe,"Rose, red berry and a whiff of cake spice aromas meld in the glass. The bright, easy-drinking palate doles out Morello cherry, black raspberry, cinnamon and ground green pepper while vibrant acidity provides backup. There's no complexity but it is savory and r",5.18
683,Rivetti Massimo 2006 Costa di Mu Pinot Nero (Langhe),Rivetti Massimo,Piemonte,Langhe,Pinot Nero,2006,88,87-89 Molto buono,29.0,3. Da 25 a 39,Non indicato,"Here's a spicy and elegant expression of Pinot Nero (from Piedmont in northern Italy) with very nice intensity and staying power. You'll get aromas of wild berry, vanilla and light graphite layers followed by a smooth, supple feel in the mouth.",3.03
684,Rivetti Massimo 2011 Froi  (Barbaresco),Rivetti Massimo,Piemonte,Barbaresco,Nebbiolo,2011,90,90-94 Ottimo,50.0,4. Da 40 a 74,Kerin O'Keefe,"This structured wine features an enticing fragrance of red rose petal, blue flower and a whiff of crushed red berry. The robust palate delivers juicy black cherry layered with notes of spice, vanilla, tobacco and anisette alongside firm tannins that need time ",1.8
685,Rivetti Massimo 2013  Barbaresco,Rivetti Massimo,Piemonte,Barbaresco,Nebbiolo,2013,88,87-89 Molto buono,40.0,4. Da 40 a 74,Kerin O'Keefe,"Scents of cocoa, ripe berry and a balsamic note come together on this. The jammy, straightforward palate offers dark cherry, raspberry, coffee and a hint of licorice alongside fine-grained tannins.",2.2
686,Rivetti Massimo 2014  Barbera d'Alba,Rivetti Massimo,Piemonte,Barbera d'Alba,Barbera,2014,87,87-89 Molto buono,35.0,3. Da 25 a 39,Kerin O'Keefe,"Blackberry, ripe plum, kitchen spice and moist earth aromas lead the nose. The straightforward, easy-drinking, palate offers black cherry, white pepper and a hint of anise alongside lively acidity.",2.49
687,Rivetto 2012 Cè Vanin  (Barbaresco),Rivetto,Piemonte,Barbaresco,Nebbiolo,2012,92,90-94 Ottimo,41.0,4. Da 40 a 74,Kerin O'Keefe,"Grilled herb, underbrush toasted hazelnut and stewed prune aromas meld together along with a floral note. The juicy, structured palate presents fleshy Morello cherry, raspberry, star anise, clove and a hint of orange zest alongside firm, polished tannins that ",2.24
688,Rizieri 2012  Barolo,Rizieri,Piemonte,Barolo,Nebbiolo,2012,90,90-94 Ottimo,49.0,4. Da 40 a 74,Kerin O'Keefe,"Aromas suggesting underbrush, sweat, tobacco and toast reluctantly come together in the glass. The brooding palate is more appealing, delivering ripe cherry, black raspberry, grilled sage and a hint of vanilla alongside tart acidity and ripe, assertive tannins",1.84
689,Rizzi 2008  Barbera d'Alba,Rizzi,Piemonte,Barbera d'Alba,Barbera,2008,87,87-89 Molto buono,18.0,2. Da 15 a 24,Non indicato,"Barbera d'Alba delivers a fresh, slightly raw note of raspberry or wild berry surrounded by light shadings of spice and smoke. This is a balanced wine with bright fruit tones and fresh acidity that showcases a clean, traditional style.",4.83
690,Rizzi 2009 Pajoré  (Barbaresco),Rizzi,Piemonte,Barbaresco,Nebbiolo,2009,90,90-94 Ottimo,58.0,4. Da 40 a 74,Non indicato,"This is a crisp expression of Nebbiolo that is finessed and elegant. It opens with dusty aromas of dried currant, crushed stone and black pepper. The tannins are solid and polished; it needs at least 10 more years of cellar aging.",1.55
691,Rizzi 2010 Boito Riserva  (Barbaresco),Rizzi,Piemonte,Barbaresco,Nebbiolo,2010,92,90-94 Ottimo,70.0,4. Da 40 a 74,Kerin O'Keefe,"Red berry, rose, leather and baking spice aromas come together in the glass. The structured, juicy palate doles out ripe black cherry, licorice, roasted herb and tobacco alongside firm, velvety tannins. Still young and bracing, give this a few more years to fu",1.31
692,Rocca Felice 2011  Barbaresco,Rocca Felice,Piemonte,Barbaresco,Nebbiolo,2011,87,87-89 Molto buono,30.0,3. Da 25 a 39,Kerin O'Keefe,"Bright red berry and violet aromas lead off this soft, medium-bodied red. The palate offers dark cherry and a whiff of white pepper alongside round tannins. It's already accessible so enjoy soon. Drink through 2017.",2.9
693,Rocca Giovanni 2012 Mosconi  (Barolo),Rocca Giovanni,Piemonte,Barolo,Nebbiolo,2012,88,87-89 Molto buono,75.0,5. 75 e oltre,Kerin O'Keefe,"Toasted oak, espresso and exotic spice aromas emerge on this structured red. On the palate, French oak, vanilla, and chocolate underscore ripe berries while raspy tannins leave an astringent mouth-drying close.",1.17
694,Réva 2012 Ravera  (Barolo),Réva,Piemonte,Barolo,Nebbiolo,2012,88,87-89 Molto buono,80.0,5. 75 e oltre,Kerin O'Keefe,"Bright aromas of wild cherry, iris, rose and a hint of balsamic herb come together on this. The full-bodied palate delivers tart red cherry, orange peel and a green note of sage accompanied by astringent tannins that grip the finish.",1.1
695,San Silvestro 2016 Primaio  (Dolcetto d'Alba),San Silvestro,Piemonte,Dolcetto d'Alba,Dolcetto,2016,86,80-86 Buono,16.0,2. Da 15 a 24,Kerin O'Keefe,"This simple red leads with baking spice, underbrush and red-skinned berry aromas. The palate delivers orange peel, black cherry and clove flavors, with round tannins. Drink soon.",5.38
696,Sandrone 2012 Cannubi Boschis  (Barolo),Sandrone,Piemonte,Barolo,Nebbiolo,2012,94,90-94 Ottimo,165.0,5. 75 e oltre,Kerin O'Keefe,"Enticing scents of pressed rose, wild berry, scorched soil, leather and menthol take shape in the glass. The juicy, savory palate doles out red cherry, crushed raspberry, licorice, baking spice and grilled herb alongside ripe, velvety tannins. It's already app",0.57
697,Saracco 2015  Moscato d'Asti,Saracco,Piemonte,Moscato d'Asti,Moscato,2015,92,90-94 Ottimo,16.0,2. Da 15 a 24,Kerin O'Keefe,"Intensely aromatic, this opens with tantalizing scents of citrus blossom, yellow peach and aromatic herb. The creamy, foaming palate offers apricot, candied tangerine zest, lemon drop and a note of crystallized ginger. Bright acidity and a hint of thyme lift t",5.75
698,Sobrero 2010 Ciabot Tanasio  (Barolo),Sobrero,Piemonte,Barolo,Nebbiolo,2010,93,90-94 Ottimo,50.0,4. Da 40 a 74,Kerin O'Keefe,"This is still a bit closed, but scents of rose, berry, white spices and underbrush slowly emerge. The savory flavors include bright berry, black cherry and white pepper supported by lively acidity and firm tannins. Young and tightly wound, it needs time to unf",1.86
699,Sobrero 2012 Ciabot Tanasio  (Barolo),Sobrero,Piemonte,Barolo,Nebbiolo,2012,90,90-94 Ottimo,49.0,4. Da 40 a 74,Kerin O'Keefe,"Ripe and juicy, this opens with aromas of dark berry, leather, underbrush and a whiff of game. The round, chewy palate doles out black cherry extract, clove, tobacco and star anise while meaty tannins provide the framework. Drink 2018-2023.",1.84
700,Socré 2010 Roncaglie Riserva  (Barbaresco),Socré,Piemonte,Barbaresco,Nebbiolo,2010,88,87-89 Molto buono,94.0,5. 75 e oltre,Kerin O'Keefe,"Aromas of toasted oak, coffee and red berry lead the nose. The palate delivers dried cherry, vanilla, coconut and a note of powdered sage while bracing tannins give it a drying finish. Drink 2017-2012.",0.94
701,Sordo 2010 Monvigliero  (Barolo),Sordo,Piemonte,Barolo,Nebbiolo,2010,95,95-100 Eccezionale,65.0,4. Da 40 a 74,Kerin O'Keefe,"This elegant wine is all about silky texture and balance. It delivers crushed flower, sour cherry, black raspberry, cinnamon and balsamic sensations alongside supple tannins and vibrant acidity. It's already accessible but is still young and promises to blosso",1.46
702,Sordo 2011 Gabutti  (Barolo),Sordo,Piemonte,Barolo,Nebbiolo,2011,93,90-94 Ottimo,65.0,4. Da 40 a 74,Kerin O'Keefe,"Rose petal, perfumed berry pressed powder and sweet cake spice aromas lead the way. The vibrant palate offers crunchy red cherry, raspberry, white pepper, grilled herb and tobacco alongside fresh acidity and assertive tannins. Drink 2019-2029.",1.43
703,Sottimano 2012 Fausoni  (Barbaresco),Sottimano,Piemonte,Barbaresco,Nebbiolo,2012,94,90-94 Ottimo,58.0,4. Da 40 a 74,Kerin O'Keefe,"This beautifully balanced wine boasts and enviable combination of structure and finesse. It opens with enticing aromas of pressed rose, iris, wild berry, cake spice and a whiff of pressed powder while the full-bodied palate delivers ripe black cherry, crushed ",1.62
704,Tenuta Carretta 2009 Cannubi  (Barolo),Tenuta Carretta,Piemonte,Barolo,Nebbiolo,2009,88,87-89 Molto buono,99.0,5. 75 e oltre,Kerin O'Keefe,"Leafy underbrush, dried sage, rose, grilled herb and leather aromas lead the nose. The straightforward palate delivers sour cherry and ground white pepper alongside firm but rather fleeting tannins. Drink through 2019.",0.89
705,Tenuta Carretta 2011  Nebbiolo d'Alba,Tenuta Carretta,Piemonte,Nebbiolo d'Alba,Nebbiolo,2011,86,80-86 Buono,20.0,2. Da 15 a 24,Kerin O'Keefe,This simple wine offers up subdued sensations of raw berries and a hint of mocha but it lacks fruit richness. It's already very evolved and should be drunk soon.,4.3
706,Tenuta Olim Bauda 2011 Centive  (Moscato d'Asti),Tenuta Olim Bauda,Piemonte,Moscato d'Asti,Moscato,2011,87,87-89 Molto buono,16.0,2. Da 15 a 24,Non indicato,"Centive is a pleasant and lively Moscato d'Asti with fragrant tones of dried flowers, jasmine soap, lavender honey and sun-ripened peach. The smooth mouthfeel is capped by loads of frothy cream.",5.44
707,Tenuta Rocca 2011  Barolo,Tenuta Rocca,Piemonte,Barolo,Nebbiolo,2011,89,87-89 Molto buono,59.0,4. Da 40 a 74,Kerin O'Keefe,"Baking spice, dried flower, dark-skinned berry and a whiff of coconut lead the nose on this straightforward Barolo. The firm palate offers dried black cherry, toast and vanilla alongside firm, tightly knit tannins.",1.51
708,Tenute Cisa Asinari dei Marchesi di Gresy 2004 Camp Gros Martinenga  (Barbaresco),Tenute Cisa Asinari dei Marchesi di Gresy,Piemonte,Barbaresco,Nebbiolo,2004,91,90-94 Ottimo,85.0,5. 75 e oltre,Non indicato,Camp Gros Martinenga is located on the lower part of Rabajà at the heart of Barbaresco and produces wines with excellent expansion and staying power. This wine does an excellent job of highlighting elegance and tradition. It is streamlined and firm in the mout,1.07
709,Tenute Cisa Asinari dei Marchesi di Gresy 2010 Martinenga  (Barbaresco),Tenute Cisa Asinari dei Marchesi di Gresy,Piemonte,Barbaresco,Nebbiolo,2010,91,90-94 Ottimo,55.0,4. Da 40 a 74,Kerin O'Keefe,"This single-vineyard Barbaresco offers underbrush and tobacco leaf aromas layered with toast, espresso and oak. The palate is succulent, featuring black cherry, licorice, spice and eucalyptus notes. Nicely balanced, but still young and aggressive; best after 2",1.65
710,Terre da Vino 2006 Croere  (Barbera d'Alba Superiore),Terre da Vino,Piemonte,Barbera d'Alba Superiore,Barbera,2006,88,87-89 Molto buono,21.0,2. Da 15 a 24,Non indicato,"Here's a ripe and slightly jammy expression of Barbera d'Alba with thick fruit layers followed by intense spice, chocolate and toasted almond. The wine is succulent and dense in the mouth and would stand up to braised beef or country stew.",4.19
711,Tiziano Mazzoni 2011 Ai Livelli  (Ghemme),Tiziano Mazzoni,Piemonte,Ghemme,Nebbiolo,2011,89,87-89 Molto buono,52.0,4. Da 40 a 74,Kerin O'Keefe,"Made entirely with Nebbiolo, this opens with aromas of French oak, vanilla, licorice, and underbrush. The aromas follow over to the palate along with dried cherry while fine-grained tannins provide support.",1.71
712,Travaglini 2008 Riserva  (Gattinara),Travaglini,Piemonte,Gattinara,Nebbiolo,2008,94,90-94 Ottimo,45.0,4. Da 40 a 74,Kerin O'Keefe,"Earthy fragrances of violet, tilled soil, leather, menthol and spicy plum jump out of the glass. The delicious palate boasts structure and finesse, seamlessly weaving together ripe wild cherry, crushed blackberry, juicy plum and baking spice alongside tightly ",2.09
713,Travaglini 2011 Il Sogno  (Gattinara),Travaglini,Piemonte,Gattinara,Nebbiolo,2011,93,90-94 Ottimo,120.0,5. 75 e oltre,Kerin O'Keefe,"Aromas of baked plum, cake spice, purple flower and a balsamic note jump out of the glass. The full-bodied palate shows power and finesse, delivering dried cherry, fig, vanilla, nutmeg and pipe tobacco while firm, velvety tannins provide the framework.",0.78
714,Vallana 2006  Gattinara,Vallana,Piemonte,Gattinara,Nebbiolo,2006,95,95-100 Eccezionale,32.0,3. Da 25 a 39,Kerin O'Keefe,"Alpine herb, underbrush, pressed rose petal, dried berry and a balsamic note are some of the aromas you'll find in this elegant Nebbiolo. It's still remarkably youthful, with bright red cherry, fresh raspberry, clove, white pepper and mineral flavors accented ",2.97
715,Vallana 2009  Boca,Vallana,Piemonte,Boca,Red Blend,2009,90,90-94 Ottimo,30.0,3. Da 25 a 39,Kerin O'Keefe,"Made with 65% Nebbiolo, 20% Vespolina and 15% Uva Rara, this polished red from Piedmont offers aromas and flavors of dried red cherry, clove, baking spice and rust. It's well balanced, with silky tannins and fresh acidity while a graphite note closes the finis",3.0
716,Veglio 2012  Nebbiolo d'Alba,Veglio,Piemonte,Nebbiolo d'Alba,Nebbiolo,2012,89,87-89 Molto buono,12.0,1. Sotto 15,Kerin O'Keefe,"A potpourri of violets, sweet baking spices and woodland berries take center stage. The savory palate offers up wild cherry, black raspberry and cinnamon alongside supple tannins and fresh acidity. Drink soon.",7.42
717,Viberti 2006 La Volta Riserva  (Barolo),Viberti,Piemonte,Barolo,Nebbiolo,2006,92,90-94 Ottimo,84.0,5. 75 e oltre,Non indicato,"This shows beautiful touches of cured meat, dried berry, ginger, rosemary oil and cigar box. It is soft and succulent on the finish, but the solid tannins hold it together very nicely.",1.1
718,Viberti 2010 Bricco delle Viole Riserva  (Barolo),Viberti,Piemonte,Barolo,Nebbiolo,2010,94,90-94 Ottimo,120.0,5. 75 e oltre,Kerin O'Keefe,"This offers intriguing aromas of chopped mint, menthol, leather, soil and spiced berry. The mint note carries over to the chewy palate, along with soothing licorice, clove and tobacco, all of which add depth to the core of juicy black cherry. Velvety tannins l",0.78
719,Viberti 2010 San Pietro Riserva  (Barolo),Viberti,Piemonte,Barolo,Nebbiolo,2010,90,90-94 Ottimo,120.0,5. 75 e oltre,Kerin O'Keefe,"Intense aromas of mature black cherry, licorice, leather and a balsamic note lead the nose and follow over to the palate along with cranberry and a note of pipe tobacco. Tightly packed, rather austere tannins provide firm support and need time to unwind. Drink",0.75
720,Vietti 2005 La Crena  (Barbera d'Asti),Vietti,Piemonte,Barbera d'Asti,Barbera,2005,92,90-94 Ottimo,47.0,4. Da 40 a 74,Non indicato,"Serious and multifaceted, with peppery black fruit aromas wrapped up in a frame of toasty new oak. Abundant but plush tannins support intense blackberry and roasted nut flavors in the mouth, winding up with a hit of mocha on the long, highly nuanced finish. No",1.96
721,Vietti 2013 Ravera  (Barolo),Vietti,Piemonte,Barolo,Nebbiolo,2013,94,90-94 Ottimo,150.0,5. 75 e oltre,Kerin O'Keefe,"Dark berry, chopped mint, sage, tobacco and a balsamic note are some of the aromas you'll find on this. Firmly structured and youthfully austere, the palate delivers red cherry, raspberry compote, anise and clove framed in vibrant acidity and tightly-woven tan",0.63
722,Vinchio-Vaglio Serra 2003 Cantina Tre Serre  (Barbaresco),Vinchio-Vaglio Serra,Piemonte,Barbaresco,Nebbiolo,2003,88,87-89 Molto buono,29.0,3. Da 25 a 39,Non indicato,"Cheerful and bright, this well-priced wine offers a great introduction to Barbaresco to those who might be less familiar with this noble Italian wine. Vibrant aromas include wild berries, cola and a touch of smoked ham. The mouthfeel is crisp and very clean de",3.03
723,Vinchio-Vaglio Serra 2013 Vecchie Vigne 50  (Barbera d'Asti),Vinchio-Vaglio Serra,Piemonte,Barbera d'Asti,Barbera,2013,89,87-89 Molto buono,29.0,3. Da 25 a 39,Kerin O'Keefe,"This opens with earthy aromas of forest floor, tilled soil, dark berry and a whiff of baking spices. Made with very old vines, the concentrated palate doles out black cherry, blackberry, clove and anise alongside fresh acidity.",3.07
724,Vino dei Fratelli 2011  Moscato d'Asti,Vino dei Fratelli,Piemonte,Moscato d'Asti,Moscato,2011,85,80-86 Buono,16.0,2. Da 15 a 24,Non indicato,"There's a sweet, sticky quality to this Moscato d'Asti that would match cream puddings or cooked fruit desserts. Fragrant aromas of yellow flower, honey, apricot and tangerine emerge on the bouquet.",5.31
725,Vino dei Fratelli 2012  Moscato d'Asti,Vino dei Fratelli,Piemonte,Moscato d'Asti,Moscato,2012,85,80-86 Buono,16.0,2. Da 15 a 24,Non indicato,"Here is an easy and fresh Moscato d'Asti that offers a balanced dose of sweetness backed by honey, peach, exotic fruit and white flower. The mouthfeel is creamy and soft with plush, foamy cream.",5.31
726,Virna Borgogno 2010  Barolo,Virna Borgogno,Piemonte,Barolo,Nebbiolo,2010,89,87-89 Molto buono,30.0,3. Da 25 a 39,Kerin O'Keefe,"This accessible Barolo leads with a pretty fragrance of crushed blue flower, wild rose and bright berry. The palate delivers Morello cherry, black raspberry and cinnamon notes alongside fresh acidity and supple tannins.",2.97
727,Vite Colte 2013 Paesi Tuoi  (Barolo),Vite Colte,Piemonte,Barolo,Nebbiolo,2013,88,87-89 Molto buono,60.0,4. Da 40 a 74,Kerin O'Keefe,"Aromas of menthol, espresso and pressed rose take center stage. The medium-bodied palate shows spiced cranberry, pomegranate, roasted coffee bean, anise and a rather green note of powdered sage. Assertive close-grained tannins clench the finish. Give the tanni",1.47
728,Vite Colte 2013 La Luna e i Falò  (Barbera d'Asti Superiore),Vite Colte,Piemonte,Barbera d'Asti Superiore,Barbera,2013,87,87-89 Molto buono,30.0,3. Da 25 a 39,Kerin O'Keefe,"This opens with aromas of leafy underbrush, mature berry, menthol and anise. The palate offers dried blackberry, raisin and licorice alongside close-grained tannins and brisk acidity.",2.9
729,Vite Colte 2015 Villata  (Roero),Vite Colte,Piemonte,Roero,Arneis,2015,86,80-86 Buono,20.0,2. Da 15 a 24,Kerin O'Keefe,"Aromas of jasmine and citrus blossom lead the nose. The soft, bright palate offers yellow peach, Bartlett pear and a hint of candied lemon rind. A note of white almond closes the finish.",4.3
730,Abbazia Santa Anastasia 2005 Passomaggio Red (Sicilia),Abbazia Santa Anastasia,Sicilia e Sardegna,Sicilia,Red Blend,2005,86,80-86 Buono,25.0,3. Da 25 a 39,Non indicato,"Nero d'Avola and Merlot are blended to produce a ripe, chewy wine with mature fruit flavors. The nose is a bit muddled and dense but the wine offers good succulence and depth.",3.44
731,Abbazia Santa Anastasia 2005 Litra Cabernet Sauvignon (Sicilia),Abbazia Santa Anastasia,Sicilia e Sardegna,Sicilia,Cabernet Sauvignon,2005,92,90-94 Ottimo,77.0,5. 75 e oltre,Non indicato,"Probably the best expressions of Cabernet Sauvignon from the Cefalù area of Sicily (north of Palermo). This beautiful estate, crowned by an ancient stone abbey, has seen a few difficult years, but thankfully, the vines remain productive. Gorgeous, rich and rou",1.19
732,Agricola Punica 2010 Montessu Red (Isola dei Nuraghi),Agricola Punica,Sicilia e Sardegna,Isola dei Nuraghi,Red Blend,2010,90,90-94 Ottimo,35.0,3. Da 25 a 39,Non indicato,"Elegant and tight, this blend offers savory tones of cured meat and dried fruit, followed by green notes of curry leaf and herb. The wine is tangy, thick and persistent on the palate.",2.57
733,Antichi Vinai 1877 2011 Brut Metodo Classico  (Etna),Antichi Vinai 1877,Sicilia e Sardegna,Etna,Nerello Mascalese,2011,89,87-89 Molto buono,45.0,4. Da 40 a 74,Kerin O'Keefe,"Made with Nerello Mascalese, this opens with aromas of flint, ripe orchard fruit and a whiff of baked bread. The dry palate shows red apple, flint, lemon drop and Mediterranean herb alongside bright acidity and a persistent, elegant perlage.",1.98
734,Argiolas 2014 Serra Lori Rosato (Isola dei Nuraghi),Argiolas,Sicilia e Sardegna,Isola dei Nuraghi,Rosato,2014,89,87-89 Molto buono,16.0,2. Da 15 a 24,Kerin O'Keefe,"A blend of 50% Cannonau, 15% Bovale, 15% Carignano, 10% Monica and 10% Malvasia, this generous, vibrant rosato delivers intense fruit aromas of red cherry and black raspberry along with a whiff of spice. The fruit sensations follow through to the juicy palate ",5.56
735,Assuli 2015 Astolfo Grillo (Terre Siciliane),Assuli,Sicilia e Sardegna,Terre Siciliane,Grillo,2015,86,80-86 Buono,23.0,2. Da 15 a 24,Kerin O'Keefe,"Aromas of oak, underbrush and a whiff of wet stone lift out of the glass. The aromas carry over to the lean palate along with ripe yellow-apple skin, a hint of citrus zest and a saline note. It closes on a bitter nutty note.",3.74
736,Avide 2003 Sigillo Red (Sicilia),Avide,Sicilia e Sardegna,Sicilia,Red Blend,2003,90,90-94 Ottimo,50.0,4. Da 40 a 74,Non indicato,"Sigillo offers good density and concentration that follows refined aromas of berry fruit and white mineral. The wine has elegance, harmony and tastes filling but fresh in the mouth. It is a 50-50 blend of Cabernet Sauvignon and Nero d'Avola.",1.8
737,Avide 2004 3 Carati Nero d'Avola (Sicilia),Avide,Sicilia e Sardegna,Sicilia,Nero d'Avola,2004,88,87-89 Molto buono,50.0,4. Da 40 a 74,Non indicato,This is a bright expression of Nero d'Avola with youthful fruit flavors and pretty aromas of pistachio nut and almond. The wine is polished and clean with bright acidity on the close.,1.76
738,Baglio del Cristo di Campobello 2011 Adènzia Red (Sicilia),Baglio del Cristo di Campobello,Sicilia e Sardegna,Sicilia,Red Blend,2011,89,87-89 Molto buono,29.0,3. Da 25 a 39,Kerin O'Keefe,"A 50-50 blend of Nero d'Avola and Syrah, this offers inviting aromas of ripe black plum, fragrant blue flower and allspice. Blackberry, dried cherry and black pepper take center stage on the palate, while soft tannins provide light support. It finishes on a sm",3.07
739,Baglio di Pianetto 2007 Ficiligno White (Sicilia),Baglio di Pianetto,Sicilia e Sardegna,Sicilia,White Blend,2007,87,87-89 Molto buono,19.0,2. Da 15 a 24,Kerin O'Keefe,"Delicate aromas recall white flower and citrus. The palate offers passion fruit, lime and white peach with a hint of mineral alongside bright acidity.",4.58
740,Baglio di Pianetto 2011 Ramione Red (Sicilia),Baglio di Pianetto,Sicilia e Sardegna,Sicilia,Red Blend,2011,88,87-89 Molto buono,23.0,2. Da 15 a 24,Kerin O'Keefe,"Made with Merlot and Nero d'Avola, this opens with aromas of redcurrant, bell pepper, vanilla, coffee and blackberry. On the palate, notes of espresso and ground pepper add some depth to the black cherry core while firm tannins provide support.",3.83
741,Baglio di Pianetto 2013 BDP Y Nero d'Avola (Sicilia),Baglio di Pianetto,Sicilia e Sardegna,Sicilia,Nero d'Avola,2013,86,80-86 Buono,14.0,1. Sotto 15,Kerin O'Keefe,"This simple, easygoing red doles out juicy black cherry, fleshy blackberry, vanilla and a confectionary note. It's made to be drunk young so enjoy soon.",6.14
742,Benanti 2008 Il Musico 500ml Moscato (Sicilia),Benanti,Sicilia e Sardegna,Sicilia,Moscato,2008,90,90-94 Ottimo,26.0,3. Da 25 a 39,Non indicato,"Il Musico is a Passito dessert wine from Sicily made with aromatic Moscato grapes that seems to have all the bright intensity of the southern Italian sun inside. The bouquet is redolent of jasmine, orange blossom, almond paste and white peach. In the mouth, th",3.46
743,Benanti 2010 Pietramarina Bianco Superiore  (Etna),Benanti,Sicilia e Sardegna,Etna,Carricante,2010,95,95-100 Eccezionale,45.0,4. Da 40 a 74,Kerin O'Keefe,"This stunning, full-bodied wine is in the running as one of the best white wines in Italy. It's perfumed with acacia flower, Spanish broom, beeswax, flint and tree fruit. The delicious palate delivers green apple, Anjou pear and mineral sensations of mesmerizi",2.11
744,Boccantino 2012 Riserva  (Cannonau di Sardegna),Boccantino,Sicilia e Sardegna,Cannonau di Sardegna,Cannonau,2012,83,80-86 Buono,11.0,1. Sotto 15,Kerin O'Keefe,"Aromas of scorched earth, pressed rose and a funky note of game lead the nose. The lean, diluted palate offers raisin and a hint of dried black cherry alongside gritty, fleeting tannins.",7.55
745,COS 2011 Delle Fontane  (Cerasuolo di Vittoria Classico),COS,Sicilia e Sardegna,Cerasuolo di Vittoria Classico,Red Blend,2011,94,90-94 Ottimo,70.0,4. Da 40 a 74,Kerin O'Keefe,"Earthy and delicious, this soulful red opens with aromas of sun-baked soil, leather, ripe black fruit, dark spice and a funky but pleasant whiff of game. The round, smooth tastes of juicy blackberry, wild cherry, cinnamon, black olive, cured meat and mineral f",1.34
746,COS 2014 Pithos Bianco Grecanico (Terre Siciliane),COS,Sicilia e Sardegna,Terre Siciliane,Grecanico,2014,89,87-89 Molto buono,25.0,3. Da 25 a 39,Kerin O'Keefe,"Made with Grecanico, this amber-colored wine offers aromas suggesting candied nectarine zest, sea breeze, tilled soil and Mediterranean herb. The linear palate delivers dried apricot, mineral and bitter almond alongside bright acidity. A hint of tangerine clos",3.56
747,COS 2014 Pithos Rosso Red (Vittoria),COS,Sicilia e Sardegna,Vittoria,Red Blend,2014,95,95-100 Eccezionale,30.0,3. Da 25 a 39,Kerin O'Keefe,"Radiant and earthy, this blend of Frappato and Nero d'Avola boasts enticing scents suggesting dark-skinned berry, leather, sunbaked earth, sea breeze and a floral note. The creamy, succulent palate doles out juicy black cherry, black raspberry, white pepper an",3.17
748,Cantina Santadi 2004 Latinia  (Valli di Porto Pino),Cantina Santadi,Sicilia e Sardegna,Valli di Porto Pino,White Blend,2004,92,90-94 Ottimo,42.0,4. Da 40 a 74,Non indicato,"Thick and fragrant, this amber colored dessert wine from the Nasco grape has the Sardinian sunshine locked within: Honey, dried apricot, almond, crème brûlée and caramel aromas are the protagonists here. The mouthfeel is thick and velvety and the long, sweet f",2.19
749,Cantina Santadi 2010 Terre Brune  (Carignano del Sulcis),Cantina Santadi,Sicilia e Sardegna,Carignano del Sulcis,Red Blend,2010,92,90-94 Ottimo,67.0,4. Da 40 a 74,Kerin O'Keefe,"Made with very old, ungrafted vines, this intense wine opens with aromas of toast, leather, espresso, ripe blackberry, spice and tobacco. The concentrated palate delivers ripe black cherry, dried plum, clove, leather and licorice alongside solid tannins and th",1.37
750,Cantina Sociale di Dolianova 2010 Dolia  (Cannonau di Sardegna),Cantina Sociale di Dolianova,Sicilia e Sardegna,Cannonau di Sardegna,Cannonau,2010,86,80-86 Buono,15.0,2. Da 15 a 24,Non indicato,"A simple expression of Cannonau, this has notes of dark fruit and prune, followed by sweet spice and leather accents. It would pair well with grilled sausages.",5.73
751,Cantine Russo 2013 Rampante Contrada Crasà Bianco  (Etna),Cantine Russo,Sicilia e Sardegna,Etna,White Blend,2013,89,87-89 Molto buono,20.0,2. Da 15 a 24,Kerin O'Keefe,"Made with 80% Carricante and 20% Catarratto, this deeply hued white opens with aromas of pressed chamomile, orange zest and a whiff of flint. The round palate offers golden apple, mineral and a citrus note alongside bright acidity. A hint of white pepper accen",4.45
752,Cantine Valenti 2015 Enrico IV Bianco  (Etna),Cantine Valenti,Sicilia e Sardegna,Etna,White Blend,2015,87,87-89 Molto buono,25.0,3. Da 25 a 39,Kerin O'Keefe,"Delicate scents of white flower, flint and white stone fruit slowly emerge on this crisp white. The linear, refreshing palate offers unripe peach, citrus and mineral alongside vibrant acidity.",3.48
753,Capichera 2014 Vign'Angena  (Vermentino di Gallura),Capichera,Sicilia e Sardegna,Vermentino di Gallura,Vermentino,2014,90,90-94 Ottimo,36.0,3. Da 25 a 39,Kerin O'Keefe,"Honeysuckle, jasmine and orchard fruit aromas take center stage on this fresh, elegant wine. The savory palate delivers white peach, ripe apple, rosemary and a mouthwatering saline note. Fresh acidity brightens the finish.",2.5
754,Caruso & Minini 2006 Terre di Giumara Syrah (Sicilia),Caruso & Minini,Sicilia e Sardegna,Sicilia,Syrah,2006,88,87-89 Molto buono,14.0,1. Sotto 15,Non indicato,"Here's a Syrah with bursting aromas of mature blueberry, cherry, spice and smoked bacon. The wine is full, round and generous with a supple feel and soft concentration. Pair it with lamb or roasted pork.",6.29
755,Caruso & Minini 2007 Terre di Giumara Inzolia (Sicilia),Caruso & Minini,Sicilia e Sardegna,Sicilia,Inzolia,2007,86,80-86 Buono,11.0,1. Sotto 15,Non indicato,"Yellow flower and natural rubber come forward first and are followed by peach, apricot, pear and delicate mineral nuances. There's a creamy, warm quality to the mouthfeel, but this bright Inzolia ends clean and fresh.",7.82
756,Caruso & Minini 2008 Sachia Perricone (Sicilia),Caruso & Minini,Sicilia e Sardegna,Sicilia,Perricone,2008,87,87-89 Molto buono,25.0,3. Da 25 a 39,Non indicato,"Single-variety expressions of Perricone (a dark red grape found in Sicily) are showing up more frequently and are quickly cementing the grape's quality potential. A dark red color marks this wine's appearance, as do intense aromas of blackberry, plum and spice",3.48
757,Caruso & Minini 2008 Terre di Giumara Nero d'Avola (Sicilia),Caruso & Minini,Sicilia e Sardegna,Sicilia,Nero d'Avola,2008,87,87-89 Molto buono,12.0,1. Sotto 15,Non indicato,"Terre di Giumara is a line of value wines. This Nero d'Avola offers bright aromas of berry, cassis, fennel, moist earth and almond that recall the natural fragrances of Sicily. The wine is simple, fresh and clean on the close.",7.25
758,Caruso & Minini 2010 Terre di Giumara Inzolia (Sicilia),Caruso & Minini,Sicilia e Sardegna,Sicilia,Inzolia,2010,87,87-89 Molto buono,14.0,1. Sotto 15,Non indicato,"Terre di Giumara is a fresh and tight white wine with bright yellow fruit, peach and honey-roasted almond. The wine is full and ripe, with a touch of piquant spice on the close.",6.21
759,Caruso & Minini 2010 Cusora Red (Sicilia),Caruso & Minini,Sicilia e Sardegna,Sicilia,Red Blend,2010,89,87-89 Molto buono,28.0,3. Da 25 a 39,Non indicato,"The bouquet on this blend of Syrah and Merlot offers soft layers of cherry and chocolate fudge. The palate is round, rich and creamy, with sensations of ripe fruit and tobacco.",3.18
760,Casa di Grazia 2013 Zahara Grillo (Sicilia),Casa di Grazia,Sicilia e Sardegna,Sicilia,Grillo,2013,88,87-89 Molto buono,22.0,2. Da 15 a 24,Kerin O'Keefe,"Citrus, yellow apple, orange blossom and saline aromas take center stage. On the palate, notes of savory herb accent creamy apple and pear flavors that are brightened by fresh acidity and a mineral note.",4.0
761,Ceuso 2007 Scurati Grecanico (Sicilia),Ceuso,Sicilia e Sardegna,Sicilia,Grecanico,2007,86,80-86 Buono,16.0,2. Da 15 a 24,Non indicato,"Fresh and light with crisp aromas of lime, grapefruit and peach, this wine is a perfect companion to light lunches and salads. The mouthfeel is clean and fresh.",5.38
762,Ceuso 2009 Fastaia Red (Sicilia),Ceuso,Sicilia e Sardegna,Sicilia,Red Blend,2009,89,87-89 Molto buono,30.0,3. Da 25 a 39,Non indicato,"Fastaia is a ""super Sicilian"" blend of Cabernet Sauvignon, Merlot and Petit Verdot that offers ripe aromas of maraschino, blackberry preserves and prune, followed by spice, tobacco and rum cake accents. The mouthfeel is soft, chewy and long.",2.97
763,Colosi 2009 Nero d'Avola (Sicilia),Colosi,Sicilia e Sardegna,Sicilia,Nero d'Avola,2009,87,87-89 Molto buono,16.0,2. Da 15 a 24,Non indicato,"Aged only in stainless steel to preserve the freshness of the fruit, this wine is redolent of wild berries, violets, cola, crushed stone and licorice. The mouthfeel is sharp, clean and bright.",5.44
764,Corvo 2010 Fiore Red (Sicilia),Corvo,Sicilia e Sardegna,Sicilia,Red Blend,2010,84,80-86 Buono,14.0,1. Sotto 15,Non indicato,"A blend of Nero d'Avola and Frappato, Fiore is a sharp, tonic red wine that would pair with fried dough or cheese melts. Bramble, berry, cola and bitter almond appear on the close.",6.0
765,Corvo 2013 Irmana Grillo (Terre Siciliane),Corvo,Sicilia e Sardegna,Terre Siciliane,Grillo,2013,85,80-86 Buono,13.0,1. Sotto 15,Kerin O'Keefe,"This opens with unusual aromas that recall plastic and wax. The simple palate offers fleeting sensations of tropical fruit, yellow apple and lemon zest.",6.54
766,Corvo 2014 Irmana Red (Terre Siciliane),Corvo,Sicilia e Sardegna,Terre Siciliane,Red Blend,2014,88,87-89 Molto buono,15.0,2. Da 15 a 24,Kerin O'Keefe,"A blend of Nero d'Avola and Frappato, this opens with heady aromas of cut rose, red berry and dark spice. The round, simple palate doles out juicy Maresca cherry, crushed raspberry and a note of white pepper alongside silky, smooth tannins. There's no complexi",5.87
767,Cottanera 2012  Etna,Cottanera,Sicilia e Sardegna,Etna,Nerello Mascalese,2012,89,87-89 Molto buono,52.0,4. Da 40 a 74,Kerin O'Keefe,"This offers aromas of scorched earth, underbrush and a whiff of oak. The firm palate offers sour cherry, fleshy strawberry, toast, coconut and espresso alongside assertive, close-grained tannins that leave a mouth-drying finish.",1.71
768,Curto 2012 Fontanelle Nero d'Avola (Eloro),Curto,Sicilia e Sardegna,Eloro,Nero d'Avola,2012,92,90-94 Ottimo,29.0,3. Da 25 a 39,Kerin O'Keefe,"Made entirely from Nero d'Avola, this delicious wine opens with ripe black plum, carob and Mediterranean brush aromas. The smooth, chewy palate doles out layers of juicy blackberry, ripe Morello cherry, clove and white pepper flavors. A licorice note closes th",3.17
769,Curto 2014 Nero d'Avola (Eloro),Curto,Sicilia e Sardegna,Eloro,Nero d'Avola,2014,89,87-89 Molto buono,15.0,2. Da 15 a 24,Kerin O'Keefe,"This smooth red opens with blackberry, Mediterranean scrub and carob aromas. The easy-drinking, savory palate delivers ripe black cherry, clove and a peppr notes alongside velvety tannins. Enjoy through 2021.",5.93
770,Cusumano 2007 Sàgana Nero d'Avola (Sicilia),Cusumano,Sicilia e Sardegna,Sicilia,Nero d'Avola,2007,90,90-94 Ottimo,32.0,3. Da 25 a 39,Non indicato,"Cusumano's Sàgana brings the focus to the quality of the fruit. The wine shows red berry, spice and a unique toasted note that resembles almond or pistachio.",2.81
771,Cusumano 2008 Noà Red (Sicilia),Cusumano,Sicilia e Sardegna,Sicilia,Red Blend,2008,92,90-94 Ottimo,42.0,4. Da 40 a 74,Non indicato,"A blend of Nero d'Avola, Merlot and Cabernet Sauvignon, the 2008 vintage of Noà shows excellent concentration and intensity with lingering tones of ripe blackberry, cinnamon, wet earth and Graham cracker. It's a bold red wine, but the distinctive Nero d'Avola ",2.19
772,Cusumano 2008 Syrah (Sicilia),Cusumano,Sicilia e Sardegna,Sicilia,Syrah,2008,87,87-89 Molto buono,10.0,1. Sotto 15,Non indicato,"This bright, well-priced Syrah shows typical aromas of bright cherry, blueberry, smoked meat and peppercorn. The mouthfeel is equally attractive with plush ripeness and a soft, supple texture.",8.7
773,Cusumano 2011 Cubìa Insolia (Sicilia),Cusumano,Sicilia e Sardegna,Sicilia,Insolia,2011,88,87-89 Molto buono,21.0,2. Da 15 a 24,Non indicato,"This 100% Insolia opens with a bright golden color and tight aromas of apricot, candied fruit, lemon mousse and pear. It shows nice intensity and a bright note of bitter almond on the close.",4.19
774,Cusumano 2012 Sàgana Tenuta San Giacomo Nero d'Avola (Sicilia),Cusumano,Sicilia e Sardegna,Sicilia,Nero d'Avola,2012,90,90-94 Ottimo,40.0,4. Da 40 a 74,Kerin O'Keefe,"Blackberry, cassis, grilled herb and toasted aromas come together in the glass. On the palate, espresso, mint and black pepper add depth to the core of black cherry and blackberry flavors. It finishes on a licorice note.",2.25
775,Cusumano 2013 Cubia Tenuta Ficuzza Insolia (Sicilia),Cusumano,Sicilia e Sardegna,Sicilia,Insolia,2013,88,87-89 Molto buono,27.0,3. Da 25 a 39,Kerin O'Keefe,"Made entirely with Insolia, this opens with subdued aromas of tropical fruit and white spring flower. The bright, linear palate offers passion fruit, peach, nectarine zest and a hint of ginger alongside crisp acidity.",3.26
776,D'Alessandro 2010 Nero d'Avola (Sicilia),D'Alessandro,Sicilia e Sardegna,Sicilia,Nero d'Avola,2010,88,87-89 Molto buono,14.0,1. Sotto 15,Non indicato,"This Nero d'Avola from the Agrigento area of southern Sicily opens with spicy nuances of cumin, clove and nutmeg, followed by plush red-fruit and dusty mineral endnotes. The palate is polished, bright and finely textured.",6.29
777,D'Alessandro 2010 Inzolia (Sicilia),D'Alessandro,Sicilia e Sardegna,Sicilia,Inzolia,2010,85,80-86 Buono,12.0,1. Sotto 15,Non indicato,"This Sicilian Inzolia releases fresh aromas of citrus, sage, passion fruit, pear and apple. The wine feels fresh, zippy and clean overall.",7.08
778,Destro 2012 Isolanuda  (Etna),Destro,Sicilia e Sardegna,Etna,White Blend,2012,90,90-94 Ottimo,29.0,3. Da 25 a 39,Kerin O'Keefe,"Made with 70% Carricante and 30% Catarratto, this elegant wine features aromas of tree fruit and white peach. The focused palate delivers tart green apple, citrus and mineral accented with savory Mediterranean herbs alongside crisp acidity. It closes on an alm",3.1
779,Di Giovanna 2010 Cabernet Franc (Sicilia),Di Giovanna,Sicilia e Sardegna,Sicilia,Cabernet Franc,2010,81,80-86 Buono,24.0,2. Da 15 a 24,Non indicato,"Made from organically-farmed fruit, this Sicilian expression of Cabernet Franc is heavily marked by sour aromas of green vegetables and chopped dill.",3.38
780,Donnafugata 2011 Anthìlia White (Sicilia),Donnafugata,Sicilia e Sardegna,Sicilia,White Blend,2011,87,87-89 Molto buono,15.0,2. Da 15 a 24,Non indicato,"A blend of white grapes indigenous to Sicily, this bright wine opens with citrus and stone fruit notes, plus drying aromas of talcum powder and crushed mineral. It is an easygoing wine with fresh acidity that would pair with trout or poached salmon.",5.8
781,Donnafugata 2014 Ben Ryé  (Passito di Pantelleria),Donnafugata,Sicilia e Sardegna,Passito di Pantelleria,Zibibbo,2014,93,90-94 Ottimo,39.0,3. Da 25 a 39,Kerin O'Keefe,"Made from 100% dried Zibibbo grapes, this classic dessert wine opens with intense raw apricot, date and orange marmalade aromas. It's fresh, full-bodied and elegant on palate, with layers of ripe fig, tangerine zest, chestnut honey and eucalyptus flavors that ",2.38
782,Donnafugata 2014 Sedàra Red (Sicilia),Donnafugata,Sicilia e Sardegna,Sicilia,Red Blend,2014,87,87-89 Molto buono,17.0,2. Da 15 a 24,Kerin O'Keefe,"Here's an easygoing red that opens with aromas of dark-skinned berry and baking spice. The soft, round palate yields juicy black cherry, ground black pepper and freshness. It's made to be drunk young so enjoy soon.",5.12
783,Donnafugata 2015 Sur Sur Grillo (Sicilia),Donnafugata,Sicilia e Sardegna,Sicilia,Grillo,2015,91,90-94 Ottimo,19.0,2. Da 15 a 24,Kerin O'Keefe,"Vibrant and savory, this opens with lovely aromas of spring flower, citrus, herb and white stone fruit. The round, juicy palate offers ripe white peach, juicy grapefruit, pineapple and mineral alongside fresh acidity. A saline note backs up the finish.",4.79
784,Donnafugata 2016 Lighea Zibibbo (Sicilia),Donnafugata,Sicilia e Sardegna,Sicilia,Zibibbo,2016,88,87-89 Molto buono,20.0,2. Da 15 a 24,Kerin O'Keefe,"Here's a refreshing white made with Zibibbo grapes that opens with scents suggesting ripe apricot and wild rose. The bright palate offers juicy yellow peach, citrus and a note of Mediterranean brush. It has a crisp clean finish.",4.4
785,Duca di Salaparuta 2006 Duca Enrico Nero d'Avola (Sicilia),Duca di Salaparuta,Sicilia e Sardegna,Sicilia,Nero d'Avola,2006,90,90-94 Ottimo,60.0,4. Da 40 a 74,Non indicato,"A founding father of Sicily's quality wine tradition, the 2006 Duca Enrico is a plush and rich red with bold berry flavors and a spicy vegetal touch of green curry leaf. An icon of southern Italian wine, the wine is well suited to roast beef or sophisticated m",1.5
786,Duca di Salaparuta 2009 Passo delle Mule Suar Marchesa Nero d'Avola (Sicilia),Duca di Salaparuta,Sicilia e Sardegna,Sicilia,Nero d'Avola,2009,87,87-89 Molto buono,18.0,2. Da 15 a 24,Non indicato,"Duca di Salaparuta sources fruit from vineyard sites spanning the island of Sicily. From the Passo delle Mule location, this bright Nero d'Avola is generous in terms of its fruit-forward aromatic profile. The mouthfeel is firm, polished and crisp.",4.83
787,Fattorie Romeo del Castello 2012 Allegracore Rosso  (Etna),Fattorie Romeo del Castello,Sicilia e Sardegna,Etna,Red Blend,2012,92,90-94 Ottimo,28.0,3. Da 25 a 39,Kerin O'Keefe,"This elegant, structured red opens with a potpourri of perfumed berry, wild flower and a whiff of cake spice. The juicy palate doles out black cherry, wild strawberry, cinnamon, star anise and menthol alongside firm but fine-grained tannins. Drink 2017-2022.",3.29
788,Fazio 2013 Gabal Nero d'Avola (Sicilia),Fazio,Sicilia e Sardegna,Sicilia,Nero d'Avola,2013,86,80-86 Buono,25.0,3. Da 25 a 39,Kerin O'Keefe,"This easygoing red opens with fruity aromas of plum, wild berry and a whiff of violet. The informal palate offers red cherry, pomegranate and a hint of clove alongside round, rather fleeting tannins.",3.44
789,Ferrandes 2004  Passito di Pantelleria,Ferrandes,Sicilia e Sardegna,Passito di Pantelleria,Zibibbo,2004,88,87-89 Molto buono,44.0,4. Da 40 a 74,Non indicato,"This is a unique wine that not everyone will like. It definitely has personality and complexity and is completely unlike the commercial passitos flooding the market. Aromas include cola, root beer, caramel, dried mint, chestnut and apricot. There's also a musk",2.0
790,Feudi del Pisciotto 2008 Carolina Marenga Grillo (Sicilia),Feudi del Pisciotto,Sicilia e Sardegna,Sicilia,Grillo,2008,87,87-89 Molto buono,21.0,2. Da 15 a 24,Non indicato,"Here's an elaborate expression of Grillo that shows more density and richness than you normally see with this Sicilian native white grape. The wine offers peach, apricot and almond flavors.",4.14
791,Feudi del Pisciotto 2012 Giambattista Valli  (Cerasuolo di Vittoria),Feudi del Pisciotto,Sicilia e Sardegna,Cerasuolo di Vittoria,Red Blend,2012,83,80-86 Buono,30.0,3. Da 25 a 39,Kerin O'Keefe,"The nose is rather closed but reveals whiffs of dark-skinned fruit. The diluted palate offers raw, red cherry alongside fleeting tannins.",2.77
792,Feudi del Pisciotto 2013 Carolina Marengo Frappato (Terre Siciliane),Feudi del Pisciotto,Sicilia e Sardegna,Terre Siciliane,Frappato,2013,85,80-86 Buono,30.0,3. Da 25 a 39,Kerin O'Keefe,"This simple red opens with aromas of red berry, prune and a hint of Mediterranean spice while the short, informal palate offers blackberry and a hint of orange zest. Pair it with pizza or pasta dishes.",2.83
793,Feudo Arancio 2007 Hedonis Red (Sicilia),Feudo Arancio,Sicilia e Sardegna,Sicilia,Red Blend,2007,90,90-94 Ottimo,31.0,3. Da 25 a 39,Non indicato,"As its name suggests, Hedonis ushers forth opulent and indulgent aromas of chocolate fudge, bright berry and exotic spice. The aromatic intensity is impressive, but the palate is tight, linear and compact. There's a pleasing touch of dried rosemary on the fini",2.9
794,Feudo Arancio 2007 Pinot Grigio (Sicilia),Feudo Arancio,Sicilia e Sardegna,Sicilia,Pinot Grigio,2007,85,80-86 Buono,9.0,1. Sotto 15,Non indicato,"This Pinot Grigio has a slightly greenish hue and fragrant aromas of citrus, white flower and exotic fruit. You can really taste its sunny Sicilian roots: the wine has light density but is fuller and softer than wines from the north.",9.44
795,Feudo Arancio 2010 Stemmari Merlot (Sicilia),Feudo Arancio,Sicilia e Sardegna,Sicilia,Merlot,2010,87,87-89 Molto buono,10.0,1. Sotto 15,Non indicato,"A great value wine to pair with homemade spaghetti sauce or grilled sausage with onions and bell peppers, this wine is soft and lush, with cherry, almond and blackberry notes. There's a touch of sweet strawberry on the close.",8.7
796,Feudo Disisa 2010 Vuaria Nero d'Avola (Monreale),Feudo Disisa,Sicilia e Sardegna,Monreale,Nero d'Avola,2010,87,87-89 Molto buono,28.0,3. Da 25 a 39,Kerin O'Keefe,"Aromas of blackcurrant, grilled pepper and oak lead the nose. The dense, extracted palate offers dried black cherry, mature blackberry, licorice, espresso and vanilla alongside firm tannins.",3.11
797,Feudo Disisa 2013 Grillo (Terre Siciliane),Feudo Disisa,Sicilia e Sardegna,Terre Siciliane,Grillo,2013,88,87-89 Molto buono,18.0,2. Da 15 a 24,Kerin O'Keefe,"Intense aromas of white blossom, citrus and dried hay take shape in the glass. The crisp palate doles out passion fruit, lemon zest and a note of Mediterranean herb alongside bright acidity.",4.89
798,Feudo Disisa 2013 Chara White (Terre Siciliane),Feudo Disisa,Sicilia e Sardegna,Terre Siciliane,White Blend,2013,85,80-86 Buono,16.0,2. Da 15 a 24,Kerin O'Keefe,"A 50-50 blend of Insolia and Catarratto, this offers pretty aromas of white and yellow spring flowers. The fresh, informal palate delivers citrus peel and raw white peach alongside zesty acidity.",5.31
799,Feudo Maccari 2004 Saia Nero d'Avola (Sicilia),Feudo Maccari,Sicilia e Sardegna,Sicilia,Nero d'Avola,2004,90,90-94 Ottimo,35.0,3. Da 25 a 39,Non indicato,"This succulent wine offers a nice combination of red fruit and warm spice to create a full, intense whole. You'll recognize aromas of cherry, clove, cut hay and old leather.",2.57
800,Feudo Maccari 2013 Nero d'Avola (Noto),Feudo Maccari,Sicilia e Sardegna,Noto,Nero d'Avola,2013,87,87-89 Molto buono,15.0,2. Da 15 a 24,Kerin O'Keefe,"Blue flower, wet earth and dark berry aromas lead the nose. The juicy palate offers blackberry, black cherry and a hint of white pepper alongside soft tannins and bright acidity. Drink soon.",5.8
801,Feudo Maccari 2015 Grillo (Sicilia),Feudo Maccari,Sicilia e Sardegna,Sicilia,Grillo,2015,87,87-89 Molto buono,18.0,2. Da 15 a 24,Kerin O'Keefe,"Aromas recalling Spanish broom and orchard fruit come together on this one. The bright palate offers nectarine, pineapple and yellow apple alongside vibrant acidity while a hazelnut note closes the finish.",4.83
802,Feudo Monaci 2009 Catarratto (Sicilia),Feudo Monaci,Sicilia e Sardegna,Sicilia,Catarratto,2009,87,87-89 Molto buono,17.0,2. Da 15 a 24,Non indicato,"Feudo Montoni is a beautiful wine estate located in an isolated spot in central Italy. Its Catarratto is a fresh, easy wine with a pretty aromatic ensemble of lemon, exotic fruit and white peach.",5.12
803,Feudo Montoni 2008 P Pinot Noir (Sicilia),Feudo Montoni,Sicilia e Sardegna,Sicilia,Pinot Noir,2008,85,80-86 Buono,12.0,1. Sotto 15,Non indicato,"Fabio Sireci is behind some of Sicily's best Nero d'Avola and has more recently decided to flex his winemaker muscle on Pinot Noir. The results are a tad jammy and muddled (his vineyards are smack in the middle of the Mediterranean island), ending with ripe ar",7.08
804,Feudo di Santa Tresa 2006 Rina Ianca White (Sicilia),Feudo di Santa Tresa,Sicilia e Sardegna,Sicilia,White Blend,2006,87,87-89 Molto buono,13.0,1. Sotto 15,Non indicato,"Creamy and smooth with soft oak shadings, this balanced 70-30 blend of full-bodied Grillo and fragrant Viognier is redolent of honey and bee's wax with softer tones of apricot and pear in the background. The wine has good density and structure but ends on a br",6.69
805,Feudo di Santa Tresa 2014 Frappato (Terre Siciliane),Feudo di Santa Tresa,Sicilia e Sardegna,Terre Siciliane,Frappato,2014,88,87-89 Molto buono,15.0,2. Da 15 a 24,Kerin O'Keefe,"Made with organically farmed grapes, this charming, easy-drinking red is delicately scented with red berry and spice. The luminous, silky palate offers crushed strawberry, juicy cherry and white cinnamon alongside fresh acidity. Serve slightly chilled for the ",5.87
806,Firriato 2008 Camelot Red (Sicilia),Firriato,Sicilia e Sardegna,Sicilia,Red Blend,2008,90,90-94 Ottimo,47.0,4. Da 40 a 74,Non indicato,"Camelot is a bold blend of Cabernet Sauvignon and Merlot that shows great balance and elegant composure. It's not overdone or jammy, despite the hot climate that shaped it. Instead, it shows focus and precision in its blackberry, cherry, oak spice and cinnamon",1.91
807,Firriato 2009 Altavilla della Corte Grillo (Sicilia),Firriato,Sicilia e Sardegna,Sicilia,Grillo,2009,87,87-89 Molto buono,15.0,2. Da 15 a 24,Non indicato,"This pristine expression of Grillo opens with dry aromas of hay and crushed white stone followed by melon, citrus, pear and white almond. There's a spicy touch of white pepper on the close.",5.8
808,Firriato 2012 Ribeca Perricone (Terre Siciliane),Firriato,Sicilia e Sardegna,Terre Siciliane,Perricone,2012,87,87-89 Molto buono,30.0,3. Da 25 a 39,Kerin O'Keefe,"Aromas of French oak, toast, espresso and a whiff of underbrush lead the nose and follow through to the rather lean palate along with licorice, a note of powdered sage and dried black cherry. It lacks the fruit richness needed to stand up to the dominant oak-d",2.9
809,FiàNobile 2014 Frappato (Terre Siciliane),FiàNobile,Sicilia e Sardegna,Terre Siciliane,Frappato,2014,87,87-89 Molto buono,28.0,3. Da 25 a 39,Kerin O'Keefe,"This opens with aromas of tilled soil, fleshy blueberry, game and a funky whiff of barnyard. The gamy note carries over to the ripe palate along with candied red cherry, clove and a note of sweet and sour sauce. It's a bit rustic but still has an earthy charm.",3.11
810,Florio 2010 Morsi di Luce Zibibbo (Sicilia),Florio,Sicilia e Sardegna,Sicilia,Zibibbo,2010,89,87-89 Molto buono,25.0,3. Da 25 a 39,Kerin O'Keefe,"Made from over ripened Zibibbo grapes grown on the island of Pantelleria, this smooth, structured dessert wine opens with heady aromas of dried stone fruit and pressed elderflower. The concentrated but elegant palate offers dried apricot, vanilla, toasted almo",3.56
811,Girolamo Russo 2011 Feudo di Mezzo Rosso  (Etna),Girolamo Russo,Sicilia e Sardegna,Etna,Nerello Mascalese,2011,90,90-94 Ottimo,40.0,4. Da 40 a 74,Kerin O'Keefe,"Made from Nerello Mascalese, this opens with aromas of spice and black fruit. The palate offers black cherry, licorice, black pepper and subtle oak alongside bracing tannins. You'll also notice a subtle warmth on the finish.",2.25
812,Girolamo Russo 2012 Feudo Rosso  (Etna),Girolamo Russo,Sicilia e Sardegna,Etna,Red Blend,2012,93,90-94 Ottimo,58.0,4. Da 40 a 74,Kerin O'Keefe,"Aromas of dark berry, wild flower, Mediterranean brush and dried herb lead the nose on this structured wine. The ripe, delicious palate boasts juicy red cherry, crushed raspberry, cinnamon and anise flavors that are framed in velvety tannins. It's balanced and",1.6
813,Giuseppe Gabbas 2011 Arbòre  (Cannonau di Sardegna),Giuseppe Gabbas,Sicilia e Sardegna,Cannonau di Sardegna,Red Blend,2011,89,87-89 Molto buono,45.0,4. Da 40 a 74,Kerin O'Keefe,"This full-bodied red opens with aromas of ripe plum, vanilla, toast and mocha. The chewy palate doles out ripe blackberry, juicy black cherry, licorice, baking spice and a confectionary note alongside velvety tannins. It's already accessible so enjoy soon.",1.98
814,Giuseppe Sedilesu 2012 Mamuthone  (Cannonau di Sardegna),Giuseppe Sedilesu,Sicilia e Sardegna,Cannonau di Sardegna,Cannonau,2012,87,87-89 Molto buono,27.0,3. Da 25 a 39,Kerin O'Keefe,"Aromas of ripe blue and black-skinned fruit, dried herb, spice and a floral note lead the nose on this big, hearty wine. The warm, one-dimensional and forward palate delivers ripe black cherry, blackberry, licorice and searing alcohol alongside velvety tannins",3.22
815,Graci 2012 Rosso  (Etna),Graci,Sicilia e Sardegna,Etna,Nerello Mascalese,2012,91,90-94 Ottimo,27.0,3. Da 25 a 39,Kerin O'Keefe,"This elegant expression of the Nerello Mascalese grape grown on the slopes of Mount Etna has a lovely fragrance of blue flower, berry and spice. The polished palate offers flavors of wild cherry, crushed strawberry, mint, cinnamon and vanilla alongside fresh a",3.37
816,Hauner 2012 Antonello Rosso Red (Salina),Hauner,Sicilia e Sardegna,Salina,Red Blend,2012,89,87-89 Molto buono,33.0,3. Da 25 a 39,Kerin O'Keefe,"Ripe black plum, underbrush and carob aromas lead the nose of this blend of 60% Nero d'Avola, 30% Sangiovese and 10% Corinto. Its firm palate delivers ripe blackberry, black pepper and clove flavors, with a framework of chewy tannins. Drink through 2022.",2.7
817,Judeka 2014 Nero d'Avola (Vittoria),Judeka,Sicilia e Sardegna,Vittoria,Nero d'Avola,2014,90,90-94 Ottimo,18.0,2. Da 15 a 24,Kerin O'Keefe,"Alluring scents of pressed violet, perfumed berry and a whiff of cake spice lead the nose. The bright, chewy palate doles out layers of ripe black cherry, blackberry, raspberry, chopped mint and a sprinkling of cocoa. Soft, round tannins support the juicy flav",5.0
818,Lombardo 2015 Catarratto (Sicilia),Lombardo,Sicilia e Sardegna,Sicilia,Catarratto,2015,88,87-89 Molto buono,19.0,2. Da 15 a 24,Kerin O'Keefe,"Beeswax, mature orchard fruit and yellow flower aromas emerge from the glass. The refreshing palate offers lemon drop, peach and pear alongside tangy acidity. A grapefruit note closes the finish.",4.63
819,MandraRossa 2006 Cabernet Sauvignon-Shiraz (Sicilia),MandraRossa,Sicilia e Sardegna,Sicilia,Cabernet Sauvignon-Shiraz,2006,86,80-86 Buono,10.0,1. Sotto 15,Non indicato,"Here's an easy blend of Cabernet Sauvignon and Shiraz from Sicily with sweet, jammy fruit and a smooth approach on the palate. The wine is redolent of white peppercorn, blackberry and clove.",8.6
820,MandraRossa 2007 Fiano (Sicilia),MandraRossa,Sicilia e Sardegna,Sicilia,Fiano,2007,85,80-86 Buono,10.0,1. Sotto 15,Non indicato,"MandraRossa's well-priced Fiano offers Golden Delicious apple, banana and almond skin. The wine has a candy-like quality overall, but it's also genuine and simple with an easy approach.",8.5
821,Marchesi De Gregorio 2015 del Marchese Grillo (Terre Siciliane),Marchesi De Gregorio,Sicilia e Sardegna,Terre Siciliane,Grillo,2015,87,87-89 Molto buono,20.0,2. Da 15 a 24,Kerin O'Keefe,"This bright white offers aromas of lime, pineapple and citrus blossom. The fresh palate delivers juicy lemon, apple and a hint of nut alongside tangy acidity while a saline note closes finish.",4.35
822,Masseria del Feudo 2013 Grottarossa Grillo (Sicilia),Masseria del Feudo,Sicilia e Sardegna,Sicilia,Grillo,2013,86,80-86 Buono,12.0,1. Sotto 15,Kerin O'Keefe,"Made with organically farmed grapes, this opens with delicate aromas of citrus, acacia flower and honey. The bright palate delivers nectarine zest, white pepper and a saline note alongside bright acidity.",7.17
823,Masseria del Feudo 2013 Rosso delle Rose Nero d'Avola (Sicilia),Masseria del Feudo,Sicilia e Sardegna,Sicilia,Nero d'Avola,2013,86,80-86 Buono,15.0,2. Da 15 a 24,Kerin O'Keefe,"Aromas of wet leaves, toast, prune and espresso lead the nose. The evolved palate offers fig, coffee bean, a hint of anise and a confectionary note alongside fleeting tannins. It's a bit muddled, with a short finish.",5.73
824,Masseria del Feudo 2015 Il Giglio Inzolia (Sicilia),Masseria del Feudo,Sicilia e Sardegna,Sicilia,Inzolia,2015,88,87-89 Molto buono,16.0,2. Da 15 a 24,Kerin O'Keefe,"Made with Inzolia, this has subtle aromas of white wild flower and orchard fruit while the fresh, linear palate delivers nectarine, lemon zest and mineral. A saline note wraps up the finish.",5.5
825,Mesa 2009 Malombra Red (Isola dei Nuraghi),Mesa,Sicilia e Sardegna,Isola dei Nuraghi,Red Blend,2009,91,90-94 Ottimo,65.0,4. Da 40 a 74,Non indicato,"Fine craftsmanship is evident in this Sardinian blend of Carignano and Syrah. The wine is rich and extracted, with bold fruit notes of blackberry and plum followed by spice and tobacco. Some toasted oak influences appear in the mouth alongside soft, smooth tan",1.4
826,Mesa 2011 Primo Rosso  (Carignano del Sulcis),Mesa,Sicilia e Sardegna,Carignano del Sulcis,Carignano,2011,86,80-86 Buono,18.0,2. Da 15 a 24,Non indicato,"Primo Rosso is an easy, informal Carignano-based wine, with sharp aromas of berry, bitter almond and cherry cola. The zesty freshness would pair with baked scamorza cheese.",4.78
827,Murgo 2011 Tenuta S. Michele Pinot Nero (Sicilia),Murgo,Sicilia e Sardegna,Sicilia,Pinot Nero,2011,87,87-89 Molto buono,30.0,3. Da 25 a 39,Kerin O'Keefe,"Subdued aromas suggest underbrush, scorched earth and dark berry. The supple palate offers dried cherry, wild strawberry, graphite and a hint of white pepper alongside polished-almost delicate-tannins.",2.9
828,Nicosia 2010 Fondo Filara  (Etna),Nicosia,Sicilia e Sardegna,Etna,White Blend,2010,87,87-89 Molto buono,19.0,2. Da 15 a 24,Non indicato,"A blend of Carricante and Catarratto (two of Sicily's most expressive indigenous varieties), this Etna white would pair well with seafood or vegetarian dishes. It boasts focused tones of citrus and Granny Smith apple.",4.58
829,Orion Wine 2011 È 100 Per Cento Unoaked Chardonnay (Sicilia),Orion Wine,Sicilia e Sardegna,Sicilia,Chardonnay,2011,86,80-86 Buono,11.0,1. Sotto 15,Non indicato,"This is a 100% unoaked Chardonnay that opens with bright tones of citrus, banana and pineapple. There's a fresh acidic kick at the end.",7.82
830,Pala 2007 S'arai Red (Isola dei Nuraghi),Pala,Sicilia e Sardegna,Isola dei Nuraghi,Red Blend,2007,90,90-94 Ottimo,46.0,4. Da 40 a 74,Non indicato,"This blend of Cannonau, Carignano and Bovale opens with bright, intense fruit, with notes of blackberry, crème de cassis and pomegranate juice. The mouthfeel is firm and structured.",1.96
831,Pala 2013 Entemari White (Isola dei Nuraghi),Pala,Sicilia e Sardegna,Isola dei Nuraghi,White Blend,2013,90,90-94 Ottimo,40.0,4. Da 40 a 74,Kerin O'Keefe,"Aromas of acacia, orchard fruit and a whiff of wild fennel lead the nose on this blend of 50% Vermentino, 30% Chardonnay and 20% Malvasia. The round, full-bodied palate delivers ripe yellow apple, pastry and a hint of aromatic herb wrapped in a soft, creamy te",2.25
832,Pala 2014 Silenzi Rosato (Isola dei Nuraghi),Pala,Sicilia e Sardegna,Isola dei Nuraghi,Rosato,2014,88,87-89 Molto buono,15.0,2. Da 15 a 24,Kerin O'Keefe,"A fifty-fifty blend of native grape Monica and Sangiovese, this fresh, fruity rosato is loaded with ripe cherry, juicy strawberry and crushed raspberry alongside a hint of white pepper. Zesty acidity lends balance and a bright, easy-drinking vibe.",5.87
833,Passopisciaro 2012 Contrada C Nerello Mascalese (Terre Siciliane),Passopisciaro,Sicilia e Sardegna,Terre Siciliane,Nerello Mascalese,2012,92,90-94 Ottimo,54.0,4. Da 40 a 74,Kerin O'Keefe,"Juicy red berry, brimstone, leather, licorice, mint and thyme are just some of the aromas and flavors of this powerfully structured wine. Despite the muscular build, it's also loaded with finesse, boasting firm but noble tannins that accompany the layers of sa",1.7
834,Passopisciaro 2013 Contrada R Nerello Mascalese (Terre Siciliane),Passopisciaro,Sicilia e Sardegna,Terre Siciliane,Nerello Mascalese,2013,97,95-100 Eccezionale,60.0,4. Da 40 a 74,Kerin O'Keefe,"Alluring, ethereal scents of perfumed berry, aromatic herb, fragrant blue flower, new leather, orange zest and exotic spice abound on this radiant wine. The smooth, vibrant palate is loaded with finesse, delivering juicy red cherry, raspberry, cake spice and e",1.62
835,Pietro Caciorgna 2013 Ciauri'a  (Etna),Pietro Caciorgna,Sicilia e Sardegna,Etna,Red Blend,2013,85,80-86 Buono,19.0,2. Da 15 a 24,Kerin O'Keefe,"Raw oak, coconut, roasted coffee bean and oak-driven spice sensations dominate the nose and the palate. It lacks the fruit richness necessary to support the raspy tannins that leave a rough, astringent finish.",4.47
836,Planeta 2009 Chardonnay (Sicilia),Planeta,Sicilia e Sardegna,Sicilia,Chardonnay,2009,91,90-94 Ottimo,43.0,4. Da 40 a 74,Non indicato,"Planeta's Chardonnay is one of the nicest expressions of this international grape variety made on Italian soil. From sunny Sicily, the wine recalls some of the characteristics of Chardonnay from California, with its creamy, rich mouthfeel and beautifully inten",2.12
837,Planeta 2010 La Segreta Red (Sicilia),Planeta,Sicilia e Sardegna,Sicilia,Red Blend,2010,87,87-89 Molto buono,15.0,2. Da 15 a 24,Non indicato,"A great value wine from Sicily present on restaurant lists across southern Italy, La Segreta is a famously food-friendly red blend that offers light berry, cherry, almond and spice aromas. The easy mouthfeel pairs with pasta, risotto, veal or roast chicken.",5.8
838,Planeta 2011 Carricante (Sicilia),Planeta,Sicilia e Sardegna,Sicilia,Carricante,2011,90,90-94 Ottimo,36.0,3. Da 25 a 39,Non indicato,"This expression of Carricante shows a bright future for this native Sicilian grape. It opens with a drying mineral note, followed by citrus, almond, peach and white flower accents.",2.5
839,Planeta 2011 Cometa Fiano (Sicilia),Planeta,Sicilia e Sardegna,Sicilia,Fiano,2011,92,90-94 Ottimo,43.0,4. Da 40 a 74,Non indicato,"Among the greatest expressions of Fiano, Cometa is a full and generous effort, with deep layers of passion fruit and stone fruit, plus touches of vanilla, honey and light spice. The concentration and freshness is wonderful, and the wine would pair well with st",2.14
840,Planeta 2012 Nero d'Avola (Noto),Planeta,Sicilia e Sardegna,Noto,Nero d'Avola,2012,92,90-94 Ottimo,33.0,3. Da 25 a 39,Kerin O'Keefe,"Intense, alluring aromas of exotic spice and ripe red fruit take center stage in this fragrant, polished red. The elegantly structured palate offers juicy cherry, crushed raspberry, cinnamon and white pepper, framed by silky tannins that give it a smooth mouth",2.79
841,Planeta 2012 Eruzione 1614 Nerello Mascalese (Sicilia),Planeta,Sicilia e Sardegna,Sicilia,Nerello Mascalese,2012,92,90-94 Ottimo,34.0,3. Da 25 a 39,Kerin O'Keefe,"Named after Etna's most infamous eruption that lasted for 10 years, this elegant wine offers aromas of rose, violet and red berry. The silky, subtle palate delivers wild cherry, raspberry and white pepper flavors alongside supple tannins. Drink through 2018.",2.71
842,Planeta 2014 Nero d'Avola Nocera Red (Sicilia),Planeta,Sicilia e Sardegna,Sicilia,Red Blend,2014,91,90-94 Ottimo,32.0,3. Da 25 a 39,Kerin O'Keefe,"A blend of 70% Nero d'Avola and 30% Nocera from the extreme tip of northeastern Sicily, this offers enticing scents of violet, red berry and Mediterranean brush. The bright, juicy palate doles out ripe black cherry, crushed raspberry, chopped herb and a note o",2.84
843,Sella & Mosca 2001 Marchese di Villa Marina Cabernet Sauvignon (Alghero),Sella & Mosca,Sicilia e Sardegna,Alghero,Cabernet Sauvignon,2001,91,90-94 Ottimo,58.0,4. Da 40 a 74,Non indicato,"Beautiful intensity surrounds this linear, compact and elegant Cabernet Sauvignon. Aromas include berry fruit, balsamic notes, iron-earthy tones and chopped herbs. Nice harmony, good flavors and long persistency; this is a highly recommended wine that boasts t",1.57
844,Sella & Mosca 2010 Terre Rare Riserva  (Carignano del Sulcis),Sella & Mosca,Sicilia e Sardegna,Carignano del Sulcis,Carignano,2010,92,90-94 Ottimo,15.0,2. Da 15 a 24,Kerin O'Keefe,"This elegantly structured wine opens with aromas of black plum, mocha, Mediterranean herbs and a hint of scorched earth. The round, enveloping palate doles out ripe black cherry, blackberry, cinnamon and white pepper, while firm, silky tannins provide the fram",6.13
845,Spadafora 2011 Alhambra Nero d'Avola (Terre Siciliane),Spadafora,Sicilia e Sardegna,Terre Siciliane,Nero d'Avola,2011,84,80-86 Buono,18.0,2. Da 15 a 24,Kerin O'Keefe,"Earthy aromas of sun-baked clay, overripe plum and a funky whiff of barnyard lead the nose. The rustic, lean palate offers blackberry jam, black pepper and a gamy note alongside gritty, drying tannins.",4.67
846,Stemmari 2011 Nero d'Avola (Sicilia),Stemmari,Sicilia e Sardegna,Sicilia,Nero d'Avola,2011,86,80-86 Buono,9.0,1. Sotto 15,Non indicato,"If you are curious about Sicily's Nero d'Avola grape, this is the perfect wine for beginners. It shows great fruit integrity, with characteristic aromas of cherry, wild berry and toasted pistachio.",9.56
847,Stemmari 2015 Estate Grown Sustainably Farmed Nero d'Avola (Sicilia),Stemmari,Sicilia e Sardegna,Sicilia,Nero d'Avola,2015,87,87-89 Molto buono,10.0,1. Sotto 15,Kerin O'Keefe,"Made entirely from Nero d'Avola, this opens with mature plum, blackberry and cooking spice aromas. It's juicy and easygoing on the palate, with fleshy black cherry, raspberry and ground pepper hints accompanied by round, smooth tannins. Drink soon.",8.7
848,Tasca d'Almerita 2009 Sallier de la Tour Nero d'Avola (Sicilia),Tasca d'Almerita,Sicilia e Sardegna,Sicilia,Nero d'Avola,2009,86,80-86 Buono,11.0,1. Sotto 15,Non indicato,"The Sallier de la Tour line from Tasca d'Almerita offers some of Sicily's best values. This easy expression of Nero d'Avola shows mild tones of cherry, spice and almond. It's a perfect pasta or pizza wine.",7.82
849,Tasca d'Almerita 2009 Cabernet Sauvignon (Sicilia),Tasca d'Almerita,Sicilia e Sardegna,Sicilia,Cabernet Sauvignon,2009,92,90-94 Ottimo,65.0,4. Da 40 a 74,Non indicato,"Despite the problematic vintage, this wine opens with bold aromatic intensity, featuring notes of prune, plum, blackberry and spice. On the palate, the wine is structured and firm, with a touch of sweet cherry on the finish.",1.42
850,Tasca d'Almerita 2010 Leone d'Almerita White (Sicilia),Tasca d'Almerita,Sicilia e Sardegna,Sicilia,White Blend,2010,87,87-89 Molto buono,18.0,2. Da 15 a 24,Non indicato,"Leone d'Almerita is a blend of Catarratto, Chardonnay, Sauvignon and Traminer that opens with a fragrant floral bouquet and pretty notes of honey, peach blossom and marzipan.",4.83
851,Tasca d'Almerita 2011 Sallier de la Tour Inzolia (Sicilia),Tasca d'Almerita,Sicilia e Sardegna,Sicilia,Inzolia,2011,86,80-86 Buono,13.0,1. Sotto 15,Non indicato,"Spicy, fresh and clean, this would pair with fried seafood or spaghetti con vongole. It offers pretty citrus tones followed by a drying mineral nuance.",6.62
852,Tascante 2010 Terza Vendemmia Nerello Mascalese (Sicilia),Tascante,Sicilia e Sardegna,Sicilia,Nerello Mascalese,2010,89,87-89 Molto buono,50.0,4. Da 40 a 74,Kerin O'Keefe,"Vibrant and savory, this delivers wild cherry, dark raspberry, rosemary, mint and Mediterranean herb flavors alongside firm tannins. It closes on a licorice note.",1.78
853,Tenuta Rapitalà 2006 Nuhar Red (Sicilia),Tenuta Rapitalà,Sicilia e Sardegna,Sicilia,Red Blend,2006,87,87-89 Molto buono,16.0,2. Da 15 a 24,Non indicato,This interesting blend of Nero d'Avola and Pinot Nero (30%) recalls a California Pinot thanks to its rich color and density. You taste the purity of the berries but also get the heft and texture of a hot-climate red. Sweet candy and floral fragrances set the s,5.44
854,Tenuta Rapitalà 2007 Grand Cru Chardonnay (Sicilia),Tenuta Rapitalà,Sicilia e Sardegna,Sicilia,Chardonnay,2007,90,90-94 Ottimo,38.0,3. Da 25 a 39,Non indicato,"Here's a luminous and bright Chardonnay with a well-balanced aromatic offering that spans from toasted nut to chalky mineral to exotic fruit. Overall, the wine tastes smooth and creamy, but there are a few sharp points of acidity that help move it along the pa",2.37
855,Tenuta Rapitalà 2011 Grillo (Sicilia),Tenuta Rapitalà,Sicilia e Sardegna,Sicilia,Grillo,2011,86,80-86 Buono,13.0,1. Sotto 15,Non indicato,"This Grillo opens with bright notes of citrus, kiwi, cut grass and grapefruit. Pair it with Thai spring rolls.",6.62
856,Tenuta Rapitalà 2011 Grand Cru Chardonnay (Sicilia),Tenuta Rapitalà,Sicilia e Sardegna,Sicilia,Chardonnay,2011,92,90-94 Ottimo,30.0,3. Da 25 a 39,Non indicato,"Tenuta Rapitalà steals the scene with this stunning warm-climate Chardonnay. The wine shows huge intensity and persistency, with lingering tones of apricot, vanilla, exotic fruit, pineapple and a touch of toasted almond. It's a sophisticated effort that raises",3.07
857,Tenuta Rapitalà 2013 Alto Nero d'Avola (Sicilia),Tenuta Rapitalà,Sicilia e Sardegna,Sicilia,Nero d'Avola,2013,87,87-89 Molto buono,23.0,2. Da 15 a 24,Kerin O'Keefe,"Aromas of toast, black plum, espresso and a whiff of coconut come together on this on this medium-bodied red. The palate offers dried black cherry, raspberry, anise, coffee and a green note of sage while close-grained tannins grip the finish. It closes on an a",3.78
858,Tenuta delle Terre Nere 2006 Prephylloxera La Vigna di Don Peppino  (Etna),Tenuta delle Terre Nere,Sicilia e Sardegna,Etna,Red Blend,2006,93,90-94 Ottimo,96.0,5. 75 e oltre,Non indicato,"Mount Etna's Don Peppino vineyard is responsible for some of the volcano's most precious and highest quality fruit. This wine opens with a light hue and delicate aromas of violets, white almonds, cranberries and fresh plums. The nose is polished and refined. I",0.97
859,Tenuta delle Terre Nere 2007 Prephylloxera La Vigna di Don Peppino  (Etna),Tenuta delle Terre Nere,Sicilia e Sardegna,Etna,Red Blend,2007,94,90-94 Ottimo,90.0,5. 75 e oltre,Non indicato,Don Peppino's vineyard lies on the lower slopes of Mt. Etna where the black volcanic terrain is easier to cultivate. The resulting fruit here comes across as focused and well-defined by mineral and berry tendencies with excellent crispness and enormous enduran,1.04
860,Tenuta delle Terre Nere 2014 Guardiola  (Etna),Tenuta delle Terre Nere,Sicilia e Sardegna,Etna,Red Blend,2014,94,90-94 Ottimo,40.0,4. Da 40 a 74,Kerin O'Keefe,"Made from the estate's highest vineyards, ranging between 800 and 1,000 meters high, this boasts balsamic aromas of wild Mediterranean herb, leather, menthol and dark spice. The palate is youthfully austere, offering dried cherry, licorice, espresso, clove and",2.35
861,Tenuta di Castellaro 2011 Nero Ossidiana Red (Sicilia),Tenuta di Castellaro,Sicilia e Sardegna,Sicilia,Red Blend,2011,88,87-89 Molto buono,30.0,3. Da 25 a 39,Kerin O'Keefe,"Made by blending 60% Corinto, 20% Nero d'Avola and 20% other varieties, this opens with aromas of underbrush, game, leather, spice and mature black fruit. The warm palate delivers smooth tannins and flavors of blackberry, prune and black pepper. This isn't an ",2.93
862,Tenuta di Castellaro 2011 Pomice White (Sicilia),Tenuta di Castellaro,Sicilia e Sardegna,Sicilia,White Blend,2011,88,87-89 Molto buono,30.0,3. Da 25 a 39,Kerin O'Keefe,"This blend of 60% Malvasia delle Lipari, 30% Carricante and 10% other native grapes features aromas of subtle oak, coconut and hints of exotic fruit. The round palate delivers sweet nectarine, peach and juicy tropical fruit accented with Mediterranean herbs.",2.93
863,Tenute Orestiadi 2016 Molino a Vento Grillo (Terre Siciliane),Tenute Orestiadi,Sicilia e Sardegna,Terre Siciliane,Grillo,2016,85,80-86 Buono,10.0,1. Sotto 15,Kerin O'Keefe,"Tropical fruit aromas meld with a whiff of Mediterranean herb. The bright, simple palate shows hints of banana and citrus, alongside zesty acidity.",8.5
864,Valle dell'Acate 2006 Il Frappato Frappato (Sicilia),Valle dell'Acate,Sicilia e Sardegna,Sicilia,Frappato,2006,85,80-86 Buono,17.0,2. Da 15 a 24,Non indicato,You could drink this Frappato slightly chilled with white meat or fish. It's a delicate and fragrant wine with crisp acidity and simple berry fruit flavors.,5.0
865,Valle dell'Acate 2009 Il Frappato  (Vittoria Frappato),Valle dell'Acate,Sicilia e Sardegna,Vittoria Frappato,Frappato,2009,87,87-89 Molto buono,20.0,2. Da 15 a 24,Non indicato,"Il Frappato is a light, fruity red wine that is vinified in stainless steel to maintain its lively raspberry and blueberry flavors. It can be served slightly chilled and goes down easily with vegetables, veal or white meat.",4.35
866,Valle dell'Acate 2011 Case Ibidini Nero d'Avola (Sicilia),Valle dell'Acate,Sicilia e Sardegna,Sicilia,Nero d'Avola,2011,87,87-89 Molto buono,15.0,2. Da 15 a 24,Non indicato,"Easy, fresh and true to the variety, this expression offers blue flower and forest berry notes, backed by almond and pistachio accents. The finish is crisp, tight and lean.",5.8
867,Valle dell'Acate 2013 Zagra Grillo (Sicilia),Valle dell'Acate,Sicilia e Sardegna,Sicilia,Grillo,2013,88,87-89 Molto buono,22.0,2. Da 15 a 24,Kerin O'Keefe,"It opens with pretty aromas of orange blossom and tropical fruit. The palate offers lemon zest, nectarine and white peach with a mineral undertone.",4.0
868,Valle dell'Acate 2016 Zagrà Grillo (Sicilia),Valle dell'Acate,Sicilia e Sardegna,Sicilia,Grillo,2016,86,80-86 Buono,22.0,2. Da 15 a 24,Kerin O'Keefe,"This crisp, refreshing wine opens with subtle white flower, orchard fruit and wet stone aromas. The bright, simple palate offers citrus, peach and saline hints.",3.91
869,Villa Pozzi 2006 Cabernet Sauvignon (Sicilia),Villa Pozzi,Sicilia e Sardegna,Sicilia,Cabernet Sauvignon,2006,85,80-86 Buono,9.0,1. Sotto 15,Non indicato,Earthy tones of warm leather and spice set the stage for this easy-going Cabernet Sauvignon from Sicily. Pair it with everyday dinners or pasta.,9.44
870,Zisola 2006 Doppiozeta Red (Sicilia),Zisola,Sicilia e Sardegna,Sicilia,Red Blend,2006,91,90-94 Ottimo,50.0,4. Da 40 a 74,Non indicato,"Toasted notes of roasted almond, popcorn, dark coffee and vanilla extract set the stage. Doppiozeta is a new wine from Zisola that offers soft, sweet flavors and bright fruit succulence. Pair this wine with lamb, beef or pork.",1.82
871,Abbadia Ardenga 2010  Brunello di Montalcino,Abbadia Ardenga,Toscana,Brunello di Montalcino,Sangiovese,2010,93,90-94 Ottimo,48.0,4. Da 40 a 74,Kerin O'Keefe,"Enticing aromas of woodland berry, violet, savory herb and a whiff of game lead the nose. The palate offers red berry, crushed raspberry, clove and grilled herb alongside firm but polished tannins. An anise note marks the finish. Drink 2020-2030.",1.94
872,Agricoltori del Chianti Geografico 2012 Ferraiolo Red (Toscana),Agricoltori del Chianti Geografico,Toscana,Toscana,Red Blend,2012,86,80-86 Buono,40.0,4. Da 40 a 74,Kerin O'Keefe,"This blend of Cabernet Sauvignon and Sangiovese has a rather inexpressive nose that eventually reveals bell pepper, cedar and spice. The palate offers dried black cherries, oak, sawdust and oak-driven spice while astringent wood tannins give it an abrupt, dryi",2.15
873,Aia Vecchia 2008 Sorugo  (Bolgheri Superiore),Aia Vecchia,Toscana,Bolgheri Superiore,Red Blend,2008,95,95-100 Eccezionale,40.0,4. Da 40 a 74,Non indicato,"Amazing plushness and richness characterizes this impressive offering from Aia Vecchia. It's hard to match the beauty of this wine, which expresses itself as dark chocolate, cherry liqueur, black licorice, cigar box and dark spice. Soft, plush, super-rich tann",2.38
874,Albatreti 2014  Rosso di Montalcino,Albatreti,Toscana,Rosso di Montalcino,Sangiovese,2014,84,80-86 Buono,25.0,3. Da 25 a 39,Kerin O'Keefe,"You can find aromas of purple flower, red berry and a hint of chopped herb on the nose. But the palate is thin and diluted, offering suggestions of sour cherry and a green note of powdered sage alongside fleeting tannins. It finishes on a bitter, acidic note.",3.36
875,Altesino 2008 Rosso Red (Toscana),Altesino,Toscana,Toscana,Red Blend,2008,87,87-89 Molto buono,18.0,2. Da 15 a 24,Non indicato,"Three popular grape varieties, Sangiovese, Merlot and Cabernet Sauvignon, are blended to produce an easy, food-friendly wine with pretty berry tones and background renderings of exotic spice.",4.83
876,Altesino 2012  Rosso di Montalcino,Altesino,Toscana,Rosso di Montalcino,Sangiovese,2012,89,87-89 Molto buono,20.0,2. Da 15 a 24,Kerin O'Keefe,"This elegant wine opens with a pretty fragrance of pressed violets, perfumed berries aromas and sweet cake spices. The vibrant palate offers crushed black cherry, wild raspberry and clove alongside supple tannins. Drink soon to capture the fresh fruit flavors.",4.45
877,Altesino 2013 Red (Toscana),Altesino,Toscana,Toscana,Red Blend,2013,88,87-89 Molto buono,20.0,2. Da 15 a 24,Kerin O'Keefe,"Aromas of blue flowers, forest floor and red berry lead the nose on this straightforward red. A blend of 80% Sangiovese, with 20% Merlot and Cabernet Sauvignon, the smooth, accessible palate offers red cherries, strawberries and anise alongside bright acidity.",4.4
878,Amantis 2007 Riserva  (Montecucco),Amantis,Toscana,Montecucco,Sangiovese,2007,95,95-100 Eccezionale,75.0,5. 75 e oltre,Kerin O'Keefe,"This gorgeous wine, made entirely with Sangiovese, delivers a multifaceted bouquet of blue flowers, ripe plum, black cherry, leather, menthol and clove. The powerful but refined palate doles out layers of juicy black cherry, baking spices, mint, orange zest, a",1.27
879,Amantis 2009  Montecucco,Amantis,Toscana,Montecucco,Sangiovese,2009,91,90-94 Ottimo,50.0,4. Da 40 a 74,Kerin O'Keefe,"Structured and savory, this polished wine doles out aromas and flavors of mature plum, crushed black cherry, violet, black pepper and clove. Firm but fine-grained tannins provide the framework. Drink 2016-2021.",1.82
880,Antico Colle 2011  Vino Nobile di Montepulciano,Antico Colle,Toscana,Vino Nobile di Montepulciano,Sangiovese,2011,91,90-94 Ottimo,18.0,2. Da 15 a 24,Kerin O'Keefe,"Made entirely with Sangiovese, this opens with aromas that recall red berry, mint, tilled soil and a hint of game. The structured, elegant palate offers juicy wild cherry, clove, tobacco and a licorice note alongside firm, fine-grained tannins. This will benef",5.06
881,Antico Colle 2013  Rosso di Montepulciano,Antico Colle,Toscana,Rosso di Montepulciano,Red Blend,2013,87,87-89 Molto buono,19.0,2. Da 15 a 24,Kerin O'Keefe,"Black cherry, red currant and coffee aromas take center stage and carry over to the palate, along with notes of espresso and black pepper. Dense with firm tannins, it will pair well with hearty Tuscan soups.",4.58
882,Argiano 2004 Suolo Sangiovese (Toscana),Argiano,Toscana,Toscana,Sangiovese,2004,94,90-94 Ottimo,120.0,5. 75 e oltre,Non indicato,"Suolo is 100% Sangiovese and this is one of the best vintages ever for this delicate, feminine wine. The purity and intensity of its aromas are outstanding and the wine's complexity makes it a pleasure to contemplate over a long meal. There's a distinctive Bru",0.78
883,Argiano 2011  Brunello di Montalcino,Argiano,Toscana,Brunello di Montalcino,Sangiovese,2011,90,90-94 Ottimo,66.0,4. Da 40 a 74,Kerin O'Keefe,"Coffee, toast, nut, forest floor and fleshy plum aromas waft out of the glass. The big, round palate offers dried black cherry, blackberry jam, licorice and chopped herb alongside ripe, loosely knit tannins. It's straightforward for a Brunello but it has a jui",1.36
884,Armilla 2011  Brunello di Montalcino,Armilla,Toscana,Brunello di Montalcino,Sangiovese,2011,93,90-94 Ottimo,63.0,4. Da 40 a 74,Kerin O'Keefe,"This is perfumed with enticing scents of fragrant blue flower, pressed powder, wild berry, chopped herb and an earthy whiff of leather. On the ripe, juicy palate, velvety, enveloping tannins support fleshy black cherry, crushed strawberry cinnamon and clove. T",1.48
885,Artimino 2015  Barco Reale di Carmignano,Artimino,Toscana,Barco Reale di Carmignano,Red Blend,2015,87,87-89 Molto buono,20.0,2. Da 15 a 24,Kerin O'Keefe,"This Sangiovese-dominant blend opens with red cherry and dried tobacco leaf aromas. A hint of clove accents the palate, which is full of red plum fruit and smooth but rather fleeting tannins that give it an easygoing framework. Drink soon.",4.35
886,Baccinetti 2011 Saporaia  (Brunello di Montalcino),Baccinetti,Toscana,Brunello di Montalcino,Sangiovese,2011,88,87-89 Molto buono,45.0,4. Da 40 a 74,Kerin O'Keefe,"This opens with aromas of toast, prune, scorched earth and chopped mint. The juicy palate offers dried black cherry, star anise and a hint of sweet baking spice alongside supple tannins. Straightforward and already approachable, it will offer enjoyable sipping",1.96
887,Badia a Coltibuono 2009 Trappoline White (Toscana),Badia a Coltibuono,Toscana,Toscana,White Blend,2009,86,80-86 Buono,15.0,2. Da 15 a 24,Non indicato,"This cheerful 60-40 blend of Chardonnay and Sauvignon Blanc offers pristine aromas of white flower, honeysuckle, peach blossom and a touch of crushed white pepper. The wine is smooth and silky on the close and shows a sunny Tuscan personality.",5.73
888,Badia a Coltibuono 2010 Riserva  (Chianti Classico),Badia a Coltibuono,Toscana,Chianti Classico,Red Blend,2010,91,90-94 Ottimo,39.0,3. Da 25 a 39,Kerin O'Keefe,"Made with Sangiovese and 10% Canaiolo, Colorino and Ciliegiolo, this boasts an alluring aroma of red berry, fragrant iris, anise, underbrush and a balsamic note. The bright palate offers ripe black cherry, menthol, baking spice, grilled herb and a tobacco note",2.33
889,Banfi 2011 Poggio alle Mura Riserva  (Brunello di Montalcino),Banfi,Toscana,Brunello di Montalcino,Sangiovese,2011,93,90-94 Ottimo,150.0,5. 75 e oltre,Kerin O'Keefe,"Aromas suggesting ripe plum, exotic spice, blue flower and a whiff of pipe tobacco take shape in the glass. The full-bodied palate doles out ripe black cherry, raspberry, vanilla and a hint of star anise while velvety tannins give it a polished feel. An espres",0.62
890,Barone Ricasoli 2012 Rocca Guicciarda  (Chianti Classico),Barone Ricasoli,Toscana,Chianti Classico,Red Blend,2012,90,90-94 Ottimo,29.0,3. Da 25 a 39,Kerin O'Keefe,"Aromas of ripe plum, roasted coffee bean and espresso come together in the glass. A blend of 80% Sangiovese and 20% Merlot, the firm palate offers dried black cherry, espresso, toasted oak and grilled herb alongside assertive but fine-grained tannins.",3.1
891,Batzella 2008 Bliss Syrah (Toscana),Batzella,Toscana,Toscana,Syrah,2008,89,87-89 Molto buono,40.0,4. Da 40 a 74,Non indicato,"True to the variety, this pure expression of Syrah shows blueberry, cola, smoked bacon and milk chocolate aromas. The bouquet is a bit muddled compared to last vintage, but the wine is soft and smooth on the finish.",2.22
892,Bindella 2003 Vallocaia Red (Toscana),Bindella,Toscana,Toscana,Red Blend,2003,83,80-86 Buono,25.0,3. Da 25 a 39,Non indicato,"The aromas are awkward, with notes of clove, green stock, bramble, linseed oil, Sambuca and spice that come from every direction. The wine is firm in the mouth with solid tannins and herbal notes on the close.",3.32
893,Bindella 2010 Vallocaia  (Vino Nobile di Montepulciano),Bindella,Toscana,Vino Nobile di Montepulciano,Red Blend,2010,89,87-89 Molto buono,49.0,4. Da 40 a 74,Kerin O'Keefe,"A blend of Sangiovese and 10% Colorino, this opens with aromas of red berry, fragrant flower, oak and a whiff of menthol. The firm palate delivers red cherry, raspberry, espresso, toasted oak and dried sage alongside tightly knit tannins that end on an astring",1.82
894,Bindella 2012 Fossolupaio  (Rosso di Montepulciano),Bindella,Toscana,Rosso di Montepulciano,Red Blend,2012,88,87-89 Molto buono,18.0,2. Da 15 a 24,Kerin O'Keefe,"Floral and fragrant, this lively Rosso offers blue flower, leather and perfumed berry aromas over crunchy dark cherry, vanilla and cinnamon flavors. Straightforward and enjoyable, it's balanced with crisp acidity and supple tannins.",4.89
895,Bindi Sergardi 2009 Riserva  (Chianti Classico),Bindi Sergardi,Toscana,Chianti Classico,Red Blend,2009,87,87-89 Molto buono,29.0,3. Da 25 a 39,Kerin O'Keefe,"Aromas of underbrush, espresso, vanilla and plum cake set the stage. The palate offers black cherry, exotic Asian spice, licorice and sugared vanilla alongside bitter wood tannins. Veritas Imports, Tanaro River Imports, Crown.",3.0
896,Bindi Sergardi 2010  Chianti Classico,Bindi Sergardi,Toscana,Chianti Classico,Red Blend,2010,85,80-86 Buono,20.0,2. Da 15 a 24,Kerin O'Keefe,"Oak dominates the overall character of this wine, with forward notes of toasted wood, tobacco leaf, roasted coffee bean and a hint of plum. There's more wood than fruit here.",4.25
897,Bindi Sergardi 2012 La Ghirlanda  (Chianti Classico),Bindi Sergardi,Toscana,Chianti Classico,Red Blend,2012,89,87-89 Molto buono,20.0,2. Da 15 a 24,Kerin O'Keefe,"Plum, espresso, cedar and underbrush aromas unfold on this straightforward Sangiovese and 3% Cabernet Sauvignon blend. The ripe, warm palate doles out juicy black cherry, blackberry, vanilla, white pepper and a licorice note alongside firm, fine-grained tannin",4.45
898,Biondi Santi 2008  Rosso di Montalcino,Biondi Santi,Toscana,Rosso di Montalcino,Sangiovese Grosso,2008,88,87-89 Molto buono,75.0,5. 75 e oltre,Non indicato,"From Montalcino's most historic estate, this pretty Rosso opens with a bright, ruby color and aromas of spice and forest fruit. It delivers bright acidity and silky tannins in the mouth.",1.17
899,Bonacchi 2007 Casalino  (Brunello di Montalcino),Bonacchi,Toscana,Brunello di Montalcino,Sangiovese Grosso,2007,93,90-94 Ottimo,25.0,3. Da 25 a 39,Non indicato,"A lovely, lush wine with bold, direct aromas of ripe cherry, cured meat, blackberry preserves and exotic spice. It presents a clean and fresh mouthfeel, with solid structure on the long finish.",3.72
900,Borgo Scopeto 2013  Chianti Classico,Borgo Scopeto,Toscana,Chianti Classico,Red Blend,2013,89,87-89 Molto buono,20.0,2. Da 15 a 24,Kerin O'Keefe,"This 90% Sangiovese, 5% Merlot and 5% Colorino blend opens with aromas that recall forest floor, dark berry and a whiff of toast. On the palate, notes of ground pepper, anise and cocoa accent a core of black cherry while firm, fine-grained tannins provide supp",4.45
901,Brancaia 2013  Chianti Classico,Brancaia,Toscana,Chianti Classico,Red Blend,2013,85,80-86 Buono,35.0,3. Da 25 a 39,Kerin O'Keefe,"This simple wine opens with subdued aromas of blue flowers, red berry and a whiff of menthol. The informal palate offers raw, red cherry alongside hints of mint and anise. Brisk acidity and rather fleeting tannins lead to a short, drying finish.",2.43
902,Cabreo 2004 Il Borgo Red (Toscana),Cabreo,Toscana,Toscana,Red Blend,2004,93,90-94 Ottimo,56.0,4. Da 40 a 74,Non indicato,"Cabreo is a bulldozer of a wine with brawny power, solid dimension and hearty aromas of smoked bacon, black ink, tar and chocolate fudge. The blend is 70-30 Sangiovese and Cabernet and the dense concentration achieved with these two grapes is remarkable.",1.66
903,Cabreo 2011 Il Borgo Red (Toscana),Cabreo,Toscana,Toscana,Red Blend,2011,89,87-89 Molto buono,57.0,4. Da 40 a 74,Kerin O'Keefe,"A robust blend of 70% Sangiovese and 30% Cabernet Sauvignon, this offers aromas of baked plum, mocha, menthol and oak-driven spice. The hearty palate initially opens with black fruit, chocolate, licorice and dried herb flavors but the heat of evident alcohol d",1.56
904,Caccia al Piano 1868 2012 Ruit Hora  (Bolgheri),Caccia al Piano 1868,Toscana,Bolgheri,Red Blend,2012,87,87-89 Molto buono,30.0,3. Da 25 a 39,Kerin O'Keefe,"Chocolate, coconut, plum and coffee aromas lead the nose on this densely concentrated wine. The monolithic palate offers black cherry, chocolate-covered coconut and oak alongside astringent tannins that dry out the mouth.",2.9
905,Camigliano 2004  Brunello di Montalcino,Camigliano,Toscana,Brunello di Montalcino,Sangiovese Grosso,2004,90,90-94 Ottimo,58.0,4. Da 40 a 74,Non indicato,"Liquid smoke, brimstone, tar, asphalt, licorice and mesquite follow dense aromas of black cherry, dried currants and mature plums. The wine is on the ripe, chewy side but ultimately finds balance thanks to its naturally firm tannins and fruity freshness.",1.55
906,Camigliano 2006 Gualto Riserva  (Brunello di Montalcino),Camigliano,Toscana,Brunello di Montalcino,Sangiovese Grosso,2006,93,90-94 Ottimo,90.0,5. 75 e oltre,Non indicato,"Holds back just a bit initially, but then evolves slowly and steadily. Delivers a very firm, polished and linear feel in the mouth. Dusty aromas of crushed stone and crushed white pepper are backed by cola, cassis and red currant. An elegant and sophisticated ",1.03
907,Camigliano 2010  Rosso di Montalcino,Camigliano,Toscana,Rosso di Montalcino,Sangiovese Grosso,2010,87,87-89 Molto buono,20.0,2. Da 15 a 24,Non indicato,"A crisp, streamlined expression of Sangiovese Grosso that opens with lively aromas of wild berry, white pepper and pressed rose. Pair this wine with sweet meats, such as roasted ham or pork.",4.35
908,Camigliano 2012  Rosso di Montalcino,Camigliano,Toscana,Rosso di Montalcino,Sangiovese,2012,87,87-89 Molto buono,25.0,3. Da 25 a 39,Kerin O'Keefe,"A warm expression of Sangiovese, this features aromas of underbrush, forest floor, dried plum and ripe berry that carry over to the palate. It's straightforward and made to be enjoyed young.",3.48
909,Camigliano 2014  Rosso di Montalcino,Camigliano,Toscana,Rosso di Montalcino,Sangiovese,2014,87,87-89 Molto buono,22.0,2. Da 15 a 24,Kerin O'Keefe,"Aromas of red berry, underbrush, chopped herb and a toasted note lead the nose. On the rather lean palate, notes of espresso, toasted hazelnut and sage accent a sour cherry core.",3.95
910,Campo al Mare 2005  Bolgheri,Campo al Mare,Toscana,Bolgheri,Red Blend,2005,88,87-89 Molto buono,50.0,4. Da 40 a 74,Non indicato,"Tenute Folonari has produced a Bordeaux blend that is definitely on the ripe side. The wine is a touch jammy, with mature cherry, strawberry, plum, blackberry tart, tobacco and chocolate fudge. The mouthfeel has a dense, gritty texture.",1.76
911,Canalicchio Franco Pacenti 2012  Rosso di Montalcino,Canalicchio Franco Pacenti,Toscana,Rosso di Montalcino,Sangiovese,2012,89,87-89 Molto buono,35.0,3. Da 25 a 39,Kerin O'Keefe,"Dense and savory, this brings together sensations of ripe wild cherry, black raspberry, crushed strawberry, blue flower, cinnamon and white pepper. It's round, soft and ready; enjoy now for the juicy fruit flavors.",2.54
912,Canalicchio di Sopra 2012  Brunello di Montalcino,Canalicchio di Sopra,Toscana,Brunello di Montalcino,Sangiovese,2012,93,90-94 Ottimo,75.0,5. 75 e oltre,Kerin O'Keefe,"Wild berry, dark spice and Mediterranean herb aromas lift out of the glass, accented by a whiff of new leather. The enveloping, full-bodied palate doles out fleshy black cherry, star anise, pipe tobacco and cinnamon notes, framed by chewy tannins. Drink 2020-2",1.24
913,Canneta 2009  Brunello di Montalcino,Canneta,Toscana,Brunello di Montalcino,Sangiovese,2009,87,87-89 Molto buono,40.0,4. Da 40 a 74,Kerin O'Keefe,"Aromas of black plum, black berries, underbrush and hints of espresso and chocolate all carry over to the palate. It's friendly but evolved, and you'll notice the warmth of alcohol although the official level is moderate.",2.17
914,Canneta 2012 La Pietrasola  (Maremma Toscana),Canneta,Toscana,Maremma Toscana,Red Blend,2012,88,87-89 Molto buono,30.0,3. Da 25 a 39,Kerin O'Keefe,"Made with 90% Sangiovese and 10% Cabernet Sauvignon, this red offers subdued aromas of black cherry, blue flower and baking spice. On the palate, notes of vanilla and roasted coffee bean accent black plum while firm tannins provide mouth-puckering support.",2.93
915,Cantina del Giusto 2013 San Claudio II  (Vino Nobile di Montepulciano),Cantina del Giusto,Toscana,Vino Nobile di Montepulciano,Red Blend,2013,92,90-94 Ottimo,23.0,2. Da 15 a 24,Kerin O'Keefe,"This bright, juicy red offers rose, dark berry, baking spice and new leather scents that mingle together in the glass. On the palate, crushed raspberry, wild cherry, licorice and clove notes are bolstered by chewy tannins and fresh acidity. It's delicious now ",4.0
916,Cantina di Montalcino 2008  Brunello di Montalcino,Cantina di Montalcino,Toscana,Brunello di Montalcino,Sangiovese Grosso,2008,88,87-89 Molto buono,46.0,4. Da 40 a 74,Non indicato,"The nice thing about this Brunello is that it is not one of those in-your-face reds. Instead, the wine delivers measured tones of cherry, leather, coffee and spice that are integrated and balanced as a whole. In the mouth, it shows good tannic structure and po",1.91
917,Caparzo 2010 Cà del Pazzo Red (Toscana),Caparzo,Toscana,Toscana,Red Blend,2010,92,90-94 Ottimo,43.0,4. Da 40 a 74,Kerin O'Keefe,"A 50-50 blend of Sangiovese and Cabernet Sauvignon, this opens with aromas of cedar, violet, underbrush and dark berry. The elegantly structured palate delivers black cherries, red currants, black pepper and anise alongside smooth, integrated tannins. Drink th",2.14
918,Cappella Sant'Andrea 2015  Vernaccia di San Gimignano,Cappella Sant'Andrea,Toscana,Vernaccia di San Gimignano,Vernaccia,2015,87,87-89 Molto buono,19.0,2. Da 15 a 24,Kerin O'Keefe,"Aromas suggesting pressed yellow flower, dried stone fruit and a whiff of toasted nut carry over to the straightforward palate. A hint of almond underscores yellow apple and a citrus note while tangy acidity lends freshness.",4.58
919,Caprili 2008 Riserva  (Brunello di Montalcino),Caprili,Toscana,Brunello di Montalcino,Sangiovese,2008,92,90-94 Ottimo,73.0,4. Da 40 a 74,Kerin O'Keefe,"It opens with an earthy fragrance of black plum, underbrush, meat juices, thyme and bay leaf. The dense palate delivers juicy black cherry accented with licorice, black pepper and balsamic herbs. Big and concentrated, it has ripe tannins balanced by decent aci",1.26
920,Caprili 2011  Brunello di Montalcino,Caprili,Toscana,Brunello di Montalcino,Sangiovese,2011,92,90-94 Ottimo,48.0,4. Da 40 a 74,Kerin O'Keefe,"Big and bold, this opens with aromas of ripe berry, leather, forest floor, truffle and a whiff of aromatic herb. The muscular palate offers crushed black cherry, blackberry, cinnamon, anise and a hint of thyme framed in assertive but ripe tannins. Thanks to th",1.92
921,Carillon 2014  Rosso di Montalcino,Carillon,Toscana,Rosso di Montalcino,Sangiovese,2014,86,80-86 Buono,29.0,3. Da 25 a 39,Kerin O'Keefe,"This straightforward red has aromas of woodland berries and violets. The simple palate offers up sour cherry, a hint of grilled herb and a saline note alongside brisk acidity and angular tannins.",2.97
922,Carpineto 2006  Chianti Classico,Carpineto,Toscana,Chianti Classico,Sangiovese,2006,87,87-89 Molto buono,20.0,2. Da 15 a 24,Non indicato,"Carpineto offers a uniquely floral Chianti Classico (90/10 Sangiovese and Canaiolo) with aromas that recall violets, lavender and sweet jasmine. You'll also get cherry cough drop or cinnamon spice smoothed over the wine's lean texture and no-fuss appeal.",4.35
923,Carpineto 2007  Brunello di Montalcino,Carpineto,Toscana,Brunello di Montalcino,Sangiovese Grosso,2007,91,90-94 Ottimo,60.0,4. Da 40 a 74,Non indicato,"A study in balance, this wine has dark berry and tobacco aromas that are elegant rather than overly intense. The palate reveals polished tannins and firm fruit flavors.",1.52
924,Carpineto 2008 Dogajolo White (Toscana),Carpineto,Toscana,Toscana,White Blend,2008,87,87-89 Molto buono,12.0,1. Sotto 15,Non indicato,"This informal Tuscan blend of Chardonnay, Grechetto and Sauvignon Blanc offers a sunny bouquet of mature fruit, apricot, citrus and honeysuckle. The wine is pleasantly fragrant and flavorful with crisp acidity and a generous mouthfeel.",7.25
925,Carpineto 2010 Farnito Camponibbio Red (Toscana),Carpineto,Toscana,Toscana,Red Blend,2010,91,90-94 Ottimo,40.0,4. Da 40 a 74,Kerin O'Keefe,"A juicy blend of Sangiovese, Cabernet Sauvignon and Merlot, this opens with aromas of blackberry, plum, blue flower and a whiff of exotic spice. The velvety approachable palate offers fleshy black cherry, licorice, ground pepper and a hint of nutmeg alongside ",2.28
926,Carpineto 2012 Dogajolo Rosso Red (Toscana),Carpineto,Toscana,Toscana,Red Blend,2012,86,80-86 Buono,14.0,1. Sotto 15,Kerin O'Keefe,"Somewhat rustic aromas recall soil, ripe black berries with a whiff of farmyard. The simple, straightforward palate delivers juicy black cherry and a hint of baking spices. Pair it with hearty pasta dishes or pizza.",6.14
927,Casa Catelli 2015  Chianti,Casa Catelli,Toscana,Chianti,Sangiovese,2015,87,87-89 Molto buono,15.0,2. Da 15 a 24,Kerin O'Keefe,"This all-Sangiovese Chianti boasts red fruit and blackberry aromas. Structured with laid-back tannins and fresh acidity, the palate offers black cherry flavor with a hint of baking spice.",5.8
928,Casa Raia 2007  Brunello di Montalcino,Casa Raia,Toscana,Brunello di Montalcino,Sangiovese Grosso,2007,88,87-89 Molto buono,36.0,3. Da 25 a 39,Non indicato,"Dark, inky and brooding, this thickly extracted Brunello shows thick layers of ripe cherry, crème de cassis and blackberry with background tones of rum cake, ground clove, cola, leather and fresh tobacco. There's a meaty element of bresaola or smoked bacon as ",2.44
929,Casale dello Sparviero 2012 Ada Andrighetti Gran Selezione  (Chianti Classico),Casale dello Sparviero,Toscana,Chianti Classico,Sangiovese,2012,83,80-86 Buono,33.0,3. Da 25 a 39,Kerin O'Keefe,"A blend of Sangiovese and 10% Pugnitello, this has rustic aromas of game, overripe black-skinned fruit and barnyard. The funky aromas carry over to the palate but the fruit has dried up. Grainy, almost gritty tannins leave a raspy finish.",2.52
930,Casale dello Sparviero 2013  Chianti Classico,Casale dello Sparviero,Toscana,Chianti Classico,Red Blend,2013,86,80-86 Buono,16.0,2. Da 15 a 24,Kerin O'Keefe,"This offers aromas of just-crushed grapes, a note of chopped thyme and a whiff of moist soil. The palate is simple and soft, offering wild strawberry and a hint of fennel seed alongside round tannins.",5.38
931,Casaloste 2011  Chianti Classico,Casaloste,Toscana,Chianti Classico,Red Blend,2011,87,87-89 Molto buono,18.0,2. Da 15 a 24,Kerin O'Keefe,"Plum, dark cooking spice and menthol aromas emerge in the glass. The firm palate offers dried black cherry, toast, licorice and espresso alongside assertive, grainy tannins that leave a rather raspy finish.",4.83
932,Casanova di Neri 2008 Tenuta Nuova  (Brunello di Montalcino),Casanova di Neri,Toscana,Brunello di Montalcino,Sangiovese Grosso,2008,93,90-94 Ottimo,80.0,5. 75 e oltre,Non indicato,"Brunello Tenuta Nuova opens with inky dark consistency and immediate aromas of old spice, leather, toasted oak and dried fruit that pop right out of the glass. Dark licorice and espresso add to the overall complexity. There's a touch of sweet spice on the clos",1.16
933,Casato1 2007 Voliero  (Brunello di Montalcino),Casato1,Toscana,Brunello di Montalcino,Sangiovese Grosso,2007,90,90-94 Ottimo,50.0,4. Da 40 a 74,Non indicato,"An inky-black appearance and spicy-savory aromas make this the kind of Brunello you want to drink on a really cold winter night. Tightly concentrated and extracted, with loads of black cherry, leather and tobacco, there are balsam notes too, but delivered in a",1.8
934,Casato1 2010 Voliero  (Rosso di Montalcino),Casato1,Toscana,Rosso di Montalcino,Sangiovese Grosso,2010,87,87-89 Molto buono,20.0,2. Da 15 a 24,Non indicato,"Pair this food-friendly bright Rosso with meatloaf or pork roasted with chopped fennel and leeks. The wine opens with easy berry aromas backed by blue flower and spice, and there's a blast of cleansing acidity on the close.",4.35
935,Casisano Colombaio 2011  Rosso di Montalcino,Casisano Colombaio,Toscana,Rosso di Montalcino,Sangiovese,2011,89,87-89 Molto buono,20.0,2. Da 15 a 24,Kerin O'Keefe,"This delightful rosso has enticing fragrances of violet, iris and red berry. The bright palate delivers wild cherry, white pepper and mint flavors framed by silky tannins. This is made to be drunk young, so enjoy soon.",4.45
936,Casisano Tommasi 2014  Rosso di Montalcino,Casisano Tommasi,Toscana,Rosso di Montalcino,Sangiovese,2014,87,87-89 Molto buono,24.0,2. Da 15 a 24,Kerin O'Keefe,"Violet, raspberry, underbrush and wild herb aromas take center stage on this straightforward red. The lean, racy palate offers sour cherry and orange peel alongside vigorous acidity. This cries out for food, so enjoy it with hearty soups and pasta dishes.",3.62
937,Castelgiocondo 2012  Brunello di Montalcino,Castelgiocondo,Toscana,Brunello di Montalcino,Sangiovese,2012,93,90-94 Ottimo,79.0,5. 75 e oltre,Kerin O'Keefe,"Fresh, alluring aromas of wild berry, pressed violet, dark baking spice and a whiff of new leather all come together in the glass. The firm full-bodied palate offers ripe black cherry, mature plum, cinnamon, licorice and a hint of tobacco. Chewy tannins and br",1.18
938,Castellani 2010 Riserva  (Chianti Classico),Castellani,Toscana,Chianti Classico,Red Blend,2010,85,80-86 Buono,26.0,3. Da 25 a 39,Kerin O'Keefe,"This opens with aromas suggesting red berry, blue flower, menthol and a whiff of oak. On the angular palate, raspy tannins and brisk acidity underscore raw cherry and orange peel.",3.27
939,Castellani 2015 Guadalmare  (Morellino di Scansano),Castellani,Toscana,Morellino di Scansano,Red Blend,2015,87,87-89 Molto buono,15.0,2. Da 15 a 24,Kerin O'Keefe,"Woodland berry, blue flower, dried mint and a whiff of sunbaked soil take center stage on this easy-drinking red. The straightforward palate offers ripe red cherry and ground pepper alongside round, supple tannins.",5.8
940,Castelli Martinozzi 2012  Brunello di Montalcino,Castelli Martinozzi,Toscana,Brunello di Montalcino,Sangiovese,2012,92,90-94 Ottimo,45.0,4. Da 40 a 74,Kerin O'Keefe,"Underbrush, scorched earth, dark spice and grilled herb aromas slowly take shape on this full-bodied red. The chewy, enveloping palate doles out mouthfuls of fleshy black cherry, juicy blackberry, ground pepper and clove while ripe tannins provide support. The",2.04
941,Castelli Martinozzi 2015  Rosso di Montalcino,Castelli Martinozzi,Toscana,Rosso di Montalcino,Sangiovese,2015,89,87-89 Molto buono,22.0,2. Da 15 a 24,Kerin O'Keefe,"Wild red berry, new leather and violet scents take center stage in this bright, young red. The palate is taut and linear, offering crushed raspberry, dried cherry, sage and clove notes, while fine-grained tannins provide the framework.",4.05
942,Castelli del Grevepesa 2008 Panzano  (Chianti Classico),Castelli del Grevepesa,Toscana,Chianti Classico,Sangiovese,2008,92,90-94 Ottimo,38.0,3. Da 25 a 39,Kerin O'Keefe,"Made entirely with Sangiovese and aged in large Slavonian oak casks, this is a delicious and traditionally crafted Chianti Classico, showing a classic varietal fragrance of violet, berry and tobacco. The vibrant palate delivers a tight core of wild cherry laye",2.42
943,Castelli del Grevepesa 2008 Castello di Bibbione Riserva  (Chianti Classico),Castelli del Grevepesa,Toscana,Chianti Classico,Sangiovese,2008,91,90-94 Ottimo,28.0,3. Da 25 a 39,Non indicato,"Opulent and rich, this expression of Sangiovese shows a dark, inky color, with plush aromas of black fruit, chocolate, spice, leather, pipe tobacco and roasted espresso bean. The mouthfeel is dense and creamy, and the wine boasts very pleasurable qualities.",3.25
944,Castelli del Grevepesa 2009 Clemente VII Riserva  (Chianti Classico),Castelli del Grevepesa,Toscana,Chianti Classico,Sangiovese,2009,88,87-89 Molto buono,34.0,3. Da 25 a 39,Kerin O'Keefe,"This Chianti Classico riserva offers black fruit aromas accented with spice, coffee and oak. The palate delivers black cherry, oak, vanilla and black pepper along with bracing tannins. It's a bit shy on fresh acidity and finishes on a drying, tannic note.",2.59
945,Castelli del Grevepesa 2010 Lamole Gran Selezione  (Chianti Classico),Castelli del Grevepesa,Toscana,Chianti Classico,Sangiovese,2010,94,90-94 Ottimo,28.0,3. Da 25 a 39,Kerin O'Keefe,"Made from Sangiovese grown in high-altitude vineyards, this earthy wine features aromas of perfumed berry, leather, cake spice, blue flower and herb. The palate delivers juicy sour cherry, wild strawberry, white pepper, game, mint and orange peel alongside fir",3.36
946,Castello Banfi 2007 Belnero Sangiovese (Toscana),Castello Banfi,Toscana,Toscana,Sangiovese,2007,90,90-94 Ottimo,39.0,3. Da 25 a 39,Non indicato,"Belnero is a Sangiovese-based wine (with a tiny percentage of outside grapes) that shows loads of Montalcino typicity and elegance. If the rules governing Rosso di Montalcino are changed, those new wines might resemble Belnero.",2.31
947,Castello Tricerchi 2012  Brunello di Montalcino,Castello Tricerchi,Toscana,Brunello di Montalcino,Sangiovese,2012,86,80-86 Buono,50.0,4. Da 40 a 74,Kerin O'Keefe,"French oak, coconut and spice aromas follow through to the lean palate, where they're joined by sour cherry and vanilla flavors. Grainy, fleeting tannins give it an abrupt finish.",1.72
948,Castello Vicchiomaggio 2010 Vigna La Prima Gran Selezione  (Chianti Classico),Castello Vicchiomaggio,Toscana,Chianti Classico,Sangiovese,2010,94,90-94 Ottimo,50.0,4. Da 40 a 74,Kerin O'Keefe,"Attractive aromas of violets, perfumed berries and a whiff of sandalwood unfold in the glass. The vibrant palate doles out ripe, juicy black cherry and cranberry, while accents of white pepper, toasted oak and cinnamon add backup. It's well balanced, with firm",1.88
949,Castello Vicchiomaggio 2014 San Jacopo  (Chianti Classico),Castello Vicchiomaggio,Toscana,Chianti Classico,Red Blend,2014,86,80-86 Buono,15.0,2. Da 15 a 24,Kerin O'Keefe,"Vibrant and easygoing, this opens with aromas that recall woodland berry, violet and moist soil. The bright, simple palate offers tart sour cherry and a hint of white pepper alongside zesty acidity.",5.73
950,Castello d'Albola 2008 Riserva  (Chianti Classico),Castello d'Albola,Toscana,Chianti Classico,Red Blend,2008,91,90-94 Ottimo,28.0,3. Da 25 a 39,Kerin O'Keefe,"Here's an inviting Chianti Classico riserva, with an enticing fragrance of violet, rose and berry with whiffs of spice. The palate delivers a core of ripe wild cherry layered with white pepper, cinnamon and pipe tobacco. It has elegant tannins and while it's d",3.25
951,Castello d'Albola 2009  Chianti Classico,Castello d'Albola,Toscana,Chianti Classico,Red Blend,2009,88,87-89 Molto buono,19.0,2. Da 15 a 24,Kerin O'Keefe,"Castello d'Albola's Chianti Classico has a typical fragrance of ripe berry accented with hints of violet and spice. The bright palate delivers ripe, red cherry and white pepper along with round tannins. Pair it with pasta topped with ragù or barbecued steaks.",4.63
952,Castello d'Albola 2010 Il Solatio Gran Selezione  (Chianti Classico),Castello d'Albola,Toscana,Chianti Classico,Sangiovese,2010,93,90-94 Ottimo,89.0,5. 75 e oltre,Kerin O'Keefe,"Violet, leather, dark berry, clove, menthol and grilled herb aromas lead the nose. The vibrant palate offers crunchy cherry, raspberry jelly, cinnamon and licorice alongside bright acidity. A backbone of assertive but noble tannins provides support. Drink 2018",1.04
953,Castello d'Albola 2013 Acciaiolo Red (Toscana),Castello d'Albola,Toscana,Toscana,Red Blend,2013,91,90-94 Ottimo,90.0,5. 75 e oltre,Kerin O'Keefe,"A blend of Cabernet Sauvignon and Sangiovese, this offers aromas of dark-skinned fruit, exotic spice, French oak and a whiff of underbrush. Smooth and firmly structured, the elegant palate delivers cassis, black cherry and star anise alongside polished, fine-g",1.01
954,Castello dei Rampolla 2012 Sammarco Red (Toscana),Castello dei Rampolla,Toscana,Toscana,Red Blend,2012,93,90-94 Ottimo,117.0,5. 75 e oltre,Kerin O'Keefe,"Fragrant purple flower, ripe black-skinned fruit and dark spice aromas slowly emerge on this savory blend of 90% Cabernet Sauvignon, 5% Merlot and 5% Sangiovese. Full bodied and succulent, the smooth structured palate delivers crushed raspberry, black currant,",0.79
955,Castello di Ama 2006  Chianti Classico,Castello di Ama,Toscana,Chianti Classico,Sangiovese,2006,92,90-94 Ottimo,42.0,4. Da 40 a 74,Non indicato,"This is a seriously beautiful Chianti Classico characterized by impressive elegance and a smooth, long feel that lasts many long minutes on the palate. The nose is equally pristine with bright but integrated aromas of dark fruit, spice and polished river stone",2.19
956,Castello di Bossi 2008 Corbaia Red (Toscana),Castello di Bossi,Toscana,Toscana,Red Blend,2008,91,90-94 Ottimo,65.0,4. Da 40 a 74,Non indicato,"Corbaia is a delicious blend of Sangiovese (70%) and Cabernet Sauvignon that shows compact but well-etched lines of forest fruit, bramble, cranberry and sharp, savory spice. The tannins are firm, tight and need a few more years to unwind.",1.4
957,Castello di Bossi 2008  Chianti Classico,Castello di Bossi,Toscana,Chianti Classico,Sangiovese,2008,88,87-89 Molto buono,20.0,2. Da 15 a 24,Non indicato,"Castello di Bossi makes some of the best Chianti Classico you will find and this base expression shows the beauty and potential of Tuscany in slightly less austere terms. It's a smooth, round wine with loads of cherry, blackberry, spice, chocolate and leather.",4.4
958,Castello di Bossi 2010 Corbaia Red (Toscana),Castello di Bossi,Toscana,Toscana,Red Blend,2010,88,87-89 Molto buono,65.0,4. Da 40 a 74,Kerin O'Keefe,"This blend of barrique-aged Sangiovese and Cabernet Sauvignon has a fragrance of oak and bell pepper. The palate shows red currant, cherry, oak, coffee and chocolate notes. Although it has generous fruit, it lacks complexity and is shy on freshness and vitalit",1.35
959,Castello di Gabbiano 2009 Bellezza Riserva  (Chianti Classico),Castello di Gabbiano,Toscana,Chianti Classico,Sangiovese,2009,91,90-94 Ottimo,30.0,3. Da 25 a 39,Non indicato,"With fruit selected from a single-vineyard site, this riserva does a nice job of portraying a fresh cherry flavor within an elaborate framework of oak spice, leather and tobacco notes. The wine is propped up by tight wood-derived tannins, which gives it a firm",3.03
960,Castello di Gabbiano 2010 Bellezza Gran Selezione  (Chianti Classico),Castello di Gabbiano,Toscana,Chianti Classico,Sangiovese,2010,90,90-94 Ottimo,38.0,3. Da 25 a 39,Kerin O'Keefe,"Made with 100% Sangiovese, this conveys aromas of violet, vanilla, pressed powder and perfumed berry. The vibrant, structured palate delivers juicy wild cherry, licorice, black pepper and toast alongside firm tannins and fresh acidity. It finishes on a mocha n",2.37
961,Castello di Meleto 2004 Riserva Vigna Casi  (Chianti Classico),Castello di Meleto,Toscana,Chianti Classico,Sangiovese,2004,88,87-89 Molto buono,46.0,4. Da 40 a 74,Non indicato,"Simple and genuine red fruit sets the stage and is surrounded by a delicate frame of almond and toast. This is a clean, well-made wine that is easy and fun to drink. It imparts thick, fruity flavors and closes fresh thanks to its bright acidity. Castello di Me",1.91
962,Castello di Meleto 2010 Rainero Red (Toscana),Castello di Meleto,Toscana,Toscana,Red Blend,2010,90,90-94 Ottimo,51.0,4. Da 40 a 74,Kerin O'Keefe,"A blend of Cabernet Sauvignon and Merlot, this opens with aromas of ripe plum, black-skinned berry and a whiff of cedar. The palate delivers spiced blueberries, dried blackberries, mocha, clove and crushed herbs alongside fine-grained tannins. Drink through 20",1.76
963,Castello di Monastero 2013 Lionello Marchesi  (Chianti Classico),Castello di Monastero,Toscana,Chianti Classico,Red Blend,2013,88,87-89 Molto buono,15.0,2. Da 15 a 24,Kerin O'Keefe,"Made of 85% Sangiovese, 8% Merlot and 7% Cabernet Sauvignon, this offers black cherry and baking spice scents. Ripe black plum, cedar and leather notes form the palate, with a framework of supple tannins. Enjoy through 2019.",5.87
964,Castello di Monsanto 2005 La Chimera  (Vin Santo del Chianti Classico),Castello di Monsanto,Toscana,Vin Santo del Chianti Classico,White Blend,2005,90,90-94 Ottimo,50.0,4. Da 40 a 74,Kerin O'Keefe,"Made with a blend of 50% Trebbiano and 50% Malvasia, this delivers aromas of Tuscan almond cookies, citrus and dried apricot. The concentrated palate offers layers of candied nectarine zest, fig and toasted almond. Pair it with seasoned cheeses or cantucci.",1.8
965,Castello di Monsanto 2012 50th Harvest Riserva  (Chianti Classico),Castello di Monsanto,Toscana,Chianti Classico,Red Blend,2012,92,90-94 Ottimo,25.0,3. Da 25 a 39,Kerin O'Keefe,"Fragrant and elegantly structured, this blend of Sangiovese and 10% Canaiolo and Colorino opens with lovely aromas of pressed violet, iris, perfumed berry and baking spice. On the palate, notes of white pepper, toast, espresso and anise accent the black cherry",3.68
966,Castello di Querceto 2012  Chianti Classico,Castello di Querceto,Toscana,Chianti Classico,Red Blend,2012,86,80-86 Buono,14.0,1. Sotto 15,Kerin O'Keefe,"Bright and breezy, this wine is made from 85% Sangiovese, 10% Canaiolo and 5% other varieties. It offers straightforward dark cherry flavors mingled with a hint of mint and spice. Simple but well-made, it will pair well with pasta dishes and soups.",6.14
967,Castello di Selvole 2010  Chianti Classico,Castello di Selvole,Toscana,Chianti Classico,Sangiovese,2010,81,80-86 Buono,23.0,2. Da 15 a 24,Kerin O'Keefe,This opens with aromas of oak and roasted coffee bean along with pungent whiffs of farm animals. The palate offers a sour cherry flavor and bitterly astringent tannins.,3.52
968,Castello di Selvole 2011 Ponte Rosso Gran Selezione  (Chianti Classico),Castello di Selvole,Toscana,Chianti Classico,Red Blend,2011,86,80-86 Buono,40.0,4. Da 40 a 74,Kerin O'Keefe,"This has a subdued nose that doesn't give much away. The equally inexpressive, rather fleeting palate offers dried red berry and anise alongside somewhat abrasive tannins.",2.15
969,Castello di Verrazzano 2004 Sassello Sangiovese (Toscana),Castello di Verrazzano,Toscana,Toscana,Sangiovese,2004,89,87-89 Molto buono,69.0,4. Da 40 a 74,Non indicato,"Sassello is Sangiovese from a high hillside vineyard that offers pretty spice renderings and good dimension overall. Its blackberry, Amaretto, natural rubber and moist earth aromas and flavors offer plenty of complexity.",1.29
970,Castelvecchi 2010 Lodolaio Riserva  (Chianti Classico),Castelvecchi,Toscana,Chianti Classico,Sangiovese,2010,88,87-89 Molto buono,55.0,4. Da 40 a 74,Kerin O'Keefe,"Aromas of baked plum, coconut and roasted coffee bean lead the nose. The palate offers dried black cherry, vanilla, toast and a confectionary note alongside assertive but ripe tannins.",1.6
971,Castiglion del Bosco 2008 Prima Pietra Red (Toscana),Castiglion del Bosco,Toscana,Toscana,Red Blend,2008,92,90-94 Ottimo,77.0,5. 75 e oltre,Non indicato,"This is a blend of Bordeaux grapes sourced from the Riparbella Vineyard, which is located at 1,500 feet above sea level in Maremma. The property belongs to the Ferragamo fashion family. The tannins are velvety, firm and do a great job of supporting the bright ",1.19
972,Cavalierino 2011  Rosso di Montepulciano,Cavalierino,Toscana,Rosso di Montepulciano,Red Blend,2011,86,80-86 Buono,25.0,3. Da 25 a 39,Kerin O'Keefe,"Made with organically grown grapes, this ripe, simple wine delivers crushed black plum, prune and dark cherry flavors layered with notes of black pepper, nutmeg and licorice. It's already evolved so drink now to enjoy the juicy fruit.",3.44
973,Cecchi 2008 Riserva di Famiglia  (Chianti Classico),Cecchi,Toscana,Chianti Classico,Sangiovese,2008,92,90-94 Ottimo,30.0,3. Da 25 a 39,Non indicato,"This riserva opens with intense tones of ripe cherry, chocolate, leather and light spice. The palate feels firm and smooth, with mild tannins and a rich, velvety texture.",3.07
974,Cesani 2007 Pancole  (Vernaccia di San Gimignano),Cesani,Toscana,Vernaccia di San Gimignano,Vernaccia,2007,87,87-89 Molto buono,18.0,2. Da 15 a 24,Non indicato,"Pancole is a pretty expression of Tuscany's popular Vernaccia di San Gimignano with a luminous, bright appearance and pristine aromas of stone and passion fruits. The wine is lean and tonic with spicy notes on the finish.",4.83
975,Cesani 2014 Pancole  (Vernaccia di San Gimignano),Cesani,Toscana,Vernaccia di San Gimignano,Vernaccia,2014,88,87-89 Molto buono,14.0,1. Sotto 15,Kerin O'Keefe,"Medium bodied and refreshing, this vibrant wine-made with organically grown fruit-delivers baked apple, citrus zest and bitter almond flavors. Crisp acidity provides balance while steely mineral energizes the clean, linear finish.",6.29
976,Cipriana 2012 Scopaio  (Bolgheri),Cipriana,Toscana,Bolgheri,Red Blend,2012,87,87-89 Molto buono,30.0,3. Da 25 a 39,Kerin O'Keefe,"Menthol, scorched soil, toasted oak and plum aromas lead the nose on this blend of 80% Cabernet Sauvignon and 20% Syrah. On the palate, licorice, dried sage and espresso add interest to the black cherry flavors while firm, slightly astringent tannins provide s",2.9
977,Citille di Sopra 2008  Brunello di Montalcino,Citille di Sopra,Toscana,Brunello di Montalcino,Sangiovese Grosso,2008,92,90-94 Ottimo,70.0,4. Da 40 a 74,Non indicato,"This wine shows beautiful results with a darkly concentrated appearance and bright aromas of prune, leather and tobacco. The wine is balanced and crisp, with lingering red cherry and chocolate flavors, but ultimately the purity of wine puts it slightly ahead o",1.31
978,Citille di Sopra 2009  Brunello di Montalcino,Citille di Sopra,Toscana,Brunello di Montalcino,Sangiovese,2009,91,90-94 Ottimo,65.0,4. Da 40 a 74,Kerin O'Keefe,"A hearty Brunello, it opens with aromas that recall meat juices, leather, mature black fruit cooking spices and turned earth. The juicy palate offers ripe black cherry accented with notes of black pepper, raspberry and lemon thyme with a hint of creamy vanilla",1.4
979,Citille di Sopra 2010 Vigna Poggio Ronconi  (Brunello di Montalcino),Citille di Sopra,Toscana,Brunello di Montalcino,Sangiovese,2010,87,87-89 Molto buono,75.0,5. 75 e oltre,Kerin O'Keefe,"Earthy aromas include new leather, scorched soil, wild berry and a touch of funky game. On the robust palate, grilled sage, tobacco and licorice add depth to a core of fleshy wild cherry along a backbone of raspy tannins and searing alcohol. Drink after 2018.",1.16
980,Citille di Sopra 2010  Brunello di Montalcino,Citille di Sopra,Toscana,Brunello di Montalcino,Sangiovese,2010,88,87-89 Molto buono,65.0,4. Da 40 a 74,Kerin O'Keefe,"Aromas of forest floor, Mediterranean herb, dark berry, turned soil and game mingle in the glass. The tight palate delivers clove, ground white pepper, grilled herb and dried black cherry alongside bracing tannins.",1.35
981,Citille di Sopra 2015  Rosso di Montalcino,Citille di Sopra,Toscana,Rosso di Montalcino,Sangiovese,2015,89,87-89 Molto buono,32.0,3. Da 25 a 39,Kerin O'Keefe,"This opens with violet, red berry and leather aromas. The savory, straightforward palate offers ripe red cherry, raspberry and clove notes, with a hint of sage and fine-grained tannins. Enjoy through 2020.",2.78
982,Col d'Orcia 2003 Nearco Red (Sant'Antimo),Col d'Orcia,Toscana,Sant'Antimo,Red Blend,2003,92,90-94 Ottimo,68.0,4. Da 40 a 74,Non indicato,"Thick in extraction, Nearco is a ripe and meaty red with thick layers of blueberry, blackberry, coffee, tobacco, ink, vanilla, spice and cigar box that peel off one solid layer after the other. Nothing is understated here and the wine hits the palate with dete",1.35
983,Col d'Orcia 2010 Banditella  (Rosso di Montalcino),Col d'Orcia,Toscana,Rosso di Montalcino,Sangiovese,2010,87,87-89 Molto buono,30.0,3. Da 25 a 39,Kerin O'Keefe,"Coconut, subtle oak, vanilla and mocha sensations take center stage on this full-bodied wine. The palate delivers plum cake, espresso, toast and licorice but it's short on fruit richness. Drink now through 2015.",2.9
984,Col d'Orcia 2013  Rosso di Montalcino,Col d'Orcia,Toscana,Rosso di Montalcino,Sangiovese,2013,88,87-89 Molto buono,25.0,3. Da 25 a 39,Kerin O'Keefe,"Aromas of dark-skinned berry, purple flower and a whiff of grilled herb float out of the glass. The chewy palate offers morello cherry and star anise alongside close-grained tannins and vibrant acidity.",3.52
985,Coli 2015  Morellino di Scansano,Coli,Toscana,Morellino di Scansano,Red Blend,2015,86,80-86 Buono,15.0,2. Da 15 a 24,Kerin O'Keefe,"Fruity aromas of dark berry and scorched soil lead the nose on this informal red. The simple easygoing palate offers morello cherry and a hint of dried herb alongside soft, fleeting tannins.",5.73
986,Colle Spinello 2007 Sine Terra Red (Toscana),Colle Spinello,Toscana,Toscana,Red Blend,2007,90,90-94 Ottimo,45.0,4. Da 40 a 74,Kerin O'Keefe,"A blend of equal parts Merlot and Petit Verdot, this offers aromas of underbrush, toast, baked plum, nutmeg and mocha. The smooth palate offers dried blackberries, raisins, cocoa, tobacco and ground black pepper. Velvety tannins hold the flavors together. This",2.0
987,Collelceto 2007  Brunello di Montalcino,Collelceto,Toscana,Brunello di Montalcino,Sangiovese Grosso,2007,90,90-94 Ottimo,45.0,4. Da 40 a 74,Non indicato,"A bright, lively Brunello that happily sheds all pretense. It's a wine that communicates Sangiovese Grosso in a straightforward, confident and natural manner. There's bright berry fruit, firm structure and a lean, compact mouthfeel with silky tannins. But don'",2.0
988,Collemassari 2004 Rigoleto  (Montecucco),Collemassari,Toscana,Montecucco,Red Blend,2004,86,80-86 Buono,17.0,2. Da 15 a 24,Non indicato,"Delivers unexpected tones of roasted nuts, and behind the toasted notes are some tones of garden greens and artichoke leaf. It does, however, have pretty intensity in the mouth and simple spice flavors.",5.06
989,Collemassari 2007 Riserva  (Montecucco),Collemassari,Toscana,Montecucco,Red Blend,2007,91,90-94 Ottimo,28.0,3. Da 25 a 39,Non indicato,"Some lovely red wines are coming from the Montecucco wine region (located in coastal Tuscany) and Collemassari leads the pack of this new and exciting group of vintners. Soft cherry, leather, spice, and earthy mineral tones create harmony and momentum.",3.25
990,Collemattoni 2005  Brunello di Montalcino,Collemattoni,Toscana,Brunello di Montalcino,Sangiovese Grosso,2005,87,87-89 Molto buono,55.0,4. Da 40 a 74,Non indicato,"Collemattoni delivers a ripe, fruit-driven Brunello that will appeal to those who enjoy plump, jammy notes in their red wine. Raspberry, strawberry and mature cherry stand out within a larger embroidery of spice and tobacco. The wine is soft and smooth with sw",1.58
991,Collosorbo 2012  Rosso di Montalcino,Collosorbo,Toscana,Rosso di Montalcino,Sangiovese,2012,90,90-94 Ottimo,30.0,3. Da 25 a 39,Kerin O'Keefe,"Aromas of meat juices, forest floor, perfumed berries and grilled herbs lead the nose on this savory, full-bodied Rosso. The dense palate doles out ripe wild cherry accented with orange peel and allspice. Bold, velvety, and fresh, it's made to be enjoyed soon.",3.0
992,Conte Ferdinando Guicciardini 2013 La Historia di Italia Merlot (Toscana),Conte Ferdinando Guicciardini,Toscana,Toscana,Merlot,2013,88,87-89 Molto buono,38.0,3. Da 25 a 39,Kerin O'Keefe,"Made entirely with Merlot, the shy nose eventually reveals notes of black-skinned fruit and clove. The dense palate delivers cedar, espresso and leather alongside gripping tannins.",2.32
993,Cordella 2009  Brunello di Montalcino,Cordella,Toscana,Brunello di Montalcino,Sangiovese,2009,86,80-86 Buono,48.0,4. Da 40 a 74,Kerin O'Keefe,"Aromas include black berries, coffee, espresso and grilled Mediterranean herbs. The one-dimensional palate lacks the essential fruit richness needed to support the bracing, astringent tannins that give a drying, bitter character. It also displays evident alcoh",1.79
994,Corte Pavone 2010  Brunello di Montalcino,Corte Pavone,Toscana,Brunello di Montalcino,Sangiovese,2010,91,90-94 Ottimo,90.0,5. 75 e oltre,Kerin O'Keefe,"Made with organically farmed grapes, this opens with pretty aromas of crushed rose, violet, perfumed berry, leather, truffle and a balsamic note. The warm palate doles out fleshy wild cherry, stewed plum, cake spice, anisette and savory herb alongside velvety ",1.01
995,Diadema 2012 D'Amare White (Toscana),Diadema,Toscana,Toscana,White Blend,2012,86,80-86 Buono,45.0,4. Da 40 a 74,Kerin O'Keefe,"Made from Chardonnay and Viognier, this wine opens with peach and apricot aromas that carry over to the palate alongside notes of lemon peel and honey. While it opens strong, it finishes abruptly.",1.91
996,Donatella Cinelli Colombini 2004  Brunello di Montalcino,Donatella Cinelli Colombini,Toscana,Brunello di Montalcino,Sangiovese Grosso,2004,89,87-89 Molto buono,48.0,4. Da 40 a 74,Non indicato,"Donatella Cinelli Colombini's wines are usually among our high scoring Brunellos, but we were less satisfied with the 2004 vintage. It opens with heavy aromas of leather and tobacco and tastes raw and chewy in the mouth. Then, there's a blast of sour cherry on",1.85
997,Duemani 2007 Suisassi Syrah (Toscana),Duemani,Toscana,Toscana,Syrah,2007,92,90-94 Ottimo,110.0,5. 75 e oltre,Non indicato,"Suisassi is one of Italy's most interesting and unique expressions of Syrah. Made according to organic and biodynamic principles, the wine shows a hearty masculine side of ripe fruit and rich oak that is enhanced by subtle elegance and lingering power. It is d",0.84
998,Duemani 2012 Altrovino Red (Costa Toscana),Duemani,Toscana,Costa Toscana,Red Blend,2012,91,90-94 Ottimo,40.0,4. Da 40 a 74,Kerin O'Keefe,"A blend of bio-dynamically grown Merlot and Cabernet Franc, this opens with aromas of ripe black fruit, blue flowers, espresso, grilled herbs and baking spice. The bright palate delivers blackberry extract, spiced blueberry, tobacco, coffee, sage and licorice.",2.28
999,Falchini 2015 Vigna a Solatio  (Vernaccia di San Gimignano),Falchini,Toscana,Vernaccia di San Gimignano,Vernaccia,2015,88,87-89 Molto buono,13.0,1. Sotto 15,Kerin O'Keefe,"Always a terrific value, this refreshing white has aromas of fragrant white flower, mint and orchard fruit. The straightforward palate offers crunchy Granny Smith apple, a hint of orange zest and a crisp clean finish.",6.77
1000,Fanti 2007 Sassomagno Sangiovese (Sant'Antimo),Fanti,Toscana,Sant'Antimo,Sangiovese,2007,88,87-89 Molto buono,15.0,2. Da 15 a 24,Non indicato,"From the Castelnuovo dell'Abate subzone of Montalcino, this bright super Tuscan blend delivers ripe notes of mature cherry, coffee grounds, dried tobacco leaf and cassis syrup. There's a sweet tone of cherry and vanilla in the mouth and the wine's texture is t",5.87
1001,Fanti 2010  Rosso di Montalcino,Fanti,Toscana,Rosso di Montalcino,Sangiovese Grosso,2010,88,87-89 Molto buono,20.0,2. Da 15 a 24,Non indicato,"Here's a bright, food-friendly bottling that offers raspberry, cherry and light spice aromas. The mouthful is lean and compact, and the wine shows a zesty vein of fresh acidity on the close.",4.4
1002,Fanti 2011  Brunello di Montalcino,Fanti,Toscana,Brunello di Montalcino,Sangiovese,2011,86,80-86 Buono,45.0,4. Da 40 a 74,Kerin O'Keefe,"This brawny wine opens with subdued aromas that recall leafy underbrush, roasted coffee bean and a whiff of stewed plum. The warm, monolithic palate offers prune steeped in spirits, toasted nut, dark spice and a green note of powdered sage alongside raspy tann",1.91
1003,Fattoi 2007  Brunello di Montalcino,Fattoi,Toscana,Brunello di Montalcino,Sangiovese Grosso,2007,93,90-94 Ottimo,60.0,4. Da 40 a 74,Non indicato,"A Brunello with broad shoulders and a powerful bouquet that delivers bright, bold aromas of ripe fruit, dark spice, leather and dried tobacco. The wine's structure and dark fruit flavors move evenly over the palate with smoothness and harmony.",1.55
1004,Fattoi 2011  Brunello di Montalcino,Fattoi,Toscana,Brunello di Montalcino,Sangiovese,2011,92,90-94 Ottimo,70.0,4. Da 40 a 74,Kerin O'Keefe,"Scorched earth, underbrush, cured meat and grilled sage aromas lead the way together with a whiff of new leather. The ripe, juicy palate doles out black raspberry, succulent wild cherry, baking spice and a hint of tobacco. Packed but mature tannins retrain the",1.31
1005,Fattoi 2014  Rosso di Montalcino,Fattoi,Toscana,Rosso di Montalcino,Sangiovese,2014,87,87-89 Molto buono,27.0,3. Da 25 a 39,Kerin O'Keefe,"Stalky underbrush, crushed violet and woodland berry aromas lead the way. The brisk palate offers tart cherry, clove, a hint of chopped herb and an orange zest note alongside racy acidity. Tightly knit tannins leave a firm finish.",3.22
1006,Fattoria La Lecciaia 2009 Riserva  (Brunello di Montalcino),Fattoria La Lecciaia,Toscana,Brunello di Montalcino,Sangiovese,2009,90,90-94 Ottimo,52.0,4. Da 40 a 74,Kerin O'Keefe,"Aromas of stewed plum, dried hay, toasted oak, espresso and game lead the nose. The palate delivers succulent wild cherry, fig, baking spice, tea leaf and pipe tobacco balanced by polished tannins. It's already accessible. Enjoy through 2019.",1.73
1007,Fattoria La Massa 2003 Giorgio Primo Red (Toscana),Fattoria La Massa,Toscana,Toscana,Red Blend,2003,92,90-94 Ottimo,80.0,5. 75 e oltre,Non indicato,"Fattoria La Massa has produced an exciting wine that will appeal to those who love a big, opulent style. A blend of Sangiovese and Merlot, this boasts an inky appearance, and delivers enormous tones of tobacco, leather, coffee bean, blue flowers and lead penci",1.15
1008,Fattoria Lavacchio 2011 Cedro Riserva  (Chianti Rufina),Fattoria Lavacchio,Toscana,Chianti Rufina,Red Blend,2011,89,87-89 Molto buono,24.0,2. Da 15 a 24,Kerin O'Keefe,"The nose of this organically farmed Sangiovese (90%) and Merlot (10%) suggests ripe black plum and vanilla. On the palate, dried black cherry, licorice and cedar notes are bolstered by firm but chewy tannins. Drink through 2019.",3.71
1009,Fattoria Lavacchio 2013 Puro  (Chianti),Fattoria Lavacchio,Toscana,Chianti,Sangiovese,2013,87,87-89 Molto buono,9.0,1. Sotto 15,Kerin O'Keefe,"Made entirely with organically grown Sangiovese, with no added sulfites, this medium-bodied red opens with earthy aromas of tilled soil, underbrush, game and black-skinned fruit. The lively palate doles out ripe black plum, wild cherry and crushed raspberry ac",9.67
1010,Fattoria Le Pupille 2006 SolAlto White (Maremma),Fattoria Le Pupille,Toscana,Maremma,White Blend,2006,91,90-94 Ottimo,30.0,3. Da 25 a 39,Non indicato,"This beautiful dessert wine from southern Tuscany (representing a blend of equal parts Traminer, Sauvignon and Sémillon) opens with ripe apricot, honey, toasted almond and candied fruit aromas. The chewy, rich sweetness of the wine is the main protagonist.",3.03
1011,Fattoria Le Pupille 2011 Poggio Valente Riserva  (Morellino di Scansano),Fattoria Le Pupille,Toscana,Morellino di Scansano,Red Blend,2011,89,87-89 Molto buono,50.0,4. Da 40 a 74,Kerin O'Keefe,"This opens with aromas of violet, ripe berry, orange zest, toasted oak and a whiff of Mediterranean scrub. The structured palate offers mature cherry, white pepper, licorice, well-integrated oak spices, vanilla and grilled sage alongside firm, polished tannins",1.78
1012,Fattoria Le Pupille 2012 Saffredi  (Maremma Toscana),Fattoria Le Pupille,Toscana,Maremma Toscana,Red Blend,2012,93,90-94 Ottimo,100.0,5. 75 e oltre,Kerin O'Keefe,"Structured and elegant, this blend of 60% Cabernet Sauvignon, 30% Merlot and 10% Petit Verdot offers aromas of blackberry, red currant, blue flowers, clove and oak. The concentrate palate doles out black cherry, plum, sage, anise and tobacco alongside a backbo",0.93
1013,Fattoria Montellori 2011 Salamartano Red (Toscana),Fattoria Montellori,Toscana,Toscana,Red Blend,2011,87,87-89 Molto buono,49.0,4. Da 40 a 74,Kerin O'Keefe,"Made with 55% Cabernet Sauvignon, 25% Cabernet Franc, 15% Merlot and 5% Petit Verdot, this opens with aromas of black currant and baking spice. The evolved palate provides mature plum, oak and toast alongside gripping, rather drying tannins.",1.78
1014,Fattoria Sardi 2015 Rosato (Toscana),Fattoria Sardi,Toscana,Toscana,Rosato,2015,88,87-89 Molto buono,19.0,2. Da 15 a 24,Kerin O'Keefe,"Made primarily from Sangiovese, with some Malvasia and other white grapes, this offers aromas of red berry and a yeasty whiff of bread dough. The bright, enjoyable palate offers ripe cherry and hint of pastry cream while a note of honeydew melon marks the clos",4.63
1015,Fattoria Uccelliera 2013  Chianti,Fattoria Uccelliera,Toscana,Chianti,Red Blend,2013,86,80-86 Buono,14.0,1. Sotto 15,Kerin O'Keefe,"Subtle berry and wildflower aromas lead the nose of this bright, friendly red. The informal palate offers crushed wild cherry, raspberry and a hint of clove alongside soft, rather fleeting tannins.",6.14
1016,Fattoria dei Barbi 2005 Brusco dei Barbi Sangiovese (Toscana),Fattoria dei Barbi,Toscana,Toscana,Sangiovese,2005,87,87-89 Molto buono,12.0,1. Sotto 15,Non indicato,This well-priced wine opens with defined mineral nuances and segues quickly into blueberries and violets. The mouthfeel is lean and bright and there's a blast of sour cherry on the finish.,7.25
1017,Fattoria dei Barbi 2012 Vigna del Fiore  (Brunello di Montalcino),Fattoria dei Barbi,Toscana,Brunello di Montalcino,Sangiovese,2012,92,90-94 Ottimo,80.0,5. 75 e oltre,Kerin O'Keefe,"Earthy aromas of truffle, leather, dried herb and dark berry slowly take shape in this full-bodied red. Smooth and concentrated, the palate doles out fleshy wild cherry, raspberry compote, and savory orange zest and star anise notes, framed by fine-grained tan",1.15
1018,Fattoria della Talosa 2011  Vino Nobile di Montepulciano,Fattoria della Talosa,Toscana,Vino Nobile di Montepulciano,Sangiovese,2011,88,87-89 Molto buono,23.0,2. Da 15 a 24,Kerin O'Keefe,"Blue flower, mature plum, dark soil and exotic spice aromas take shape in the glass. The rich palate offers black cherry marinated in spirits, espresso and anise notes alongside grippy tannins. Drink through 2016.",3.83
1019,Fattoria di Grignano 2011 Pietramaggio Red (Toscana),Fattoria di Grignano,Toscana,Toscana,Red Blend,2011,86,80-86 Buono,11.0,1. Sotto 15,Kerin O'Keefe,"Here's a simple but well made red from Tuscany that has floral aromas of violet and rose with berry notes. The palate offers bright cherry, red currant and a touch of spice. Pair this with pasta dishes or grilled vegetables.",7.82
1020,Fattoria di Grignano 2012 Poggio Gualtieri Riserva  (Chianti Rufina),Fattoria di Grignano,Toscana,Chianti Rufina,Red Blend,2012,89,87-89 Molto buono,25.0,3. Da 25 a 39,Kerin O'Keefe,"This blend of 90% Sangiovese and 10% Merlot boasts ripe black-skinned fruit and cedar aromas. The concentrated palate delivers smoke-laced black plum and tobacco flavors held together by firm, fine-grained tannins. Drink through 2022.",3.56
1021,Fattoria di Lamole 2010 Vigna Lama della Villa Gran Selezione  (Chianti Classico),Fattoria di Lamole,Toscana,Chianti Classico,Sangiovese,2010,88,87-89 Molto buono,65.0,4. Da 40 a 74,Kerin O'Keefe,"Rose, violet, toast, underbrush, menthol and perfumed berry aromas lead the way on this wine. The palate offers dried black cherry, eucalyptus, ground black pepper and dried sage alongside bracing, rather astringent tannins.",1.35
1022,Fattoria di Lamole 2010 Le Stinche Riserva  (Chianti Classico),Fattoria di Lamole,Toscana,Chianti Classico,Sangiovese,2010,88,87-89 Molto buono,50.0,4. Da 40 a 74,Kerin O'Keefe,"This opens with unusual aromas of moist soil, hay, truffle, underbrush, baked bean, molasses and black-skinned fruit. The palate offers prune, espresso, dried black cherry, thyme and anisette alongside bracing tannins.",1.76
1023,Fattoria di Magliano 2013 Pagliatura Vermentino (Maremma Toscana),Fattoria di Magliano,Toscana,Maremma Toscana,Vermentino,2013,88,87-89 Molto buono,28.0,3. Da 25 a 39,Kerin O'Keefe,"Delicate aromas of white spring flower, pear and Mediterranean herb waft from the glass. The vibrant but restrained palate offers white peach, nectarine and a hint of mint alongside firm acidity. It finishes clean and crisp.",3.14
1024,Fattoria di Sammontana 2013  Chianti,Fattoria di Sammontana,Toscana,Chianti,Red Blend,2013,86,80-86 Buono,20.0,2. Da 15 a 24,Kerin O'Keefe,"Made with organically farmed grapes, this opens with earthy aromas of ripe black fruit and whiffs of barnyard. The rustic palate offers fleshy black cherry, crushed raspberry and gamey notes alongside rather fleeting tannins.",4.3
1025,Fattoria di Valiano 2009 Riserva  (Chianti Classico),Fattoria di Valiano,Toscana,Chianti Classico,Red Blend,2009,88,87-89 Molto buono,25.0,3. Da 25 a 39,Kerin O'Keefe,"Fragrant purple flowers, dark berries and a whiff of baking spices lead the nose of this medium-bodied red. The round, soft palate offers black cherry, vanilla, milk chocolate and cinnamon alongside smooth, polished tannins. A confectionary note signals the cl",3.52
1026,Fattoria di Valiano 2010 Riserva  (Chianti Classico),Fattoria di Valiano,Toscana,Chianti Classico,Red Blend,2010,90,90-94 Ottimo,25.0,3. Da 25 a 39,Kerin O'Keefe,"Ripe plum, blackberry, vanilla and espresso aromas lead the nose. On the palate, notes of coffee, toast, and star anise wrap around a core of mature black cherry. Polished tannins and fresh acidity provide structure. Drink through 2022.",3.6
1027,Fattoria di Valiano 2011  Chianti Classico,Fattoria di Valiano,Toscana,Chianti Classico,Red Blend,2011,87,87-89 Molto buono,19.0,2. Da 15 a 24,Kerin O'Keefe,"Scorched earth, menthol, cooking spice and mature plum aromas take shape in the glass. The forward palate offers dried black cherry, coffee and licorice alongside smooth, polished tannins. Drink soon to capture the remaining fruit flavor.",4.58
1028,Fattoria la Castellina 2008 Aureo Red (Rosso di Toscana),Fattoria la Castellina,Toscana,Rosso di Toscana,Red Blend,2008,87,87-89 Molto buono,55.0,4. Da 40 a 74,Non indicato,"This blend of Sangiovese, Cabernet Sauvignon and Merlot features a dark ruby color and balanced aromas of black fruit, leather, spice and rum cake. It's fresh and fruity in the mouth, with just the right measure of concentration to pair with lasagna.",1.58
1029,Fattoria la Castellina 2008 Reale Merlot (Toscana),Fattoria la Castellina,Toscana,Toscana,Merlot,2008,86,80-86 Buono,30.0,3. Da 25 a 39,Non indicato,"Reale (100% Merlot) offers sweet cherry and raspberry aromas with light touches of spice and toasted almond in the background. This ruby colored wine offers an easy, fresh and lean feel in the mouth.",2.87
1030,Felsina 2009 Rancia Riserva  (Chianti Classico),Felsina,Toscana,Chianti Classico,Sangiovese,2009,88,87-89 Molto buono,53.0,4. Da 40 a 74,Kerin O'Keefe,"Rancia Riserva opens with ripe plum, red currant and bell pepper aromas. The palate shows flavors of black fruit, chocolate and soy sauce alongside coffee and oak notes. It has nervous energy and intensity, but should develop nicely over the next few years.",1.66
1031,Ferrero 2007  Brunello di Montalcino,Ferrero,Toscana,Brunello di Montalcino,Sangiovese Grosso,2007,88,87-89 Molto buono,50.0,4. Da 40 a 74,Non indicato,"Showing youthful oak tones that still need time to integrate, this wine is a bit sour and ripe at the same time. Black cherry, tobacco, leather and spice aromas are nice, but the tannins are firm, and the wine shows a bright point of acidity on the close and a",1.76
1032,Ferrero 2008  Brunello di Montalcino,Ferrero,Toscana,Brunello di Montalcino,Sangiovese Grosso,2008,88,87-89 Molto buono,40.0,4. Da 40 a 74,Non indicato,"Despite the cool growing season in 2008, this Brunello shows ripe aromas of cherry and plump black fruit. Softer tones of spice and graham cracker fill in the rear, and ultimately the wine's crisp acidity comes as a surprise.",2.2
1033,Ferrero 2010  Brunello di Montalcino,Ferrero,Toscana,Brunello di Montalcino,Sangiovese,2010,87,87-89 Molto buono,60.0,4. Da 40 a 74,Kerin O'Keefe,"Aromas suggest oak, vanilla, plum, espresso and coconut. The tightly wound palate isn't very expressive but offers dried black fruit, roasted coffee bean and clove alongside raspy tannins, with the heat of alcohol on the close.",1.45
1034,Folonari 2011 Torcalvano  (Vino Nobile di Montepulciano),Folonari,Toscana,Vino Nobile di Montepulciano,Sangiovese,2011,90,90-94 Ottimo,27.0,3. Da 25 a 39,Kerin O'Keefe,"Here's a full-bodied, succulent wine with a sunny character that opens with aromas of perfumed berry, blue flower and a hint of cake spice. The smooth, structured palate doles out juicy dark cherry, crushed plum and a hint of mocha alongside velvety tannins. T",3.33
1035,Fontodi 2013 Vigna del Sorbo Gran Selezione  (Chianti Classico),Fontodi,Toscana,Chianti Classico,Sangiovese,2013,94,90-94 Ottimo,80.0,5. 75 e oltre,Kerin O'Keefe,"Initially closed, this elegant vibrant red slowly reveals alluring aromas of mature black-skinned fruit, French oak, violet and a whiff of new leather. The full-bodied polished palate delivers ripe black cherry, chopped mint, star anise and pipe tobacco alongs",1.18
1036,Fornacelle 2015  Vernaccia di San Gimignano,Fornacelle,Toscana,Vernaccia di San Gimignano,Vernaccia,2015,89,87-89 Molto buono,15.0,2. Da 15 a 24,Kerin O'Keefe,"Hawthorn, honeysuckle and white stone fruit aromas meld together on this mouthwatering white. The rounded medium-bodied palate offers ripe yellow apple, yellow pear and juicy tangerine alongside a hint of bitter almond. Fresh acidity lifts the creamy flavors.",5.93
1037,Fossacolle 2011  Rosso di Montalcino,Fossacolle,Toscana,Rosso di Montalcino,Sangiovese,2011,87,87-89 Molto buono,19.0,2. Da 15 a 24,Kerin O'Keefe,"Made from Sangiovese, this savory wine opens with earthy underbrush and berry aromas, accented by a whiff of spice. The palate offers bright cherry layered with licorice and espresso notes. Pair this with pasta topped with meat sauces.",4.58
1038,Franci 2012  Brunello di Montalcino,Franci,Toscana,Brunello di Montalcino,Sangiovese,2012,89,87-89 Molto buono,90.0,5. 75 e oltre,Kerin O'Keefe,"Subdued aromas suggesting forest floor, leather, stewed plum and exotic spice lead the nose. The dense concentrated palate shows black cherry extract, prune and licorice alongside compact tannins. You'll also notice the heat of evident alcohol.",0.99
1039,G.A. Rossi di Medelana 2007 Lupicaia Red (Toscana),G.A. Rossi di Medelana,Toscana,Toscana,Red Blend,2007,94,90-94 Ottimo,160.0,5. 75 e oltre,Kerin O'Keefe,"A blend of 85% Cabernet Sauvignon, 10% Merlot and 5% Petit Verdot, this opens with aromas of mature blackberries, blueberries, cedar, aromatic dried herbs and black pepper. On the smooth palate, notes of exotic spice, licorice, menthol and espresso accent the ",0.59
1040,Gabriele Valeriani 2010 Morone  (Vino Nobile di Montepulciano),Gabriele Valeriani,Toscana,Vino Nobile di Montepulciano,Red Blend,2010,90,90-94 Ottimo,24.0,2. Da 15 a 24,Kerin O'Keefe,"Earthy aromas of truffle, leather, tar, crushed plum and a hint of mocha lead the nose. The vibrant palate delivers black cherry, raspberry, graphite, tobacco and a licorice note alongside firm, polished tannins. Enjoy through 2018.",3.75
1041,Gianni Brunelli 2008 Le Chiuse di Sotto  (Brunello di Montalcino),Gianni Brunelli,Toscana,Brunello di Montalcino,Sangiovese Grosso,2008,91,90-94 Ottimo,65.0,4. Da 40 a 74,Non indicato,"This opens with a pretty garnet color and subtle aromas of spice, crème de cassis, leather and tobacco. The wine shows compact lines with tight structure, bright acidity and a lingering note of smoky ash on the close. The style is traditional, sour and bright.",1.4
1042,Gianni Brunelli 2010 Riserva  (Brunello di Montalcino),Gianni Brunelli,Toscana,Brunello di Montalcino,Sangiovese,2010,97,95-100 Eccezionale,100.0,5. 75 e oltre,Kerin O'Keefe,"Underbrush, dark-skinned berry, chopped mint and cooking spice aromas lead the way on this fabulous, structured wine. The full-bodied palate delivers a juicy core of ripe black cherry while white pepper, cinnamon, dried herb and a balsamic note provide the bac",0.97
1043,Gianni Brunelli 2012  Rosso di Montalcino,Gianni Brunelli,Toscana,Rosso di Montalcino,Sangiovese,2012,92,90-94 Ottimo,27.0,3. Da 25 a 39,Kerin O'Keefe,"This opens with an intense fragrance of perfumed berries, crushed blue flower, hints of Mediterranean herbs and a whiff of new leather. The ripe palate brings together juicy wild cherry layered with notes of baking spices alongside supple tannins and just enou",3.41
1044,Giorgio Meletti Cavallari 2009 Borgeri  (Bolgheri),Giorgio Meletti Cavallari,Toscana,Bolgheri,Red Blend,2009,85,80-86 Buono,30.0,3. Da 25 a 39,Non indicato,"There's a touch of smoke, ash or sulfur at the very beginning that never fully blows away. In the mouth, this blend of Cabernet Sauvignon, Merlot and Syrah offers ripe cherry and blackberry flavors, with hints of black pepper and bitter almond.",2.83
1045,Grattamacco 2010  Bolgheri Superiore,Grattamacco,Toscana,Bolgheri Superiore,Red Blend,2010,94,90-94 Ottimo,105.0,5. 75 e oltre,Kerin O'Keefe,"A blend of 65% Cabernet Sauvignon, 20% Merlot and 15% Sangiovese, this opens with a beautiful fragrance of violet, iris, exotic incense, cedar and black currants. The plush palate delivers a core of juicy black cherry and red currant accented with black pepper",0.9
1046,Grattamacco 2011  Bolgheri Superiore,Grattamacco,Toscana,Bolgheri Superiore,Red Blend,2011,93,90-94 Ottimo,108.0,5. 75 e oltre,Kerin O'Keefe,"Aromas of violet, underbrush, graphite, mature dark fruit and Asian spice lead the nose on this blend of 65% Cabernet Sauvignon, 20% Merlot and 15% Sangiovese. The ripe, smooth palate offers crushed plum, black cherry, clove and ground pepper alongside velvety",0.86
1047,Guado al Melo 2011 Jassarte Red (Toscana),Guado al Melo,Toscana,Toscana,Red Blend,2011,85,80-86 Buono,60.0,4. Da 40 a 74,Kerin O'Keefe,"This opens with aromas of scorched earth, cooked black-skinned fruit and a funky whiff of barnyard. The aromas carry over to the palate along with notes of prune, overripe black fruit and green sensations that recall powdered sage. It's on the rustic side, whi",1.42
1048,Guado al Melo 2013 Bacco in Toscana Red (Toscana),Guado al Melo,Toscana,Toscana,Red Blend,2013,87,87-89 Molto buono,18.0,2. Da 15 a 24,Kerin O'Keefe,"Bright berry and dark spice aromas waft out of the glass. A blend of Sangiovese and Syrah, the easy-drinking palate delivers blackberries, crushed raspberries and ground pepper alongside polished tannins. Drink soon.",4.83
1049,Guado al Tasso 2010  Bolgheri Superiore,Guado al Tasso,Toscana,Bolgheri Superiore,Red Blend,2010,94,90-94 Ottimo,110.0,5. 75 e oltre,Kerin O'Keefe,"Antinori's blend of 55% Cabernet Sauvignon, 30% Merlot and 15% Cabernet Franc creates a vibrant, structured wine that shows tension and energy. It opens with aromas of black cherry, black currant, dark spices and leather that carry through to the palate alongs",0.85
1050,Gualdo del Re 2007 Federico Primo Cabernet Sauvignon (Val di Cornia Suvereto),Gualdo del Re,Toscana,Val di Cornia Suvereto,Cabernet Sauvignon,2007,91,90-94 Ottimo,40.0,4. Da 40 a 74,Non indicato,"Federico Primo is a consistent expression of Cabernet Sauvignon that doles out generous layers of plum and blackberry, backed by spicy tones of pipe tobacco and juniper. The oak-derived nuances add extra dimension and length to the finish.",2.28
1051,Guicciardini Strozzi 2004 A Solo  (Maremma),Guicciardini Strozzi,Toscana,Maremma,Petit Verdot,2004,92,90-94 Ottimo,55.0,4. Da 40 a 74,Non indicato,"This expression of Petit Verdot from Maremma in southern Tuscany boasts thick concentration and lively aromas of prune, plum, black fruit, root beer, peppercorn and licorice. It's still raw in the mouth and needs time; drink after 2010.",1.67
1052,I Balzini 2004 Black Label Red (Colli della Toscana Centrale),I Balzini,Toscana,Colli della Toscana Centrale,Red Blend,2004,90,90-94 Ottimo,55.0,4. Da 40 a 74,Non indicato,"This blend of Cab, Sangiovese and Merlot has a fruity, almost sweet nose that recalls almond paste or Amaretto, with tones of blueberry and raspberry in the background. It's a fruitier, more immediate wine with pretty renderings of oak and toasted nut in the b",1.64
1053,I Fabbri 2012 Olinto  (Chianti Classico),I Fabbri,Toscana,Chianti Classico,Red Blend,2012,89,87-89 Molto buono,18.0,2. Da 15 a 24,Kerin O'Keefe,"Mature dark-skinned berry, forest floor, truffle and chopped herb aromas unfold in the glass. The chewy palate doles out juicy black cherry, blackberry, licorice and an earthy hint of game alongside firm tannins.",4.94
1054,I Giusti e Zanza 2009 Dulcamara Red (Toscana),I Giusti e Zanza,Toscana,Toscana,Red Blend,2009,92,90-94 Ottimo,41.0,4. Da 40 a 74,Kerin O'Keefe,"This delicious blend of Cabernet Sauvignon, Merlot and Petit Verdot opens with an intense, brooding fragrance of dark fruit, spice and leather. The palate delivers a concentrated black-cherry flavor that's framed by big, chewy tannins and punctuated by spicy a",2.24
1055,I Giusti e Zanza 2012 Nemorino Rosato Syrah (Toscana),I Giusti e Zanza,Toscana,Toscana,Syrah,2012,88,87-89 Molto buono,18.0,2. Da 15 a 24,Kerin O'Keefe,"This deeply colored Tuscan rosato, made entirely from Syrah, opens with a lovely fragrance of blue flower, red berry and spice. The vibrant palate delivers crisp acidity and flavors of raspberry, blueberry and white pepper.",4.89
1056,I Giusti e Zanza 2012 Dulcamara Red (Toscana),I Giusti e Zanza,Toscana,Toscana,Red Blend,2012,90,90-94 Ottimo,60.0,4. Da 40 a 74,Kerin O'Keefe,"Made with Cabernet Sauvignon, Merlot and a drop of Petit Verdot, this deeply colored wine offers aromas black plum, dried cherry and clove. The round, ripe palate doles out mature black cherry, blackberry, licorice and black pepper alongside firm, chewy tannin",1.5
1057,I Sodi 2008  Vin Santo del Chianti Classico,I Sodi,Toscana,Vin Santo del Chianti Classico,White Blend,2008,91,90-94 Ottimo,40.0,4. Da 40 a 74,Kerin O'Keefe,"Made with dried Malvasia and Trebbiano grapes, this offers intense aromas of candied fruit and maple syrup. The concentrated palate doles out dried apricot, caramel, pine nut and lavender honey. Fresh acidity brightens the sweet flavors and lends balance.",2.28
1058,I Sodi 2010 Riserva  (Chianti Classico),I Sodi,Toscana,Chianti Classico,Red Blend,2010,86,80-86 Buono,45.0,4. Da 40 a 74,Kerin O'Keefe,"Burned tire rubber, oak, espresso and roasted coffee bean lead the nose on this extracted wine. The dense, monolithic palate offers sweet vanilla, toasted oak, chocolate, stewed prunes marinated in spirits, and overripe, sugary plum. It's already evolved and l",1.91
1059,I Sodi 2012 Soprasassi Canaiolo (Toscana),I Sodi,Toscana,Toscana,Canaiolo,2012,89,87-89 Molto buono,60.0,4. Da 40 a 74,Kerin O'Keefe,"Made entirely from native grape Canaiolo, this opens with delicate aromas of black-skinned berry, hay and a whiff of cooking spice. The dense palate delivers blackberry jam, cedar and licorice alongside crunchy tannins. Enjoy through 2020.",1.48
1060,I Veroni 2008  Chianti Rufina,I Veroni,Toscana,Chianti Rufina,Sangiovese,2008,86,80-86 Buono,15.0,2. Da 15 a 24,Non indicato,"This fresh and food-friendly Chianti Rufina opens with lively berry nuances, forest floor and white almond. The wine is crisp and zesty overall.",5.73
1061,Il Bosco di Grazia 2010 Il Bosco di Grazia Riserva  (Brunello di Montalcino),Il Bosco di Grazia,Toscana,Brunello di Montalcino,Sangiovese,2010,89,87-89 Molto buono,90.0,5. 75 e oltre,Kerin O'Keefe,"Aromas of stewed plum, leather, truffle and dark spice lead the nose. The full-bodied palate offers dried cherry, orange zest and a hint of licorice alongside assertive tannins that leave a firm finish. Give the tannins another year or two to unwind a little t",0.99
1062,Il Bosco di Grazia 2012  Brunello di Montalcino,Il Bosco di Grazia,Toscana,Brunello di Montalcino,Sangiovese,2012,89,87-89 Molto buono,58.0,4. Da 40 a 74,Kerin O'Keefe,"This offers subtle black-skinned fruit, leafy underbrush and cooking spice aromas. The dense, forward palate shows dried cherry, blackberry jam and licorice notes, with assertive tannins that leave a firm finish. Drink through 2022.",1.53
1063,Il Colombaio di Santa Chiara 2014 Campo della Pieve  (Vernaccia di San Gimignano),Il Colombaio di Santa Chiara,Toscana,Vernaccia di San Gimignano,Vernaccia,2014,87,87-89 Molto buono,24.0,2. Da 15 a 24,Kerin O'Keefe,"Made with organically farmed grapes, this has aromas suggesting acacia honey and toasted nut. The aromas carry over to the palate along with mature yellow apple and a marked note of bitter almond. Zesty acidity lifts the finish.",3.62
1064,Il Conventino 2014  Rosso di Montepulciano,Il Conventino,Toscana,Rosso di Montepulciano,Red Blend,2014,86,80-86 Buono,22.0,2. Da 15 a 24,Kerin O'Keefe,"Made with 85% Sangiovese and 15% Colorino and Canaiolo-all organically grown-this straightforward red opens with aromas of violet and black cherry. The vibrant, simple palate offers raspberry and a note of white pepper alongside chewy tannins and nervous acidi",3.91
1065,Il Marroneto 2007  Brunello di Montalcino,Il Marroneto,Toscana,Brunello di Montalcino,Sangiovese Grosso,2007,89,87-89 Molto buono,68.0,4. Da 40 a 74,Non indicato,"Nice ripeness, fullness and generosity here. The bouquet opens with bold brushstrokes that don't match the delicate, subdued feel in the mouth. It delivers most of its energy on the nose and segues to a much calmer, more straightforward style on the close.",1.31
1066,Il Marroneto 2009 Ignaccio  (Rosso di Montalcino),Il Marroneto,Toscana,Rosso di Montalcino,Sangiovese Grosso,2009,88,87-89 Molto buono,33.0,3. Da 25 a 39,Non indicato,Ignaccio is a balanced and fresh Rosso di Montalcino with pretty tones of cherry and dried currant followed by black spice and wet earth. The wine would pair splendidly with pasta and creamy artichoke sauce.,2.67
1067,Il Molino di Grace 2010  Chianti Classico,Il Molino di Grace,Toscana,Chianti Classico,Sangiovese,2010,89,87-89 Molto buono,22.0,2. Da 15 a 24,Kerin O'Keefe,"A bright, lively wine made from Sangiovese, it has classic varietal aromas of blue flower, red berries, spice and just a whiff of leather. The palate delivers ripe red cherry accented with hints of white pepper, clove and cinnamon alongside firm but fine tanni",4.05
1068,Il Palagio 2015 When We Dance  (Chianti),Il Palagio,Toscana,Chianti,Red Blend,2015,89,87-89 Molto buono,18.0,2. Da 15 a 24,Kerin O'Keefe,"This fragrant, red cherry- and sage-scented Chianti is made from organically grown Sangiovese, Canaiolo and Colorino. The easygoing palate delivers raspberry, redcurrant and leather notes, framed by smooth tannins and fresh acidity. It's meant to be enjoyed yo",4.94
1069,Il Palagione 2015 Hydra  (Vernaccia di San Gimignano),Il Palagione,Toscana,Vernaccia di San Gimignano,Vernaccia,2015,88,87-89 Molto buono,10.0,1. Sotto 15,Kerin O'Keefe,"Made with organically farmed grapes, this appealing white offers aromas of fragrant white flower and ripe orchard fruit. The savory succulent palate delivers white peach, citrus, honeydew melon and a mineral note. Fresh acidity brightens the creamy flavors whi",8.8
1070,Il Palagione 2015 Ori Riserva  (Vernaccia di San Gimignano),Il Palagione,Toscana,Vernaccia di San Gimignano,Vernaccia,2015,86,80-86 Buono,14.0,1. Sotto 15,Kerin O'Keefe,"This has subdued aromas of French oak as well as whiffs of orchard fruit and pressed acacia flower. On the palate, oak-driven spice, toast and bitter almond take center stage while notes of citrus zest and a hint of lemon drop peak through.",6.14
1071,Il Poggiolo 2009 Annata  (Brunello di Montalcino),Il Poggiolo,Toscana,Brunello di Montalcino,Sangiovese,2009,88,87-89 Molto buono,60.0,4. Da 40 a 74,Kerin O'Keefe,"This plump Brunello offers layered aromas of black plum, mature berry, vanilla, and balsamic notes with a hint of leather. The ripe, one-dimensional palate first reveals rich, sweet black cherry, black pepper and cocoa but concludes rather abruptly with a dryi",1.47
1072,Il Poggione 2014 Leopoldo Franceschi  (Rosso di Montalcino),Il Poggione,Toscana,Rosso di Montalcino,Sangiovese,2014,87,87-89 Molto buono,50.0,4. Da 40 a 74,Kerin O'Keefe,"Aromas of red berry, chopped herb, moist underbrush and new leather lead the way. The firm palate is less inviting than the nose, offering dried cherry, roasted coffee bean and grilled sage set against bracing grainy tannins that leave a somewhat raspy finish.",1.74
1073,Il Sassolo 2011 Santa Cristina a Mezzana  (Carmignano),Il Sassolo,Toscana,Carmignano,Red Blend,2011,88,87-89 Molto buono,18.0,2. Da 15 a 24,Kerin O'Keefe,"This medium-bodied blend of 70% Sangiovese, 25% Cabernet Sauvignon and 5% Merlot offers mature berry and baking spice aromas. On the palate, round tannins temper the ripe black cherry, vanilla and coffee flavors. Drink through 2018.",4.89
1074,Il Valentiano 2011 Campo di Marzo  (Brunello di Montalcino),Il Valentiano,Toscana,Brunello di Montalcino,Sangiovese,2011,90,90-94 Ottimo,25.0,3. Da 25 a 39,Kerin O'Keefe,"Leather, aromatic herb, mature dark-skinned fruit and a balsamic note take center stage. The full-bodied palate shows ripe wild cherry, black raspberry, mint and anise framed in enveloping refined tannins. Drink 2018-2023.",3.6
1075,Isole e Olena 2005  Chianti Classico,Isole e Olena,Toscana,Chianti Classico,Sangiovese,2005,88,87-89 Molto buono,22.0,2. Da 15 a 24,Non indicato,"This Chianti Classico strikes a beautiful balance between elegance and intensity. It has both and its pretty aromas of wild berry, rose, ginger, anise and spice come forth in a continuous, steady manner. It feels bright and lively in the mouth and ends with a ",4.0
1076,Isole e Olena 2012 Cepparello Sangiovese (Toscana),Isole e Olena,Toscana,Toscana,Sangiovese,2012,95,95-100 Eccezionale,80.0,5. 75 e oltre,Kerin O'Keefe,"Delicious and loaded with finesse, this offers enticing scents of rose, violet, chopped herb, dark-skinned berry and a whiff of exotic spice. The smooth structured palate delivers juicy red cherry, crushed raspberry, star anise, and white pepper alongside poli",1.19
1077,Isole e Olena 2012  Chianti Classico,Isole e Olena,Toscana,Chianti Classico,Red Blend,2012,92,90-94 Ottimo,29.0,3. Da 25 a 39,Kerin O'Keefe,"Here's a structured but elegant wine that opens with aromas of wild berry, mint, clove and a balsamic note. The firm, fresh palate offers dried black cherry, raspberry, menthol, white pepper, grilled herb and a note of well-integrated oak while velvety tannins",3.17
1078,Isole e Olena 2013  Chianti Classico,Isole e Olena,Toscana,Chianti Classico,Red Blend,2013,90,90-94 Ottimo,29.0,3. Da 25 a 39,Kerin O'Keefe,"You'll find aromas of underbrush, clove, red berry, blue flower and a whiff of toast on this elegant expression of the 2013 vintage. The bright, sleek palate delivers juicy wild cherry, ground pepper and coffee alongside fresh acidity and polished, fine-graine",3.1
1079,Jacopo Biondi-Santi 2007 Castello di Montepò  (Morellino di Scansano),Jacopo Biondi-Santi,Toscana,Morellino di Scansano,Sangiovese,2007,88,87-89 Molto buono,29.0,3. Da 25 a 39,Non indicato,"Sangiovese Grosso (specifically the BBS11 clone identified by Biondi-Santi) is enhanced with 5% Cabernet Sauvignon to produce a thickly structured wine with aromas of smoked beef, mature cherry and moist earth.",3.03
1080,Kirkland Signature 2004 Tuscany Red (Toscana),Kirkland Signature,Toscana,Toscana,Red Blend,2004,87,87-89 Molto buono,20.0,2. Da 15 a 24,Non indicato,"Here is a masculine and robust blend of Sangiovese, Cab Sauvignon and Merlot that exhibits thick concentration and aromas of exotic spices, cherry, prune, plum, vanilla and Amaretto. The nose is gorgeous but the mouthfeel is less convincing, with firm tannins.",4.35
1081,Kirkland Signature 2010  Brunello di Montalcino,Kirkland Signature,Toscana,Brunello di Montalcino,Sangiovese,2010,88,87-89 Molto buono,25.0,3. Da 25 a 39,Kerin O'Keefe,"Garnet colored with a light brick rim, this opens with aromas of leafy underbrush, leather and a whiff of menthol. The palate is straightforward for a Brunello and already surprisingly accessible, offering dried wild cherry, licorice and a hint of baking spice",3.52
1082,L'Antica Fornace di Ridolfo 2010 Cantalici  (Chianti Classico),L'Antica Fornace di Ridolfo,Toscana,Chianti Classico,Red Blend,2010,89,87-89 Molto buono,20.0,2. Da 15 a 24,Non indicato,"This is indeed a very enjoyable Chianti Classico that shows bright fruit nuances of cherry and blackberry followed by spice, leather and dried tobacco. In the mouth, the wine is smooth, medium in intensity but also bright and fresh.",4.45
1083,La Braccesca 2012  Vino Nobile di Montepulciano,La Braccesca,Toscana,Vino Nobile di Montepulciano,Red Blend,2012,90,90-94 Ottimo,25.0,3. Da 25 a 39,Kerin O'Keefe,"Sangiovese and 10% Merlot are behind this vibrant, medium-bodied red. Aromas of ripe plum and clove follow through to the firm palate alongside juicy black cherry, ripe raspberry, ground pepper and grilled herb. It's interwoven with tightly knit but polished t",3.6
1084,La Braccesca 2013  Vino Nobile di Montepulciano,La Braccesca,Toscana,Vino Nobile di Montepulciano,Red Blend,2013,91,90-94 Ottimo,25.0,3. Da 25 a 39,Kerin O'Keefe,"Wild berry, tilled earth, new leather and truffle aromas lead the nose of this vibrant red. The linear palate offers tart cherry, cranberry, white pepper and clove flavors, framed by tightly wound, polished tannins and firm acidity. Give it time to fully come ",3.64
1085,La Calonica 2010  Vino Nobile di Montepulciano,La Calonica,Toscana,Vino Nobile di Montepulciano,Red Blend,2010,87,87-89 Molto buono,29.0,3. Da 25 a 39,Kerin O'Keefe,"This earthy wine unfolds with aromas of wet soil, leather, underbrush, mature black fruit and just a whiff of barnyard. The warm, dense palate doles out overripe and sugary black cherry extract, milk chocolate and cinnamon.",3.0
1086,La Castellina 2011 Squarcialupi Riserva  (Chianti Classico),La Castellina,Toscana,Chianti Classico,Red Blend,2011,88,87-89 Molto buono,39.0,3. Da 25 a 39,Kerin O'Keefe,"A blend of 90% Sangiovese, 5% Cabernet Sauvignon and 5% Merlot, this opens with earthy aromas of truffle, scorched earth, violet and a touch of dark spice. The palate offers dried black cherry and ground pepper alongside fine-grained tannins. It also shows the",2.26
1087,La Ciarliana 2010  Vino Nobile di Montepulciano,La Ciarliana,Toscana,Vino Nobile di Montepulciano,Red Blend,2010,85,80-86 Buono,26.0,3. Da 25 a 39,Kerin O'Keefe,"This has an earthy nose of truffle and tobacco leaf, with a hint of leather. The palate shows some rustic notes along with overripe plum, black berry and spice. While this has tight, drying tannins, the fruit and freshness are evolved.",3.27
1088,La Cignozza 2009 Riserva  (Chianti),La Cignozza,Toscana,Chianti,Red Blend,2009,85,80-86 Buono,23.0,2. Da 15 a 24,Kerin O'Keefe,"Aromas of tilled earth, leather, ripe black-skinned fruit and a gamey note set the stage for this funky wine. The overripe palate displays fleshy black plum, dried blue flowers and bitter barnyard sensations set against a backdrop of soft acidity. Drying, astr",3.7
1089,La Collina dei Lecci 2012  Rosso di Montalcino,La Collina dei Lecci,Toscana,Rosso di Montalcino,Sangiovese,2012,88,87-89 Molto buono,15.0,2. Da 15 a 24,Kerin O'Keefe,"This savory Rosso weaves together sensations of Morello cherry, wild strawberry and crushed raspberry lightly accented with notes of cinnamon and clove. It's round and ready to enjoy now with hearty Tuscan soups or mildly seasoned pecorino cheese.",5.87
1090,La Collina dei Lecci 2012  Brunello di Montalcino,La Collina dei Lecci,Toscana,Brunello di Montalcino,Sangiovese,2012,88,87-89 Molto buono,40.0,4. Da 40 a 74,Kerin O'Keefe,"This opens with black plum, truffle and coffee aromas. The palate feels evolved, its flavors veering to prune, anise and tobacco. The tannins are close-grained but not very persistent. Drink through 2021.",2.2
1091,La Fornace 2007  Rosso di Montalcino,La Fornace,Toscana,Rosso di Montalcino,Sangiovese Grosso,2007,87,87-89 Molto buono,23.0,2. Da 15 a 24,Non indicato,"Lean and compact with subdued aromas of cherry and wild berry, this is an informal Rosso to drink with roast chicken or home-cooked meatloaf. The wine is smooth and rich on the palate and it offers a cleaning touch of acidity on the finish.",3.78
1092,La Fornace 2008  Brunello di Montalcino,La Fornace,Toscana,Brunello di Montalcino,Sangiovese Grosso,2008,89,87-89 Molto buono,65.0,4. Da 40 a 74,Non indicato,"An inky dark color sets the stage for this thickly extracted Brunello. Oak-inspired shadings of clove, nutmeg and toast appear at first and are slowly followed by dark cherry, blackberry and currant. Despite all that color and aromatic intensity, the wine seem",1.37
1093,La Fortuna 2011  Brunello di Montalcino,La Fortuna,Toscana,Brunello di Montalcino,Sangiovese,2011,89,87-89 Molto buono,60.0,4. Da 40 a 74,Kerin O'Keefe,"Aromas of menthol, mature dark-skinned berry and a whiff of cellar floor lead the way. On the palate, notes of coffee, white pepper and grilled herb accent fleshy wild cherry alongside solid, assertive tannins.",1.48
1094,La Gerla 2009  Brunello di Montalcino,La Gerla,Toscana,Brunello di Montalcino,Sangiovese,2009,90,90-94 Ottimo,50.0,4. Da 40 a 74,Kerin O'Keefe,"Aromas recall pine forest, balsam, black berries, sandalwood and menthol. The palate delivers rich red and black cherry layered with black pepper, toast and chocolate alongside bracing, teeth-coating tannins.",1.8
1095,La Madonnina 2009 La Palaia  (Chianti Classico),La Madonnina,Toscana,Chianti Classico,Red Blend,2009,86,80-86 Buono,25.0,3. Da 25 a 39,Kerin O'Keefe,"A of blend of 85% Sangiovese and 15% Cabernet Sauvignon, this opens with aromas of oak, sawdust, espresso and black fruit. The palate shows overripe cherry, oak extract and sweet, sugary vanilla alongside astringent wood tannins.",3.44
1096,La Mannella 2005  Brunello di Montalcino,La Mannella,Toscana,Brunello di Montalcino,Sangiovese Grosso,2005,93,90-94 Ottimo,55.0,4. Da 40 a 74,Non indicato,"Here is a rich and dense style of Brunello with bright berry tones and ripe cherry followed by cedar, cola and spice. The wine is rich and opulent in the mouth with great intensity, soft tannins and well integrated acidity. La Mannella really steps forward in ",1.69
1097,La Pieve 2009  Brunello di Montalcino,La Pieve,Toscana,Brunello di Montalcino,Sangiovese,2009,87,87-89 Molto buono,60.0,4. Da 40 a 74,Kerin O'Keefe,"Aromas that recall raisin, tilled soil and baking spices carry over to the palate together with prune and black pepper. It's rather forward with evolved, fleeting tannins. Drink over the next few years.",1.45
1098,La Poderina 2007  Brunello di Montalcino,La Poderina,Toscana,Brunello di Montalcino,Sangiovese Grosso,2007,93,90-94 Ottimo,62.0,4. Da 40 a 74,Non indicato,"Opens with dark concentration and syrupy aromas of cherry liqueur, blackberry preserves and cassis concentrate. The wine is soft, plump and chewy, with a smooth, thick quality to its texture that makes it a natural pairing partner to red meat.",1.5
1099,La Poderina 2008 Vendemmia Tardiva  (Moscadello di Montalcino),La Poderina,Toscana,Moscadello di Montalcino,Moscadello,2008,94,90-94 Ottimo,55.0,4. Da 40 a 74,Non indicato,"Light in color and bright in intensity, this luminous late-harvest Moscadello boasts enormous purity of aromas. The wine is also delicate and feminine with tones of yellow rose, vanilla cream and apricot that accent it's thick, creamy texture. Not cloying or t",1.71
1100,La Poderina 2011  Brunello di Montalcino,La Poderina,Toscana,Brunello di Montalcino,Sangiovese,2011,88,87-89 Molto buono,65.0,4. Da 40 a 74,Kerin O'Keefe,"Oak, coconut, toast, espresso, menthol and a whiff of cellar floor are some of the aromas you'll find on this robust red. The big, warm palate offers raisin, date, licorice and roasted coffee bean. Teeth-coating tannins leave an astringent finish while the hea",1.35
1101,La Porta di Vertine 2010  Chianti Classico,La Porta di Vertine,Toscana,Chianti Classico,Red Blend,2010,83,80-86 Buono,30.0,3. Da 25 a 39,Kerin O'Keefe,"This wine shows both sweet and bitter sensations that include ripe fruit aromas along with rustic farmyard notes. The palate shows overripe plum and vanilla extract framed by green, bitter tannins.",2.77
1102,La Rasina 2007  Brunello di Montalcino,La Rasina,Toscana,Brunello di Montalcino,Sangiovese Grosso,2007,89,87-89 Molto buono,48.0,4. Da 40 a 74,Non indicato,"A bold, inky-black style that is slightly overdone and a touch overripe. Despite aromas of blackberry preserves, prune and rum cake, this is a strongly masculine wine that puts its savory side first. The close is packed tight with smoked bacon and cured beef a",1.85
1103,La Regola 2004 Vallino delle Conche Red (Montescudaio),La Regola,Toscana,Montescudaio,Red Blend,2004,91,90-94 Ottimo,26.0,3. Da 25 a 39,Non indicato,"Gorgeous fine-tuning has shaped a vibrant wine that is rich in complexity. Aromas include blackberry, cigar box, espresso bean and the wine ends with thick, chewy tannins. There is meat on this wine's bones yet it closes crisp and fresh, not heavy.",3.5
1104,La Selva 2011 Colli dell'Uccellina  (Morellino di Scansano),La Selva,Toscana,Morellino di Scansano,Red Blend,2011,86,80-86 Buono,26.0,3. Da 25 a 39,Kerin O'Keefe,"Made from a blend of Sangiovese (85%) and Merlot (15%), this Morellino discloses aromas of incense and exotic Asian spices together with toasted oak. The palate shows raspberry and plum layered with espresso and coffee alongside astringent tannins. It closes o",3.31
1105,La Togata 2010 Riserva  (Brunello di Montalcino),La Togata,Toscana,Brunello di Montalcino,Sangiovese,2010,90,90-94 Ottimo,120.0,5. 75 e oltre,Kerin O'Keefe,"Aromas of scorched earth, leather, ground pepper, porcini mushroom and mature berry lead the nose. The aromas carry over to the ripe palate along with raspberry jam, vanilla and chocolate. It's already accessible. Drink through 2023.",0.75
1106,La Velona 2006  Brunello di Montalcino,La Velona,Toscana,Brunello di Montalcino,Sangiovese Grosso,2006,91,90-94 Ottimo,55.0,4. Da 40 a 74,Non indicato,"This elegant Brunello opens with a ruby-garnet color and offers enticing aromas of mature berry fruit, cedar, and a touch of cola or tar. There's a smoky, mineral note in the mouth and although the texture it not too dense, it delivers a soft, sophisticated ed",1.65
1107,Lamole di Lamole 2011 Riserva  (Chianti Classico),Lamole di Lamole,Toscana,Chianti Classico,Red Blend,2011,90,90-94 Ottimo,25.0,3. Da 25 a 39,Kerin O'Keefe,"Pressed violet, tilled soil, menthol and wild berry aromas waft out of the glass. The juicy palate doles out ripe black cherry, crushed raspberry, cinnamon and licorice alongside polished, fine-grained tannins that lend structure and elegance.",3.6
1108,Lanciola 2012 Le Masse di Greve  (Chianti Classico),Lanciola,Toscana,Chianti Classico,Red Blend,2012,89,87-89 Molto buono,19.0,2. Da 15 a 24,Kerin O'Keefe,"Dried black-skinned fruit, spice, violet and game aromas take shape on this easy-drinking wine. On the round palate, savory notes of white pepper, truffle and clove accent the juicy black cherry core while polished tannins provide the backdrop. Drink through 2",4.68
1109,Le Buche 2008 Olivi Cantine Pugnitello (Toscana),Le Buche,Toscana,Toscana,Pugnitello,2008,89,87-89 Molto buono,49.0,4. Da 40 a 74,Non indicato,"You won't find many wines made with the Pugnitello grape (a native variety of Tuscany) and that's what is special about this bottle. The wine shows ripe fruit, blackberry and a soft, velvety texture.",1.82
1110,Le Bèrne 2014  Rosso di Montepulciano,Le Bèrne,Toscana,Rosso di Montepulciano,Sangiovese,2014,86,80-86 Buono,16.0,2. Da 15 a 24,Kerin O'Keefe,"Made with 100% Sangiovese, this easygoing wine has subdued aromas of blue flower and strawberry. The straightforward palate shows crushed red cherry, leather and a sprinkling of cake spice.",5.38
1111,Le Casalte 2005  Vino Nobile di Montepulciano,Le Casalte,Toscana,Vino Nobile di Montepulciano,Prugnolo Gentile,2005,87,87-89 Molto buono,35.0,3. Da 25 a 39,Non indicato,"This saturated wine has that squeaky clean, polished aroma of rubber boots in the foreground of black cherry, currant berry and exotic spice. The wine has smoky tannins and nice spice flavors over an easy, approachable mouthfeel.",2.49
1112,Le Casalte 2010  Vino Nobile di Montepulciano,Le Casalte,Toscana,Vino Nobile di Montepulciano,Red Blend,2010,89,87-89 Molto buono,31.0,3. Da 25 a 39,Kerin O'Keefe,"Aromas of underbrush, leather, tar and game lead the nose. The earthy aromas carry over to the palate along with mature plum, juicy black cherry, truffle, tobacco and graphite. Smooth tannins soften up the wine's rustic, forward nature.",2.87
1113,Le Gode 2010  Brunello di Montalcino,Le Gode,Toscana,Brunello di Montalcino,Sangiovese,2010,93,90-94 Ottimo,75.0,5. 75 e oltre,Kerin O'Keefe,"Nicely balanced and firmly structured, this earthy red opens with classic Sangiovese aromas of tilled soil, pressed blue flower, red berry, herb and a whiff of game. The savory palate delivers juicy black cherry, crushed raspberry, clove, tobacco and licorice ",1.24
1114,Le Macchiole 2011 Messorio Merlot (Toscana),Le Macchiole,Toscana,Toscana,Merlot,2011,93,90-94 Ottimo,300.0,5. 75 e oltre,Kerin O'Keefe,"Made entirely with Merlot, this full-bodied wine opens with aromas of ripe berry, coffee, vanilla, exotic spice and a whiff of grilled herb. The concentrated palate doles out fleshy black cherries, juicy raspberries licorice, chocolate and tobacco, while velve",0.31
1115,Le Macchiole 2012 Messorio Merlot (Toscana),Le Macchiole,Toscana,Toscana,Merlot,2012,92,90-94 Ottimo,300.0,5. 75 e oltre,Kerin O'Keefe,"French oak, coconut, cassis, menthol and coffee aromas lead the nose of this structured red. Made entirely from Merlot, it's densely concentrated, offering mature plum, black currant, dried sage, anise and espresso flavors. Firm, close-grained tannins give the",0.31
1116,Le Macchiole 2012 Scrio Syrah (Toscana),Le Macchiole,Toscana,Toscana,Syrah,2012,91,90-94 Ottimo,175.0,5. 75 e oltre,Kerin O'Keefe,"Made entirely with Syrah, this has aromas of mature black-skinned fruit, French oak, leather and cedar. The full-bodied palate offers cured meat, dried blackberry, ground pepper and anise alongside firm, fine-grained tannins.",0.52
1117,Le Macchiole 2012 Rosso  (Bolgheri),Le Macchiole,Toscana,Bolgheri,Red Blend,2012,93,90-94 Ottimo,32.0,3. Da 25 a 39,Kerin O'Keefe,"A blend of Merlot, Cabernet Sauvignon and Syrah, this structured wine opens with aromas of plum, dark-skinned berry and a whiff of clove. The smooth, savory palate doles out black cherry, licorice and tobacco alongside firm, polished tannins.",2.91
1118,Le Macchiole 2013 Scrio Syrah (Toscana),Le Macchiole,Toscana,Toscana,Syrah,2013,91,90-94 Ottimo,175.0,5. 75 e oltre,Kerin O'Keefe,"This 100% Syrah wine opens with ripe black-skinned fruit, roasted coffee, leather and cedar aromas. The full-bodied, concentrated palate offers dried blackberry, espresso, white pepper and star anise flavors, bolstered by ample, polished tannins. Enjoy through",0.52
1119,Le Palaie 2009 Sagrestano Red (Toscana),Le Palaie,Toscana,Toscana,Red Blend,2009,87,87-89 Molto buono,28.0,3. Da 25 a 39,Kerin O'Keefe,"This blend of Sangiovese and Alicante Bouschet holds savory aromas of grilled herb, toast, black fruit, earth and flint. The palate offers dried cherry, toast, mineral and licorice alongside rather drying wood tannins. Drink sooner rather than later to capture",3.11
1120,Le Ragnaie 2008  Rosso di Montalcino,Le Ragnaie,Toscana,Rosso di Montalcino,Sangiovese Grosso,2008,89,87-89 Molto buono,15.0,2. Da 15 a 24,Non indicato,"Le Ragnaie offers an attractively well-balanced Rosso with equal parts spice, dark fruit and tobacco on the nose. In the mouth, this wine is full of dimension and power and its rich berry flavors last a long time.",5.93
1121,Le Regge 2010  Chianti Classico,Le Regge,Toscana,Chianti Classico,Red Blend,2010,84,80-86 Buono,24.0,2. Da 15 a 24,Kerin O'Keefe,"This densely colored wine is still very much on its oak, with toasted coffee bean and sawdust aromas. The palate shows evident wood, vegetal notes and red currant. Green, bitter tannins cut the finish short.",3.5
1122,Leopoldo I di Toscana 2011 Boschivo Red (Toscana),Leopoldo I di Toscana,Toscana,Toscana,Red Blend,2011,90,90-94 Ottimo,51.0,4. Da 40 a 74,Kerin O'Keefe,"A 50-50 blend of Cabernet Sauvignon and Cabernet Franc, this offers aromas of cedar, leafy underbrush, scorched earth, ripe dark fruit and ground black pepper. The palate delivers dried black currants, licorice, mint and tobacco alongside velvety tannins. Drin",1.76
1123,Lisini 2008  Brunello di Montalcino,Lisini,Toscana,Brunello di Montalcino,Sangiovese Grosso,2008,89,87-89 Molto buono,74.0,4. Da 40 a 74,Non indicato,"Oak-driven tones of toasted spice, pipe tobacco and bitter chocolate are followed by balsam tones of licorice, cola and dried ginger. There's a touch of fruity richness followed by crisp acidity and forest berry.",1.2
1124,Livernano 2010 Riserva  (Chianti Classico),Livernano,Toscana,Chianti Classico,Red Blend,2010,88,87-89 Molto buono,40.0,4. Da 40 a 74,Kerin O'Keefe,"This blend of Sangiovese and Merlot starts with aromas of espresso, toasted oak and plum. The palate offers one-dimensional plum and cherry with oak notes alongside firm tannins and uplifting acidity.",2.2
1125,Livernano 2010 L'Anima White (Toscana),Livernano,Toscana,Toscana,White Blend,2010,87,87-89 Molto buono,17.0,2. Da 15 a 24,Non indicato,"L'Anima, which is Italian for ""the soul,"" is a blend of Chardonnay, Sauvignon and Gewürztraminer, and it shows pretty aromas of white flower, honey and exotic fruit. The density and creaminess of the mouthfeel recall the wine's warm-climate Tuscan roots.",5.12
1126,Livio Sassetti 2012  Brunello di Montalcino,Livio Sassetti,Toscana,Brunello di Montalcino,Sangiovese,2012,92,90-94 Ottimo,55.0,4. Da 40 a 74,Kerin O'Keefe,"Bright and loaded with an earthy finesse, this offers alluring scents of wild berry, pressed violet, new leather, aromatic herb and a balsamic note. The ultrarefined palate doles out juicy red cherry, cranberry and star anise set against fresh acidity and firm",1.67
1127,Lornano 2011 Riserva  (Chianti Classico),Lornano,Toscana,Chianti Classico,Sangiovese,2011,88,87-89 Molto buono,36.0,3. Da 25 a 39,Kerin O'Keefe,"Aromas of blackcurrant, spice, menthol, espresso and a whiff of toasted oak lead the nose. The round, chewy palate doles out blackberry jam, licorice, ground black pepper and coffee alongside firm, fine-grained tannins. Showing the heat of the vintage, it's ev",2.44
1128,Luce della Vite 2009  Brunello di Montalcino,Luce della Vite,Toscana,Brunello di Montalcino,Sangiovese,2009,87,87-89 Molto buono,93.0,5. 75 e oltre,Kerin O'Keefe,"This wine smells more like an Amarone than a Brunello. Aromas recall nail varnish, raisin, prune and overripe black fruit with whiffs of toast and espresso. The extracted, one-dimensional palate offers black plum, mature blackberries, oak, vanilla, coffee, and",0.94
1129,Luce della Vite 2014 Lucente Red (Toscana),Luce della Vite,Toscana,Toscana,Red Blend,2014,89,87-89 Molto buono,30.0,3. Da 25 a 39,Kerin O'Keefe,"A blend of Merlot and Sangiovese, this offers aromas of black plum, dried herb, violet and a whiff of baking spice. The vibrant palate doles out juicy black cherry, licorice and a hint of espresso alongside fine-grained, polished tannins and zesty acidity. Dri",2.97
1130,Luiano 2015 Rossoassai Red (Toscana),Luiano,Toscana,Toscana,Red Blend,2015,86,80-86 Buono,11.0,1. Sotto 15,Kerin O'Keefe,"Made entirely with Sangiovese, this opens with delicate aromas of violet and baking spice. The simple easy-drinking palate offers wild cherry and chopped herb alongside round tannins. Enjoy soon.",7.82
1131,Marchesi Antinori 2010 Badia a Passignano Gran Selezione  (Chianti Classico),Marchesi Antinori,Toscana,Chianti Classico,Sangiovese,2010,94,90-94 Ottimo,60.0,4. Da 40 a 74,Kerin O'Keefe,"This opens with subtle aromas of dark berry, tobacco and exotic spice. The vibrant palate is more expressive, delivering a core of juicy black cherry accented by notes of raspberry, white pepper, vanilla, licorice and savory herb. This finessed wine is still y",1.57
1132,Marchesi Antinori 2010 Guado al Tasso Il Bruciato  (Bolgheri),Marchesi Antinori,Toscana,Bolgheri,Red Blend,2010,91,90-94 Ottimo,30.0,3. Da 25 a 39,Non indicato,"A blend of Cabernet Sauvignon, Merlot and Syrah, this shows savory spice, smoked meat and tobacco notes, followed by black-berry, dark cherry and cola. The palate is fresh and clean, but it has enough heft to be paired with grilled meat.",3.03
1133,Marchesi Antinori 2013 Pèppoli  (Chianti Classico),Marchesi Antinori,Toscana,Chianti Classico,Red Blend,2013,89,87-89 Molto buono,25.0,3. Da 25 a 39,Kerin O'Keefe,"You'll find aromas of violet, iris, red berry and baking spice on this savory blend of 90% Sangiovese, Merlot and Syrah. The vibrant palate doles out wild cherry, crushed raspberry, cinnamon and a hint of tobacco alongside polished tannins and bright acidity.",3.56
1134,Marchesi Antinori 2015 Villa Antinori White (Toscana),Marchesi Antinori,Toscana,Toscana,White Blend,2015,87,87-89 Molto buono,14.0,1. Sotto 15,Kerin O'Keefe,"Made predominantly with Trebbiano and Malvasia, along with Pinot Bianco, Pinot Grigio and Riesling Renano, this has inviting aromas of ripe orchard fruit and citrus. The round fruity palate doles out ripe apricot, orange zest and juicy pineapple.",6.21
1135,Marchesi Gondi 2005 Mazzaferrata Cabernet Sauvignon (Colli della Toscana Centrale),Marchesi Gondi,Toscana,Colli della Toscana Centrale,Cabernet Sauvignon,2005,88,87-89 Molto buono,44.0,4. Da 40 a 74,Non indicato,"From a noble Italian family that has been making wine since the 13th century, this oak-aged Tuscan red displays a crisp, clean, linear style. It's a straightforward wine with immediate aromas of red berry, leather and spice.",2.0
1136,Marchesi de' Frescobaldi 2011 Pinot Nero (Pomino),Marchesi de' Frescobaldi,Toscana,Pomino,Pinot Nero,2011,91,90-94 Ottimo,33.0,3. Da 25 a 39,Kerin O'Keefe,"Lovely aromas of rose, violet, perfumed berry, mint and a balsamic note waft from the glass. The elegant palate delivers crushed red cherry, wild strawberry, orange zest, savory herb and cinnamon. It's balanced with fine-grained tannins and loaded with finesse",2.76
1137,Marchesi de' Frescobaldi 2011 Costa di Nugola Vermentino (Toscana),Marchesi de' Frescobaldi,Toscana,Toscana,Vermentino,2011,85,80-86 Buono,18.0,2. Da 15 a 24,Non indicato,"Here's the quintessential Italian white wine to pair with fried calamari or mini pizzas. It offers fresh green notes of lime and garden herb, backed by peach and cantaloupe accents.",4.72
1138,Massimo Daldin 2013 Vigna in Fiore  (Vernaccia di San Gimignano),Massimo Daldin,Toscana,Vernaccia di San Gimignano,Vernaccia,2013,90,90-94 Ottimo,14.0,1. Sotto 15,Kerin O'Keefe,"Aged for six months in casks, this focused white opens with a pretty fragrance of white blossom, Anjou pear and dried herb. The polished, structured palate boasts an impressive depth of flavors, including green apple, nectarine, peach and a touch of crystalize",6.43
1139,Mazzei 2011 Mix36 Sangiovese (Toscana),Mazzei,Toscana,Toscana,Sangiovese,2011,93,90-94 Ottimo,70.0,4. Da 40 a 74,Kerin O'Keefe,"This bright, structured Sangiovese opens with aromas of blue flowers, tilled earth, red and black berries. The savory, silky palate doles out juicy wild cherry, crushed raspberry, clove and licorice alongside supple but chewy tannins. Drink through 2019.",1.33
1140,Mazzei 2013 Belguardo Vermentino (Toscana),Mazzei,Toscana,Toscana,Vermentino,2013,87,87-89 Molto buono,16.0,2. Da 15 a 24,Kerin O'Keefe,"Aromas recall yellow flower, stone fruit and Mediterranean brush. The bright palate doles out yellow peach and citrus zest alongside crisp acidity.",5.44
1141,Mazzei 2013 Siepi Red (Toscana),Mazzei,Toscana,Toscana,Red Blend,2013,91,90-94 Ottimo,140.0,5. 75 e oltre,Kerin O'Keefe,"A blend of Sangiovese and Merlot in equal parts, this concentrated wine opens with aromas of vanilla, ripe black-skinned fruit and mocha. The supple palate offers coconut, toast and black plum alongside velvety tannins.",0.65
1142,Michele Satta 2009  Bolgheri,Michele Satta,Toscana,Bolgheri,Red Blend,2009,88,87-89 Molto buono,30.0,3. Da 25 a 39,Non indicato,"A blend of Cabernet Sauvignon, Sangiovese and Merlot (with small percentages of other varieties mixed in), this extracted wine delivers mature fruit, dried rose petal and dark chocolate. The wine is fresh but gritty and thickly textured as well.",2.93
1143,Michele Satta 2011 Piastraia  (Bolgheri),Michele Satta,Toscana,Bolgheri,Red Blend,2011,90,90-94 Ottimo,45.0,4. Da 40 a 74,Kerin O'Keefe,"A blend of equal parts Sangiovese, Merlot, Cabernet Sauvignon and Syrah, this opens with aromas of mature plum, blackberry, mint, spice and underbrush. The palate delivers espresso, mocha, toasted oak, licorice and dried blackberry alongside firm tannins.",2.0
1144,Michele Satta 2013 Giovin Re Viognier (Toscana),Michele Satta,Toscana,Toscana,Viognier,2013,89,87-89 Molto buono,50.0,4. Da 40 a 74,Kerin O'Keefe,"This full-bodied Viognier opens with aromas of toasted oak, butterscotch, vanilla and mature apricot. On the richly textured palate, notes of vanilla, nut and toast precede creamy white peach and lemon drop.",1.78
1145,Michele Satta 2013 Piastraia  (Bolgheri Superiore),Michele Satta,Toscana,Bolgheri Superiore,Red Blend,2013,93,90-94 Ottimo,70.0,4. Da 40 a 74,Kerin O'Keefe,"A blend of equal parts of Merlot, Syrah, Cabernet Sauvignon and Sangiovese, this opens with mature blackberry, cedar and underbrush aromas. The juicy, creamy palate delivers black cherry, black currant, mint and tobacco flavors, with velvety tannins and a long",1.33
1146,Michele Satta 2014 Rosso  (Bolgheri),Michele Satta,Toscana,Bolgheri,Red Blend,2014,90,90-94 Ottimo,35.0,3. Da 25 a 39,Kerin O'Keefe,"This blend of 30% Cabernet Sauvignon, 30% Sangiovese, 20% Merlot, 10% Syrah and 10% Teroldego opens with violet, cinnamon and Mediterranean herb aromas. The soft, succulent palate delivers raspberry, red cherry and cinnamon flavors, with supple tannins and fre",2.57
1147,Michele Ventura 2007 EA Red (Toscana),Michele Ventura,Toscana,Toscana,Red Blend,2007,89,87-89 Molto buono,21.0,2. Da 15 a 24,Kerin O'Keefe,"Made from fifty-year old Sangiovese and Ciliegiolo vines, this wine has aromas of violet, cherry and earth with whiffs of tobacco leaf and smoke. The palate delivers black cherry, white pepper and nutmeg mingled with balsamic notes. It's smooth with fine tanni",4.24
1148,Mocali 2007  Brunello di Montalcino,Mocali,Toscana,Brunello di Montalcino,Sangiovese Grosso,2007,92,90-94 Ottimo,40.0,4. Da 40 a 74,Non indicato,"Here's an oak-driven Brunello that needs time to evolve-give it five years or more. Glimmers of bright fruit emerge despite the presence of toasted almond, cedar wood and vanilla extract. The wine is concentrated with soft tannins and a lovely rich feel in the",2.3
1149,Mocali 2008 I Piaggioni Sangiovese Grosso (Toscana),Mocali,Toscana,Toscana,Sangiovese Grosso,2008,88,87-89 Molto buono,15.0,2. Da 15 a 24,Non indicato,Mocali is a well-established estate in Montalcino and I Piaggioni is one of its super Tuscan wines. This youthful expression of Sangiovese offers hearty cherry aromas with loads of pretty spice and vanilla at the back.,5.87
1150,Mocali 2012  Brunello di Montalcino,Mocali,Toscana,Brunello di Montalcino,Sangiovese,2012,88,87-89 Molto buono,50.0,4. Da 40 a 74,Kerin O'Keefe,"Earthy aromas of underbrush, used leather, violet and game lead the nose while the straightforward palate offers juicy red cherry, clove and a saline note. Supple tannins and fresh acidity give it an approachable framework. Drink 2018-2024.",1.76
1151,Molinari Carlo 2010  Brunello di Montalcino,Molinari Carlo,Toscana,Brunello di Montalcino,Sangiovese,2010,89,87-89 Molto buono,80.0,5. 75 e oltre,Kerin O'Keefe,"Underbrush, berry, blue flower and rose lead the nose. Still closed, the firm palate eventually reveals dry cherry, licorice and baking spice. A backbone of firm, fine-grained tannins and bright acidity provides support. It closes on a menthol note.",1.11
1152,Molino di Sant'Antimo 2010  Rosso di Montalcino,Molino di Sant'Antimo,Toscana,Rosso di Montalcino,Sangiovese Grosso,2010,87,87-89 Molto buono,20.0,2. Da 15 a 24,Non indicato,"Bright red cherry and chewy blackberry notes are followed by sweet spice, nutmeg and cinnamon. There's a grapy element to the bouquet that underscores the wine's youth and informality.",4.35
1153,Montemercurio 2007 Messaggero  (Vino Nobile di Montepulciano),Montemercurio,Toscana,Vino Nobile di Montepulciano,Sangiovese,2007,92,90-94 Ottimo,35.0,3. Da 25 a 39,Kerin O'Keefe,"Here's an enticing Vino Nobile offering aromas of underbrush, tobacco leaf, ripe cherry and spice. The palate delivers succulent black cherry, plum, cinnamon and nutmeg along with velvety tannins. Although it shows the warmth of the vintage, it still retains e",2.63
1154,Monteverro 2008 Chardonnay (Toscana),Monteverro,Toscana,Toscana,Chardonnay,2008,91,90-94 Ottimo,120.0,5. 75 e oltre,Non indicato,"From southern, coastal Tuscany comes this opulent, richly textured Chardonnay that competes with the best of France and California. Thick layers of yellow rose, vanilla and apricot drive a creamy, long-lasting mouthfeel. The wine delivers sophistication, class",0.76
1155,Monteverro 2008 Terra di Monteverro Red (Toscana),Monteverro,Toscana,Toscana,Red Blend,2008,91,90-94 Ottimo,75.0,5. 75 e oltre,Non indicato,"Terra is the less expensive red from Monteverro, made with a Bordeaux-inspired blend of grapes. This debut vintage shows green spice, black fruit, Greek olive and moist clay. It's an impressive wine, with a thick and determined style.",1.21
1156,Monteverro 2011 Tinata Red (Toscana),Monteverro,Toscana,Toscana,Red Blend,2011,90,90-94 Ottimo,115.0,5. 75 e oltre,Kerin O'Keefe,"A blend of 70% Syrah and 30% Grenache, this robust red opens with aromas of ripe, black-skinned fruit, cedar and ground pepper. The concentrated palate doles out fleshy black cherries and black currants accented by licorice and allspice. Velvety tannins and th",0.78
1157,Morisfarms 2012 Moris  (Morellino di Scansano),Morisfarms,Toscana,Morellino di Scansano,Red Blend,2012,89,87-89 Molto buono,15.0,2. Da 15 a 24,Kerin O'Keefe,"From one of the denomination's leading producers, this wine has a lovely floral and fruit fragrance of violets, iris, and woodland berries punctuated with a note of exotic spices. The straightforward palate offers juicy black cherry, black pepper and clove alo",5.93
1158,Mormoraia 2014  Vernaccia di San Gimignano,Mormoraia,Toscana,Vernaccia di San Gimignano,Vernaccia,2014,88,87-89 Molto buono,15.0,2. Da 15 a 24,Kerin O'Keefe,"Here's a refreshing white that offers wispy aromas of white flower and stone fruit. The palate is more expressive thanks to green apple, nectarine, fresh herb and bitter almond. Bracing acidity gives it a vibrant, focused feel.",5.87
1159,Motta 2010 Pievi  (Bolgheri),Motta,Toscana,Bolgheri,Red Blend,2010,87,87-89 Molto buono,19.0,2. Da 15 a 24,Non indicato,"Ripe raspberry and strawberry notes are followed by mild tones of vanilla spice, rum cake and tobacco. This blend of Merlot, Cabernet Sauvignon and Sangiovese has a clean, smooth mouthfeel.",4.58
1160,Máté 2005  Brunello di Montalcino,Máté,Toscana,Brunello di Montalcino,Sangiovese Grosso,2005,90,90-94 Ottimo,60.0,4. Da 40 a 74,Non indicato,"Aromas of smoky cigar, toasted note and black cherry open the bouquet of this bright expression from Montalcino. The wine shows good density and a tonic, crisp feel on the close.",1.5
1161,Nobilissima 2015  Chianti,Nobilissima,Toscana,Chianti,Sangiovese,2015,87,87-89 Molto buono,15.0,2. Da 15 a 24,Kerin O'Keefe,"This 100% Sangiovese opens with red-skinned berry and underbrush aromas. The easygoing palate evokes raspberry jam with a touch of cinnamon, framed by round tannins. Enjoy soon.",5.8
1162,OT 2009 Oliviero Toscani Red (Toscana),OT,Toscana,Toscana,Red Blend,2009,89,87-89 Molto buono,28.0,3. Da 25 a 39,Kerin O'Keefe,"Blueberry, chocolate, mint and clove aromas lead the nose of this blend of 50% Syrah, 35% Cabernet Franc and 15% Petit Verdot. The palate offers dried black cherries, coffee, cinnamon, black pepper and cocoa. Fine-grained tannins provide the framework.",3.18
1163,Ornellaia 2010  Bolgheri Superiore,Ornellaia,Toscana,Bolgheri Superiore,Red Blend,2010,97,95-100 Eccezionale,240.0,5. 75 e oltre,Kerin O'Keefe,"The 2010 Ornellaia celebrates the wine's 25th anniversary, and it could not have been a more spectacular vintage. It opens with aromas of crushed blue flowers, black berries, pipe tobacco and thyme that give way to an elegant, structured and polished palate. I",0.4
1164,Ornellaia 2014 Le Serre Nuove Red (Toscana),Ornellaia,Toscana,Toscana,Red Blend,2014,89,87-89 Molto buono,45.0,4. Da 40 a 74,Kerin O'Keefe,"Made with Merlot, Cabernet Sauvignon, Cabernet Franc and Petit Verdot, this has aromas of black-skinned berry, violet, toasted oak and a whiff of dark baking spice. The soft palate offers black currant, espresso, French oak and a hint of dried sage alongside f",1.98
1165,Padelletti 2011  Rosso di Montalcino,Padelletti,Toscana,Rosso di Montalcino,Sangiovese,2011,91,90-94 Ottimo,90.0,5. 75 e oltre,Kerin O'Keefe,"Aromas of blue flower, tilled soil, and perfumed berries waft from the glass of this full-bodied Rosso. The smooth palate delivers succulent black cherry accented with sweet baking spices alongside supple tannins. Enjoy it now to capture the juicy fruit flavor",1.01
1166,Palagetto 2004 Riserva  (Vernaccia di San Gimignano),Palagetto,Toscana,Vernaccia di San Gimignano,Vernaccia,2004,88,87-89 Molto buono,30.0,3. Da 25 a 39,Non indicato,"Here's a well-balanced Vernaccia with good fruit freshness backed by a dense, creamy consistency and good crispness. It also offers mineral and herbal notes and would pair well with salmon or swordfish.",2.93
1167,Palagetto 2007 Santa Chiara  (Vernaccia di San Gimignano),Palagetto,Toscana,Vernaccia di San Gimignano,Vernaccia,2007,86,80-86 Buono,20.0,2. Da 15 a 24,Non indicato,"Here is a fresh and buoyant Vernaccia with nicely dosed aromas of stone fruit, pear and honey. It's an easy, light-bodied wine that would work well with fresh, light foods.",4.3
1168,Palagetto 2014  Vernaccia di San Gimignano,Palagetto,Toscana,Vernaccia di San Gimignano,Vernaccia,2014,87,87-89 Molto buono,14.0,1. Sotto 15,Kerin O'Keefe,"Yellow flower, tropical fruit and an herbal note are delicate but still take center stage. Racy acidity supports the crisp apple, grapefruit and bitter almond flavors while the finish is crisp and clean.",6.21
1169,Paterna 2012  Chianti Colli Aretini,Paterna,Toscana,Chianti Colli Aretini,Red Blend,2012,91,90-94 Ottimo,18.0,2. Da 15 a 24,Kerin O'Keefe,"Made with Sangiovese and 10% Canaiolo and Colorino, all organically farmed, this savory red opens with aromas of perfumed berry, blue flowers, new leather and a balsamic note. The juicy, delicious palate delivers black cherry, plum, licorice, clove, menthol, s",5.06
1170,Peteglia 2010 Riserva  (Montecucco),Peteglia,Toscana,Montecucco,Sangiovese,2010,86,80-86 Buono,40.0,4. Da 40 a 74,Kerin O'Keefe,"This has aromas of mature dark-skinned berry, cake spice and toast while the astringent palate displays dried black cherry, coffee and tobacco. It's a bit shy on freshness, so drink soon.",2.15
1171,Piandibugnano 2006 Nanerone 500 ml Aleatico (Toscana),Piandibugnano,Toscana,Toscana,Aleatico,2006,83,80-86 Buono,35.0,3. Da 25 a 39,Non indicato,"Nanerone opens with an inky, black color and jammy aromas of strawberry jam, dried prune, raisin, blackberry pie and some light shadings of sweet Christmas spice. It drinks like maple syrup-it's sweet, thick and heavy in the mouth.",2.37
1172,Piccini 2004 Tegole Sangiovese (Toscana),Piccini,Toscana,Toscana,Sangiovese,2004,85,80-86 Buono,6.0,1. Sotto 15,Non indicato,"Here's a thin, lean and easy-to-drink Sangiovese with a pretty aromatic ensemble of spice, blueberry and roasted nut.",14.17
1173,Piccini 2005 Villa al Cortile Riserva  (Brunello di Montalcino),Piccini,Toscana,Brunello di Montalcino,Sangiovese Grosso,2005,91,90-94 Ottimo,60.0,4. Da 40 a 74,Non indicato,"Bright, clean and linear with pretty accents of spice, blackberry, leather and lingering tobacco, Villa al Cortile Riserva is the kind of wine you'll want to pair with a hearty meat dinner. The wine shows velvety, soft texture in the mouth.",1.52
1174,Piccini 2011  Chianti Classico,Piccini,Toscana,Chianti Classico,Red Blend,2011,86,80-86 Buono,15.0,2. Da 15 a 24,Kerin O'Keefe,"Made with Sangiovese and 10% Merlot, this opens with aromas of red currant and a whiff of exotic spice. The straightforward palate offers dried black cherry, clove and a hint of grilled herb alongside smooth tannins. Simple but well made, it's is made to be en",5.73
1175,Pietro Beconcini 2009 Riserva  (Chianti),Pietro Beconcini,Toscana,Chianti,Sangiovese,2009,87,87-89 Molto buono,23.0,2. Da 15 a 24,Non indicato,"This deep and dark Chianti riserva opens with slightly oxidized aromas of candied fruit and raspberry roll-up. Cola, dark spice and bresaola round off the finish.",3.78
1176,Pietro Beconcini 2010 Vigna alle Nicchie Tempranillo (Toscana),Pietro Beconcini,Toscana,Toscana,Tempranillo,2010,90,90-94 Ottimo,60.0,4. Da 40 a 74,Kerin O'Keefe,"Made from 100% Tempranillo grapes that are left to dry for about four weeks before fermentation, this densely concentrated wine is a bit shy on the nose. The structured palate is more expressive, revealing dried black cherries, leather, cocoa, tobacco and lico",1.5
1177,Pietroso 2006  Brunello di Montalcino,Pietroso,Toscana,Brunello di Montalcino,Sangiovese Grosso,2006,91,90-94 Ottimo,55.0,4. Da 40 a 74,Non indicato,"Here's a bright, buoyant style of Brunello that drinks easily but also delivers the sophistication and complexity you should expect of Montalcino. It opens with crisp, tonic aromas of cassis and wild berry with very subtle aromas of vanilla and toasted nut at ",1.65
1178,Pietroso 2010  Brunello di Montalcino,Pietroso,Toscana,Brunello di Montalcino,Sangiovese,2010,88,87-89 Molto buono,60.0,4. Da 40 a 74,Kerin O'Keefe,"Oak-driven aromas recall toast, espresso and coconut. The palate offers steeped plum, dried cherry, orange zest, grilled sage and flint, with vigorous tannins. A licorice note signals the close.",1.47
1179,Pietroso 2012  Brunello di Montalcino,Pietroso,Toscana,Brunello di Montalcino,Sangiovese,2012,91,90-94 Ottimo,60.0,4. Da 40 a 74,Kerin O'Keefe,"You'll find ripe plum, forest floor, exotic spice, menthol and espresso aromas in this structured red. The palate is bright and linear with youthful tension, delivering red cherry, strawberry, white pepper and anise notes set against compact, fine-grained tann",1.52
1180,Pieve Vecchia 2009 Albatrello  (Montecucco),Pieve Vecchia,Toscana,Montecucco,Red Blend,2009,85,80-86 Buono,18.0,2. Da 15 a 24,Non indicato,"Aged only in stainless steel, this blend of Sangiovese and Alicante combines bright fruit nuances of cherry and blueberry with a lean, crisp mouthfeel. It's got enough acidity to cut through cheesy pizza.",4.72
1181,Pieve de' Pitti 2013 Tribiana Trebbiano (Toscana),Pieve de' Pitti,Toscana,Toscana,Trebbiano,2013,87,87-89 Molto buono,20.0,2. Da 15 a 24,Kerin O'Keefe,"Made entirely with Trebbiano and vinified in oak, this opens with aromas of mature orchard fruit, citrus, chopped herb and a whiff of toast. The linear, rather lean palate offers toasted almond, coffee, oak and green pear.",4.35
1182,Pinino 2014  Rosso di Montalcino,Pinino,Toscana,Rosso di Montalcino,Sangiovese,2014,86,80-86 Buono,15.0,2. Da 15 a 24,Kerin O'Keefe,"This easy-drinking red opens with pretty aromas of purple wild flower and red berry. The slim, simple palate offers tart sour cherry and orange zest alongside brisk acidity and angular, somewhat fleeting tannins.",5.73
1183,PoderNuovo a Palazzone 2009 Sotirio Sangiovese (Toscana),PoderNuovo a Palazzone,Toscana,Toscana,Sangiovese,2009,90,90-94 Ottimo,40.0,4. Da 40 a 74,Non indicato,"From the new estate run by Giovanni and Paolo Bulgari (of fashion and jewelry fame), this pure expression of Sangiovese shows very interesting aromas of bright red cherry, perfumed blue flower and a touch of sweet spice. The wine is focused, compact and crisp ",2.25
1184,Podere Castellinuzza 2013  Chianti Classico,Podere Castellinuzza,Toscana,Chianti Classico,Red Blend,2013,89,87-89 Molto buono,20.0,2. Da 15 a 24,Kerin O'Keefe,"Violet, woodland berry, baking spice and chopped mint aromas slowly emerge on this polished red. The bright palate doles out tart cherry, cinnamon and a hint of white pepper while lithe tannins and fresh acidity lend a refined framework.",4.45
1185,Podere Ciona 2014 Semifonte Red (Toscana),Podere Ciona,Toscana,Toscana,Red Blend,2014,87,87-89 Molto buono,15.0,2. Da 15 a 24,Kerin O'Keefe,"Made with 90% Merlot and 10% Alicante, this easygoing red opens with delicate aromas suggesting red currant and baking spice. The straightforward palate delivers red plum and clove alongside soft tannins. Enjoy soon.",5.8
1186,Podere La Vigna 2006 Riserva  (Brunello di Montalcino),Podere La Vigna,Toscana,Brunello di Montalcino,Sangiovese Grosso,2006,89,87-89 Molto buono,90.0,5. 75 e oltre,Non indicato,"This Brunello shows aromas of leather and cured meat without much fresh fruit to hold it up. The structure and acidity is there, along with tertiary aromas of crushed mineral, asphalt, candied fruit and dried sage.",0.99
1187,Podere Le Ripi 2008 Lupi e Sirene Riserva  (Brunello di Montalcino),Podere Le Ripi,Toscana,Brunello di Montalcino,Sangiovese,2008,90,90-94 Ottimo,120.0,5. 75 e oltre,Kerin O'Keefe,"It opens with aromas of underbrush, leather, fennel, prune and plum with just a whiff of rubber. The palate delivers dense black cherry accented with fresh mint, sage, espresso and mocha alongside fine but tightly-knit tannins that need time to unwind.",0.75
1188,Podere Le Ripi 2011 Lupi e Sirene Riserva  (Brunello di Montalcino),Podere Le Ripi,Toscana,Brunello di Montalcino,Sangiovese,2011,91,90-94 Ottimo,130.0,5. 75 e oltre,Kerin O'Keefe,"This opens with aromas of ripe black plum, underbrush and a whiff of cassis. On the concentrated palate, notes of tobacco, mint and thyme accent a black cherry core while polished tannins provide the framework. Drink 2018-2024.",0.7
1189,Podere Paganico 2003  Brunello di Montalcino,Podere Paganico,Toscana,Brunello di Montalcino,Sangiovese Grosso,2003,87,87-89 Molto buono,52.0,4. Da 40 a 74,Non indicato,"Dark concentration and extraction is reinforced by lavish aromatic layers of spice, vanilla and chocolate. This is a modern, bold and plummy wine that tastes thick and syrupy in the mouth and delivers generous - maybe too generous - oak flavors.",1.67
1190,Podere Paganico 2008  Brunello di Montalcino,Podere Paganico,Toscana,Brunello di Montalcino,Sangiovese Grosso,2008,89,87-89 Molto buono,40.0,4. Da 40 a 74,Non indicato,"Tight fruit aromas of cassis, cranberry and wild berry give this wine a bright and crisp first impression. The acidity is sharp, lively and definitely cuts straight across the palate. There's medium body here to hold up all that freshness.",2.22
1191,Podere San Cristoforo 2010 Amaranto  (Maremma Toscana),Podere San Cristoforo,Toscana,Maremma Toscana,Sangiovese,2010,88,87-89 Molto buono,19.0,2. Da 15 a 24,Non indicato,"Chalky and dry on the nose, with notes of mineral and forest berry, this Sangiovese-based wine would make a perfect companion to Mediterranean dishes, meat appetizers or pastas in rich, creamy sauces. Peter Warren Selections & Planet Wine.",4.63
1192,Podere San Giacomo 2011  Brunello di Montalcino,Podere San Giacomo,Toscana,Brunello di Montalcino,Sangiovese,2011,90,90-94 Ottimo,49.0,4. Da 40 a 74,Kerin O'Keefe,"This opens with aromas of toast, French oak, chopped mint and coconut. The dense, approachable palate offers dried black cherry, raspberry jam, anise, coffee and a vanilla note alongside chewy tannins. Drink through 2020.",1.84
1193,Poggio Antico 2007 Riserva  (Brunello di Montalcino),Poggio Antico,Toscana,Brunello di Montalcino,Sangiovese Grosso,2007,94,90-94 Ottimo,140.0,5. 75 e oltre,Non indicato,"Here's a home run from one of the best producers in Montalcino. With sun drenched, sea-facing vineyards (this is one of the only spots where you can see the shimmering Mediterranean from Montalcino), this dense riserva doles out lingering flavors of spice, che",0.67
1194,Poggio Antico 2010 Lemartine Red (Toscana),Poggio Antico,Toscana,Toscana,Red Blend,2010,92,90-94 Ottimo,52.0,4. Da 40 a 74,Non indicato,"A new wine from Poggio Antico, Lemartine is a hearty blend of Sangiovese, Cabernet Sauvignon and Petit Verdot that offers intense and pristine aromas of black fruit, spice, rum cake, pepper and black pipe tobacco. It shows both substance and freshness on the l",1.77
1195,Poggio Argentiera 2012 Capatosta  (Morellino di Scansano),Poggio Argentiera,Toscana,Morellino di Scansano,Red Blend,2012,91,90-94 Ottimo,35.0,3. Da 25 a 39,Kerin O'Keefe,"Made with Sangiovese blended with 10% Ciliegiolo and 5% Alicante Bouschet, this savory wine opens with aromas of underbrush, ripe berry, tobacco leaf and Mediterranean herb. The vibrant, refined palate doles out juicy black cherry, crushed raspberry, orange pe",2.6
1196,Poggio Argentiera 2013 Bellamarsilia  (Morellino di Scansano),Poggio Argentiera,Toscana,Morellino di Scansano,Red Blend,2013,88,87-89 Molto buono,18.0,2. Da 15 a 24,Kerin O'Keefe,"Made with 85% Sangiovese and 15% Ciliegiolo, this vibrant wine doles out black cherry and ripe raspberry. Hints of white pepper add depth while supple tannins and bright acidity give it an easy-drinking, refreshing quality.",4.89
1197,Poggio Argentiera 2015 Bellamarsilia  (Morellino di Scansano),Poggio Argentiera,Toscana,Morellino di Scansano,Sangiovese,2015,88,87-89 Molto buono,14.0,1. Sotto 15,Kerin O'Keefe,"Fragrant and enjoyable, this offers aromas of ripe berry, Mediterranean herb, pressed violet and a whiff of pine forest. On the round easygoing palate, savory notes of brown cooking spice accent a core of red cherry and black raspberry. Enjoy through 2017.",6.29
1198,Poggio Mandorlo 2008 Red (Toscana),Poggio Mandorlo,Toscana,Toscana,Red Blend,2008,89,87-89 Molto buono,60.0,4. Da 40 a 74,Kerin O'Keefe,"Made from Merlot and Cabernet Franc, this structured red offers aromas of black currant, toast, graphite and a whiff of cedar. The firm palate offers coconut, coffee, grilled sage and red berry alongside bracing tannins. Drink sooner rather than later to captu",1.48
1199,Poggio Nardone 2010 Riserva  (Brunello di Montalcino),Poggio Nardone,Toscana,Brunello di Montalcino,Sangiovese,2010,90,90-94 Ottimo,85.0,5. 75 e oltre,Kerin O'Keefe,"Aromas of charred earth, toast, ground pepper, mature black-skinned fruit and espresso lead the nose. The big, ripe palate presents licorice, fleshy black cherry, clove and tobacco alongside a tannic backbone.",1.06
1200,Poggio Stenti 2009 Tribolo  (Montecucco),Poggio Stenti,Toscana,Montecucco,Sangiovese,2009,88,87-89 Molto buono,27.0,3. Da 25 a 39,Non indicato,"A great pairing partner to pizzas or cheesy pastas, Tribolo has the high acidity and alcohol to wash your palate clean of fatty foods. It ends with bright notes of cherry, cassis and cola.",3.26
1201,Poggio Stenti 2013 Tribulo  (Montecucco),Poggio Stenti,Toscana,Montecucco,Sangiovese,2013,89,87-89 Molto buono,30.0,3. Da 25 a 39,Kerin O'Keefe,"Aromas of black cherry, tilled soil and a hint of dark spice lift out of the glass. The palate offers juicy wild cherry, cinnamon and white pepper while smooth tannins lend a polished texture.",2.97
1202,Poggio al Casone 2004 Red (Toscana),Poggio al Casone,Toscana,Toscana,Red Blend,2004,85,80-86 Buono,13.0,1. Sotto 15,Non indicato,"This Sangiovese-Syrah blend is the wine equivalent of a teenager that boasts youthful appeal. It has a solid core of fresh red fruit, especially cherries and blueberries. It lacks the sophistication of age and its aromas are so immediate; it's remotely reminis",6.54
1203,Poggio al Chiuso 2015  Chianti,Poggio al Chiuso,Toscana,Chianti,Red Blend,2015,87,87-89 Molto buono,16.0,2. Da 15 a 24,Kerin O'Keefe,"Made of 90% Sangiovese and 10% Canaiolo, this opens with rose and baking spice scents. The straightforward palate shows red plum and clove flavors, held firm with solid tannins. Drink through 2018.",5.44
1204,Poggio al Tesoro 2013 Sondraia  (Bolgheri Superiore),Poggio al Tesoro,Toscana,Bolgheri Superiore,Red Blend,2013,90,90-94 Ottimo,50.0,4. Da 40 a 74,Kerin O'Keefe,"Aromas of black currant and a whiff of bell pepper slowly emerge on this hearty blend of 65% Cabernet Sauvignon, 25% Merlot and 10% Cabernet Franc. Concentrated and robust, the palate offers cassis, black cherry, licorice and the heat of evident alcohol alongs",1.8
1205,Poggio al Tufo 2014 Cabernet Sauvignon (Toscana),Poggio al Tufo,Toscana,Toscana,Cabernet Sauvignon,2014,86,80-86 Buono,18.0,2. Da 15 a 24,Kerin O'Keefe,"The nose is a bit shy but eventually offers a whiff of black currant while the round, soft palate offers dried black cherry, blackberry and a hint of Mediterranean herb. It's simple but well made. Drink soon.",4.78
1206,Poggio alla Sala 2014  Rosso di Montepulciano,Poggio alla Sala,Toscana,Rosso di Montepulciano,Red Blend,2014,84,80-86 Buono,18.0,2. Da 15 a 24,Kerin O'Keefe,"This brisk, vinous red, made with 95% Sangiovese and 5% Canaiolo, shows aromas and flavors of crushed berry, grape juice and the barest hint of spice. It also has sharp acidity and an abrupt finish.",4.67
1207,Poggio di Sotto 2001 Il Decennale Sangiovese (Toscana),Poggio di Sotto,Toscana,Toscana,Sangiovese,2001,90,90-94 Ottimo,200.0,5. 75 e oltre,Non indicato,"You'll recognize this Sangiovese immediately thanks to pristine notes of blue flowers, chalky soil, sage and Mediterranean herbs. It has a thinner, delicate texture in the mouth but ends with bright, vibrant crispness.",0.45
1208,Poggiotondo 2015  Chianti,Poggiotondo,Toscana,Chianti,Red Blend,2015,87,87-89 Molto buono,15.0,2. Da 15 a 24,Kerin O'Keefe,"This blend of 85% Sangiovese, 10% Canaiolo and 5% Colorino shows delicate plum and underbrush aromas. It's medium-bodied, approachable and smoothly tannic, delivering prune and clove flavors. Drink through 2018.",5.8
1209,Poggioventoso 2010 Fuochi Red (Toscana),Poggioventoso,Toscana,Toscana,Red Blend,2010,87,87-89 Molto buono,40.0,4. Da 40 a 74,Kerin O'Keefe,"Made with 85% Merlot blended with varying amounts of Petit Verdot, Sangiovese and Cabernet Sauvignon, this opens with aromas of truffle, underbrush, baked plum and dark cooking spice. The palate delivers licorice, roasted coffee bean and blueberry extract alon",2.17
1210,Poliziano 2006  Vino Nobile di Montepulciano,Poliziano,Toscana,Vino Nobile di Montepulciano,Prugnolo Gentile,2006,91,90-94 Ottimo,30.0,3. Da 25 a 39,Non indicato,"Here's a beautifully fragrant Vino Nobile di Montepulciano with well-integrated oak aromas of spice and cigar box followed by blackberry and chocolate. This is a proud, modern wine with loads of intensity and personality. Pair it with lamb or pork roast.",3.03
1211,Poliziano 2011  Rosso di Montepulciano,Poliziano,Toscana,Rosso di Montepulciano,Red Blend,2011,87,87-89 Molto buono,15.0,2. Da 15 a 24,Kerin O'Keefe,"This rosso has a pretty bouquet of fruit and floral aromas, with an underpinning of spice. The palate is soft, with ripe plum, cinnamon and chocolate flavors, and while well made, it doesn't have a lot of personality. This is ripe and ready, so enjoy soon.",5.8
1212,Poliziano 2012 Asinone  (Vino Nobile di Montepulciano),Poliziano,Toscana,Vino Nobile di Montepulciano,Sangiovese,2012,90,90-94 Ottimo,60.0,4. Da 40 a 74,Kerin O'Keefe,"Made entirely with Sangiovese, this offers aromas of spicy plum, violet, blackberry, toast and a whiff of oak-driven spice. The firmly structured palate delivers black cherry, clove, anise and a note of grilled sage alongside assertive tannins that leave an as",1.5
1213,Prelius 2014  Maremma Toscana,Prelius,Toscana,Maremma Toscana,Cabernet Sauvignon,2014,89,87-89 Molto buono,15.0,2. Da 15 a 24,Kerin O'Keefe,"Delicately fragrant, this opens with scents of chopped herb, elderflower, hay and citrus. On the crisp palate, a hint of vanilla underscores peach and grapefruit while a light mineral note backs up the finish.",5.93
1214,Principe Corsini 2013 Cortevecchia Riserva  (Chianti Classico),Principe Corsini,Toscana,Chianti Classico,Red Blend,2013,89,87-89 Molto buono,35.0,3. Da 25 a 39,Kerin O'Keefe,"Fragrant blue flower, black plum, eucalyptus and a whiff of exotic spice lead the nose. The firm palate offers dried black cherry, pomegranate, vanilla and mocha alongside austere, fine-grained tannins that give the finish grip.",2.54
1215,Renieri 2009 Re di Renieri Red (Toscana),Renieri,Toscana,Toscana,Red Blend,2009,92,90-94 Ottimo,30.0,3. Da 25 a 39,Non indicato,"This super Tuscan blend of Cabernet Franc, Cabernet Sauvignon, Merlot and Petit Verdot is showing so beautifully now. It opens with rich, lovely intensity and bright aromas of black fruit, cassis, spice, leather, mocha and tobacco. Drink it now or let it age 1",3.07
1216,Rocca delle Macìe 2003 Ser Gioveto Red (Toscana),Rocca delle Macìe,Toscana,Toscana,Red Blend,2003,90,90-94 Ottimo,48.0,4. Da 40 a 74,Non indicato,"Ser Gioveto (Sangiovese with some Cabernet and Merlot) delivers thick notes of fruit, herbs and earth and has a textured nose and great depth and dimension. The wine's structure is thick and solid and those fresh fruit flavors last a long time on the finish.",1.88
1217,Rocca delle Macìe 2006 Riserva di Fizzano  (Chianti Classico),Rocca delle Macìe,Toscana,Chianti Classico,Sangiovese,2006,91,90-94 Ottimo,38.0,3. Da 25 a 39,Non indicato,"Plush, fruit-forward and soft, Riserva di Fizzano shows a modern, confident style. The wine's appearance already shows darker hues of aging and the bouquet is characterized by dark fruit, leather and spice.",2.39
1218,Rocca delle Macìe 2008 Ser Gioveto Red (Toscana),Rocca delle Macìe,Toscana,Toscana,Red Blend,2008,91,90-94 Ottimo,50.0,4. Da 40 a 74,Non indicato,"Ser Gioveto is 80% Sangiovese with small additions of Cabernet Sauvignon and Merlot. It has a deeply saturated ruby color and compelling aromas of ripe fruit, strawberry, rum cake and soft spice. There's a jammy accent in the bouquet that gives momentum to its",1.82
1219,Rocca delle Macìe 2009 Famiglia Zingarelli  (Chianti Classico),Rocca delle Macìe,Toscana,Chianti Classico,Sangiovese,2009,88,87-89 Molto buono,17.0,2. Da 15 a 24,Non indicato,"Youthful and bright, this shows the lean, bright side of the Famiglia Zingarelli line. You can really taste those Sangiovese characteristics thanks to lively tones of wild berry, raspberry, blue flower, wild mushroom and subtle spice. That zesty acidity makes ",5.18
1220,Rocca delle Macìe 2009 Roccato Red (Toscana),Rocca delle Macìe,Toscana,Toscana,Red Blend,2009,92,90-94 Ottimo,60.0,4. Da 40 a 74,Non indicato,"Roccato is a blend of 50% Sangiovese and 50% Cabernet Sauvignon that's packed with aromas of blackberry, leather, tobacco and chocolate. It's velvety and rich, with a delicious touch of cherry and cinnamon on the long finish.",1.53
1221,Rocca delle Macìe 2009 Sasyr Red (Toscana),Rocca delle Macìe,Toscana,Toscana,Red Blend,2009,89,87-89 Molto buono,18.0,2. Da 15 a 24,Non indicato,"As the name Sasyr suggests, this wine represents a successful blend of Sangiovese (60%) and Syrah that is sensual, spicy, savory and perfect for hearty meat dishes. This vintage shows great quality with ripe fruit tones, leather, tobacco, black olive and a plu",4.94
1222,Rocca delle Macìe 2014 Famiglia Zingarelli  (Chianti Classico),Rocca delle Macìe,Toscana,Chianti Classico,Red Blend,2014,87,87-89 Molto buono,16.0,2. Da 15 a 24,Kerin O'Keefe,"This bright, straightforward red offers aromas of wild berry, coffee and a whiff of tilled soil. On the soft, easy-drinking palate, notes of chopped sage and baking spice add interest to the red cherry core. Drink through 2016.",5.44
1223,Rocca di Castagnoli 2012 Poggio a' Frati Riserva  (Chianti Classico),Rocca di Castagnoli,Toscana,Chianti Classico,Red Blend,2012,91,90-94 Ottimo,32.0,3. Da 25 a 39,Kerin O'Keefe,"New leather, blue flower, wild berry and a whiff of oak-driven spice lead the nose. The savory chewy palate offers mature black cherry, raspberry, star anise, clove and menthol while lithe tannins provide polished support. Drink through 2019.",2.84
1224,Rocca di Frassinello 2008 Le Sughere di Frassinello  (Maremma),Rocca di Frassinello,Toscana,Maremma,Red Blend,2008,91,90-94 Ottimo,33.0,3. Da 25 a 39,Non indicato,"This edition of Le Sughere di Frassinello shows impressive softness and richness, with round tones of red cherry, chocolate, spice, leather and tobacco. It's soft, luscious and very smooth on the finish.",2.76
1225,Rocca di Frassinello 2010 Poggio alla Guardia  (Maremma Toscana),Rocca di Frassinello,Toscana,Maremma Toscana,Red Blend,2010,88,87-89 Molto buono,20.0,2. Da 15 a 24,Non indicato,"A blend of Cabernet Sauvignon, Merlot and Sangiovese, Poggio alla Guardia is bright, clean and enjoyable, and it exudes notes of cherry, blackberry and spice. It would pair seamlessly with red meat, chicken or pasta.",4.4
1226,Rocca di Frassinello 2010  Maremma Toscana,Rocca di Frassinello,Toscana,Maremma Toscana,Red Blend,2010,92,90-94 Ottimo,70.0,4. Da 40 a 74,Non indicato,"You'll love the way this wine builds in intensity on the nose and on the palate. The blend is Sangiovese, Merlot and Cabernet Sauvignon, and together the varieties deliver bright berry flavors and firm structure.",1.31
1227,Rocca di Montemassi 2011 Astraio Viognier (Maremma Toscana),Rocca di Montemassi,Toscana,Maremma Toscana,Viognier,2011,87,87-89 Molto buono,15.0,2. Da 15 a 24,Non indicato,"This pretty Viognier shows bright tones of honey, stone fruit, melon and peach. There's a subtle creaminess that's derived from the fruit itself, and it leaves a lasting floral impression on the senses.",5.8
1228,Ruffino 2008 Tenuta La Solatìa Chardonnay (Toscana),Ruffino,Toscana,Toscana,Chardonnay,2008,90,90-94 Ottimo,24.0,2. Da 15 a 24,Non indicato,"This luminous Chardonnay from Tuscany offers intensely fragrant aromas of honeysuckle, stone fruit and citrus blossom. The wine is fresh and crisp in the mouth and there's enough natural glycerol to leave a creamy, smooth sensation.",3.75
1229,Salcheto 2012 Riserva  (Vino Nobile di Montepulciano),Salcheto,Toscana,Vino Nobile di Montepulciano,Red Blend,2012,92,90-94 Ottimo,30.0,3. Da 25 a 39,Kerin O'Keefe,"Toast, mocha, spiced plum and pipe tobacco aromas come together in this savory red. The palate offers juicy raspberry, wild cherry, star anise and vanilla notes with firm, refined tannins. Drink 2018-2026.",3.07
1230,Salcheto 2013  Vino Nobile di Montepulciano,Salcheto,Toscana,Vino Nobile di Montepulciano,Sangiovese,2013,92,90-94 Ottimo,28.0,3. Da 25 a 39,Kerin O'Keefe,"You'll discover alluring aromas of grilled herb, saddle leather, cured meat and ripe berry in this enticing red. The palate is succulent and juicy, offering red cherry, crushed raspberry, white pepper and clove flavors. It's buttressed by bright acidity and yo",3.29
1231,Salcheto 2013  Rosso di Montepulciano,Salcheto,Toscana,Rosso di Montepulciano,Red Blend,2013,88,87-89 Molto buono,20.0,2. Da 15 a 24,Kerin O'Keefe,"Made with organically grown grapes, this juicy Rosso boasts sensations of tilled earth, violet, crushed black cherry, red currants and graphite. It's savory, fresh and unpretentious.",4.4
1232,San Felice 2010  Chianti Classico,San Felice,Toscana,Chianti Classico,Red Blend,2010,91,90-94 Ottimo,15.0,2. Da 15 a 24,Kerin O'Keefe,"Made with Sangiovese, Pugnitello and Colorino, this beautiful wine has an intensely floral fragrance of violet and iris, with undertones of dried tobacco and forest floor. The palate delivers vibrant wild cherry, white pepper and mint along with firm yet elega",6.07
1233,San Polino 2010  Brunello di Montalcino,San Polino,Toscana,Brunello di Montalcino,Sangiovese,2010,87,87-89 Molto buono,70.0,4. Da 40 a 74,Kerin O'Keefe,"Aromas suggest stewed plum, grilled herb and mint. The palate offers dried cherry, grilled herb and bitter apple skin alongside dry, astringent tannins. Tried twice with the same notes.",1.24
1234,San Polo 2008  Brunello di Montalcino,San Polo,Toscana,Brunello di Montalcino,Sangiovese Grosso,2008,91,90-94 Ottimo,80.0,5. 75 e oltre,Non indicato,"San Polo offers a very unique interpretation of the 2008 vintage. Rather than focus on bold cherry and leather aromas, this Brunello shows tones of peppermint, chopped herb, cola, ginger and forest berry. The mouthfeel is compact, tight and shows some astringe",1.14
1235,San Quirico 2015  Vernaccia di San Gimignano,San Quirico,Toscana,Vernaccia di San Gimignano,Vernaccia,2015,87,87-89 Molto buono,15.0,2. Da 15 a 24,Kerin O'Keefe,"Delicate scents suggesting aromatic herb, citrus blossom and a whiff of orchard fruit come together on this. The palate is round but rather shy, offering notes of mature yellow apple, honey and bitter almond.",5.8
1236,Sangervasio 2005 Recinaio White (Colli Etruria Centrale),Sangervasio,Toscana,Colli Etruria Centrale,White Blend,2005,91,90-94 Ottimo,60.0,4. Da 40 a 74,Kerin O'Keefe,"Made of 70% Trebbiano, 15% San Colombano and 15% Sangiovese, this savory dessert wine opens with fig, maple syrup and caramel aromas. The complex palate delivers chestnut honey, toasted almond and candied date flavors, while a hint of dried tangerine accents t",1.52
1237,Sant Agnese dei F.lli Gigli 2003 Libatio Lunae Red (Toscana),Sant Agnese dei F.lli Gigli,Toscana,Toscana,Red Blend,2003,90,90-94 Ottimo,55.0,4. Da 40 a 74,Non indicato,"The emphasis here is on elegance and the wine delivers a lighter mouthfeel with delicate layers of fresh berry, Mediterranean herbs, oregano and rosemary. There's nice fullness in the mouth, polished tannins and an overall delicate style.",1.64
1238,SassodiSole 2014  Rosso di Montalcino,SassodiSole,Toscana,Rosso di Montalcino,Sangiovese,2014,86,80-86 Buono,25.0,3. Da 25 a 39,Kerin O'Keefe,"This straightforward red opens with aromas of blue flower, forest floor and dark-skinned berry. The fresh simple palate offers tart cherry and dark spice alongside zesty acidity and mouth-puckering but fleeting tannins.",3.44
1239,Sensi 2011 Boscoselvo  (Brunello di Montalcino),Sensi,Toscana,Brunello di Montalcino,Sangiovese,2011,88,87-89 Molto buono,60.0,4. Da 40 a 74,Kerin O'Keefe,"Black-skinned fruit, charred earth and a whiff of leather lead the nose. Ripe and straightforward, the palate offers dried black cherry, tobacco and a whiff of licorice alongside chewy tannins. Drink through 2021.",1.47
1240,Sesta di Sopra 2006  Brunello di Montalcino,Sesta di Sopra,Toscana,Brunello di Montalcino,Sangiovese Grosso,2006,95,95-100 Eccezionale,60.0,4. Da 40 a 74,Non indicato,"Sesta di Sopra delivers a superb and beautiful Brunello with impossible richness and gorgeous intensity. Aromas include black cherry, vanilla, dark mocha, freshly ground espresso and a subtle touch of mineral dryness at the end. It's equally impressive on the ",1.58
1241,Sesti 2010 Phenomena Riserva  (Brunello di Montalcino),Sesti,Toscana,Brunello di Montalcino,Sangiovese,2010,93,90-94 Ottimo,132.0,5. 75 e oltre,Kerin O'Keefe,"Scorched soil, underbrush, pressed violet, oak, ripe berry and cured meat aromas lead the way along with a whiff of menthol. The bold, structured palate offers black raspberry jam, mature wild cherry, baking spice, toast and dried herb framed in assertive, tig",0.7
1242,Sesti 2012  Brunello di Montalcino,Sesti,Toscana,Brunello di Montalcino,Sangiovese,2012,91,90-94 Ottimo,108.0,5. 75 e oltre,Kerin O'Keefe,"Chopped herb, pine, forest floor and balsamic notes follow through to the palate, rich in vibrant red cherry, cranberry, star anise and white pepper notes. It's still tightly wound, with compact tannins and fresh acidity. Give it time to develop more depth and",0.84
1243,Siro Pacenti 2006 Riserva  (Brunello di Montalcino),Siro Pacenti,Toscana,Brunello di Montalcino,Sangiovese Grosso,2006,95,95-100 Eccezionale,120.0,5. 75 e oltre,Non indicato,"Not an obvious wine by any stretch, this riserva opens slowly and bashfully to deliver small pulses of cherry, chocolate and smoked bacon that build in intensity and power as the wine gains momentum in the glass. The tannins are present but are soft and firm w",0.79
1244,Siro Pacenti 2008  Brunello di Montalcino,Siro Pacenti,Toscana,Brunello di Montalcino,Sangiovese Grosso,2008,93,90-94 Ottimo,85.0,5. 75 e oltre,Non indicato,"Siro Pacenti hits the nail on the head with a wine that is concentrated and rich, but elegant and fresh at the same time. Fleshy extraction is supported by black cherry, licorice, rum cake, leather and spice. The wine's natural freshness offsets that fruity ri",1.09
1245,Stefania Mezzetti 2012 Principe Syrah (Cortona),Stefania Mezzetti,Toscana,Cortona,Syrah,2012,88,87-89 Molto buono,30.0,3. Da 25 a 39,Kerin O'Keefe,"Earthy aromas of tilled soil, bell pepper, ripe plum and a whiff of barnyard waft out of the glass. The palate is a bit rustic, displaying fig, ground black pepper, graphite and a gamey note alongside velvety tannins. Drink soon.",2.93
1246,Stomennano 2009 Riserva  (Chianti Classico),Stomennano,Toscana,Chianti Classico,Red Blend,2009,86,80-86 Buono,48.0,4. Da 40 a 74,Kerin O'Keefe,"This opens with subdued aromas of menthol, dried herb and spiced plum. The palate is rather evolved, offering dried cherry, coffee, clove and a hint of black tea framed in close-grained tannins that grip the finish. Drink sooner rather than later to capture wh",1.79
1247,Suberli 2006 Riserva  (Morellino di Scansano),Suberli,Toscana,Morellino di Scansano,Sangiovese,2006,88,87-89 Molto buono,25.0,3. Da 25 a 39,Non indicato,"Shows aromas of cherry, raspberry and blueberry and the wine presents a friendly, fruit-forward personality overall. This Riserva Morellino is equally intense and pleasurable in the mouth.",3.52
1248,Tassi 2007  Brunello di Montalcino,Tassi,Toscana,Brunello di Montalcino,Sangiovese Grosso,2007,88,87-89 Molto buono,70.0,4. Da 40 a 74,Non indicato,"Subdued on the nose, this wine still needs to stretch its proverbial muscles. Its flavors of cherry liqueur, rum cake, blackberry and forest underbrush give voice to a clean, traditional winemaking philosophy.",1.26
1249,Tenimenti Angelini 2001 Val di Suga Vigna Spuntali  (Brunello di Montalcino),Tenimenti Angelini,Toscana,Brunello di Montalcino,Sangiovese,2001,90,90-94 Ottimo,40.0,4. Da 40 a 74,Non indicato,"This Riserva Brunello offers excellent dimension and depth thanks to its vibrant aromas of ripe cherry, natural rubber, cola, molasses and exotic spice. The wine is chewy with thick pulp and sweet tannins.",2.25
1250,Tenimenti Angelini 2006 Val di Suga  (Brunello di Montalcino),Tenimenti Angelini,Toscana,Brunello di Montalcino,Sangiovese Grosso,2006,91,90-94 Ottimo,55.0,4. Da 40 a 74,Non indicato,"Still young and nervous, this wine needs a few more years of cellar aging. There's great potential here thanks to the wine's natural aromas of cassis, dried fruit, cherry and toasted nut. In the mouth, it is tart, crisp and long-lasting.",1.65
1251,Tenimenti Angelini 2006 Vigna Spuntali Val di Suga  (Brunello di Montalcino),Tenimenti Angelini,Toscana,Brunello di Montalcino,Sangiovese Grosso,2006,94,90-94 Ottimo,106.0,5. 75 e oltre,Non indicato,"This full-bodied wine opens with compelling aromas of black fruit, smoked bacon, leather, cinnamon and crushed clove. There's a sassy, spicy characteristic here that is further underlined by the wine's natural sweetness and roundness.",0.89
1252,Tenuta Argentiera 2005 Poggio ai Ginepri  (Bolgheri),Tenuta Argentiera,Toscana,Bolgheri,Red Blend,2005,87,87-89 Molto buono,28.0,3. Da 25 a 39,Non indicato,"This blend of Cabernet, Merlot and Syrah has a lot of heat and power locked within, recognized by slightly cooked or jammy fruit notes. But you'll also get very pleasant, warm tones of soft leather and sweet pipe tobacco.",3.11
1253,Tenuta Argentiera 2007 Argentiera  (Bolgheri Superiore),Tenuta Argentiera,Toscana,Bolgheri Superiore,Red Blend,2007,95,95-100 Eccezionale,60.0,4. Da 40 a 74,Non indicato,In terms of overall quality this is the best yet from this sea-facing estate in coastal Tuscany. The blend sees Cabernet Sauvignon enhanced by Merlot and Cabernet Franc and the overall effect is one of impressive intensity and sophistication. The finish is vel,1.58
1254,Tenuta Argentiera 2008 Poggio ai Ginepri  (Bolgheri),Tenuta Argentiera,Toscana,Bolgheri,Red Blend,2008,88,87-89 Molto buono,18.0,2. Da 15 a 24,Non indicato,"Poggio ai Ginepri (a luscious blend of Cabernet Sauvignon, Syrah and Merlot that is aged 50-50 in stainless steel and oak) shows fresh fruit characteristics of blackberry, cherry and plum. There are spice and tobacco notes but they are distant and well dosed. ",4.89
1255,Tenuta Argentiera 2010 Giorgio Bartholomäus Merlot (Toscana),Tenuta Argentiera,Toscana,Toscana,Merlot,2010,87,87-89 Molto buono,140.0,5. 75 e oltre,Kerin O'Keefe,"This barrique-aged, 100% Merlot opens with aromas of roasted coffee bean, vanilla, coconut and plum steeped in spirits. The palate delivers dried black cherry, espresso, licorice and oak extract alongside drying tannins. The fruit is starting to dry up so enjo",0.62
1256,Tenuta Buon Tempo 2012  Brunello di Montalcino,Tenuta Buon Tempo,Toscana,Brunello di Montalcino,Sangiovese,2012,89,87-89 Molto buono,60.0,4. Da 40 a 74,Kerin O'Keefe,"Black-skinned fruit, cooking spice and balsamic aromas come together in this solid, straightforward Brunello. On the palate, firm, close-grained tannins frame black cherry jam, clove and vanilla flavors. Drink 2018-2022.",1.48
1257,Tenuta Buon Tempo 2014  Rosso di Montalcino,Tenuta Buon Tempo,Toscana,Rosso di Montalcino,Sangiovese,2014,87,87-89 Molto buono,30.0,3. Da 25 a 39,Kerin O'Keefe,"Subdued aromas recall dark-skinned berry, moist earth and a whiff of menthol. The straightforward, medium-bodied palate shows dark cherry and clove alongside bright acidity and firm but not very persistent tannins.",2.9
1258,Tenuta Carlina 2009 La Togata  (Rosso di Montalcino),Tenuta Carlina,Toscana,Rosso di Montalcino,Sangiovese Grosso,2009,88,87-89 Molto buono,36.0,3. Da 25 a 39,Non indicato,"La Togata offers a crisp and fresh Rosso, with aromas of bright berry, cherry cola, wild raspberry and lemon zest. The natural acidity of this wine would pair well with lasagna topped with melted mozzarella and Parmigiano.",2.44
1259,Tenuta Crocedimezzo 2004  Brunello di Montalcino,Tenuta Crocedimezzo,Toscana,Brunello di Montalcino,Sangiovese Grosso,2004,91,90-94 Ottimo,60.0,4. Da 40 a 74,Non indicato,"This seductive Brunello portrays aromas of black fruit, vanilla, brown sugar, plums and prunes wrapped within a thin veil of smoke. It's a wine that reaches a comfortable level of intensity and balance and that offers mouth-puckering flavors of sour cherry on ",1.52
1260,Tenuta Crocedimezzo 2008  Brunello di Montalcino,Tenuta Crocedimezzo,Toscana,Brunello di Montalcino,Sangiovese Grosso,2008,90,90-94 Ottimo,56.0,4. Da 40 a 74,Non indicato,"This Brunello shows nice balance and a very comfortable level of aromatic intensity that is playful and bright without going over the top. You'll recognize tones of sweet berry fruit, cinnamon, tobacco and even a touch of zesty ginger snap. The wine feels silk",1.61
1261,Tenuta La Badiola 2012 Acquagiusta Red (Toscana),Tenuta La Badiola,Toscana,Toscana,Red Blend,2012,87,87-89 Molto buono,15.0,2. Da 15 a 24,Kerin O'Keefe,"A blend of 35% Cabernet Sauvignon, 35% Merlot and 30% Syrah, this has aromas of red currant, cedar and a whiff of white pepper. The straightforward, easy-drinking palate offers black cherry, clove, coffee and licorice alongside polished tannins. Drink now.",5.8
1262,Tenuta La Vigna 2015  Vernaccia di San Gimignano,Tenuta La Vigna,Toscana,Vernaccia di San Gimignano,Vernaccia,2015,87,87-89 Molto buono,15.0,2. Da 15 a 24,Kerin O'Keefe,Ripe yellow stone fruit and a floral whiff of pressed Spanish broom lead the nose while the bright round palate offers mature yellow pear and orange zest. It closes on a note of bitter almond.,5.8
1263,Tenuta Oliveto 2006 Riserva  (Brunello di Montalcino),Tenuta Oliveto,Toscana,Brunello di Montalcino,Sangiovese Grosso,2006,91,90-94 Ottimo,79.0,5. 75 e oltre,Non indicato,"This wine definitely shows a ripe side in its cured meat, tobacco, sandalwood, smoked bacon and old spice. Delivers a rich, plump feel in the mouth, backed by gritty tannins and bright acidity. Despite the cooler vintage, this wine packs power, heat and a tiny",1.15
1264,Tenuta Pierazzuoli 2011 Riserva  (Chianti Montalbano),Tenuta Pierazzuoli,Toscana,Chianti Montalbano,Sangiovese,2011,86,80-86 Buono,13.0,1. Sotto 15,Kerin O'Keefe,"Aromas of wood shop, espresso and licorice lead the nose. The firm palate delivers oak extract, licorice, clove, dried black cherry and sage alongside tightly-knit, drying tannins. It has structure but not much fruit richness remains.",6.62
1265,Tenuta Poggio Rosso 2015 Fufluna Red (Toscana),Tenuta Poggio Rosso,Toscana,Toscana,Red Blend,2015,87,87-89 Molto buono,20.0,2. Da 15 a 24,Kerin O'Keefe,"Made with 40% Cabernet Sauvignon, 25% Merlot, 20% Cabernet Franc and 15% Syrah, this has subtle aromas of red berry and bell pepper that carry on to the dense palate, along with a note of mature plum. Soft tannins provide the round, easygoing framework. Enjoy ",4.35
1266,Tenuta Poggio Rosso 2015 Feronia Viognier (Toscana),Tenuta Poggio Rosso,Toscana,Toscana,Viognier,2015,87,87-89 Molto buono,34.0,3. Da 25 a 39,Kerin O'Keefe,"Made entirely with Viognier, this has delicate aromas of white grapefruit and orchard fruit, while the straightforward palate delivers apricot and citrus. Enjoy soon.",2.56
1267,Tenuta San Giorgio 2004 Cacciacone Red (Toscana),Tenuta San Giorgio,Toscana,Toscana,Red Blend,2004,92,90-94 Ottimo,50.0,4. Da 40 a 74,Non indicato,"This is an attractive 50-50 blend of Cab and Syrah with thick, lush notes of sweet vanilla, black pepper and ripe cherry. It takes a modern, New World approach and stands on its own in terms of complexity and persistence; it's clean and fresh in the mouth with",1.84
1268,Tenuta San Giorgio 2008 Ugolforte  (Brunello di Montalcino),Tenuta San Giorgio,Toscana,Brunello di Montalcino,Sangiovese Grosso,2008,89,87-89 Molto buono,65.0,4. Da 40 a 74,Non indicato,Here is a light and feminine expression of Brunello that delivers bright berry and white cherry with pretty layers of dried mint and cherry cola at the back. The wine's natural acidity is tight and sharp and you can feel a pinch of heat on the close.,1.37
1269,Tenuta San Giorgio 2012 Ciampoleto  (Rosso di Montalcino),Tenuta San Giorgio,Toscana,Rosso di Montalcino,Sangiovese,2012,86,80-86 Buono,28.0,3. Da 25 a 39,Kerin O'Keefe,"This wine brings together sensations of tilled earth, espresso, oak extract, coffee, overripe black plum and vanilla. The palate displays tightly packed tannins but it's low on fresh acidity so drink it soon.",3.07
1270,Tenuta San Guido 2013 Guidalberto Red (Toscana),Tenuta San Guido,Toscana,Toscana,Red Blend,2013,93,90-94 Ottimo,56.0,4. Da 40 a 74,Kerin O'Keefe,"Fragrant, fresh and loaded with finesse, this blend of 60% Cabernet Sauvignon and 40% Merlot opens with scents of fragrant blue flowers, perfumed berry and a whiff of pine forest. The bright, silky palate delivers crunchy red currants, juicy raspberries and wh",1.66
1271,Tenuta Sette Cieli 2010 Scipio Cabernet Franc (Toscana),Tenuta Sette Cieli,Toscana,Toscana,Cabernet Franc,2010,91,90-94 Ottimo,110.0,5. 75 e oltre,Kerin O'Keefe,"Made entirely from Cabernet Franc, this opens with aromas of blueberry, cedar and a whiff of rosemary. The juicy polished palate offers red currant, raspberry and Mediterranean herb. It closes on a vanilla note. Drink through 2022.",0.83
1272,Tenuta Sette Cieli 2015 Yantra Red (Toscana),Tenuta Sette Cieli,Toscana,Toscana,Red Blend,2015,89,87-89 Molto buono,24.0,2. Da 15 a 24,Kerin O'Keefe,"This blend of 60% Cabernet Sauvignon and 40% Merlot offers blackberry, leather and baking spice aromas. The savory palate offers mature plum, ripe black cherry and black pepper notes, held together with polished tannins.",3.71
1273,Tenuta Sette Ponti 2014 Crognolo Red (Toscana),Tenuta Sette Ponti,Toscana,Toscana,Red Blend,2014,87,87-89 Molto buono,35.0,3. Da 25 a 39,Kerin O'Keefe,"This blend of Sangiovese and 10% Merlot opens with delicate aromas of violet, berry and baking spices. The palate delivers black cherry, toast and clove alongside close-grained tannins that grip the finish.",2.49
1274,Tenuta Valdipiatta 2012  Rosso di Montepulciano,Tenuta Valdipiatta,Toscana,Rosso di Montepulciano,Red Blend,2012,87,87-89 Molto buono,18.0,2. Da 15 a 24,Kerin O'Keefe,"Leafy underbrush, ripe black cherry, clove, mocha and licorice sensations come together in this robust Rosso. It's forward and shy on freshness so enjoy this soon with hearty first courses or stews.",4.83
1275,Tenuta Valdipiatta 2013 Vigna d'Alfiero  (Vino Nobile di Montepulciano),Tenuta Valdipiatta,Toscana,Vino Nobile di Montepulciano,Sangiovese,2013,92,90-94 Ottimo,45.0,4. Da 40 a 74,Kerin O'Keefe,"Alluring violet, perfumed berry, truffle and Mediterrenean herb aromas emerge in the glass. The palate is firm and packed with black cherry, raspberry and licorice flavors, with assertive, fine-grained tannins that give the finish grip. Give it time to fully d",2.04
1276,Tenuta Villa Trasqua 2006 Trasolo Merlot (Toscana),Tenuta Villa Trasqua,Toscana,Toscana,Merlot,2006,92,90-94 Ottimo,90.0,5. 75 e oltre,Non indicato,"From a 300-acre property in Castellina in Chianti, Trasolo (100% Merlot) is a top-shelf wine with rich opulence and sophistication. Deep layers of cherry, blackberry, spice and leather are folded tight together and the wine is smooth and enduring on the close.",1.02
1277,Tenuta Villa Trasqua 2008 Trasolo Merlot (Toscana),Tenuta Villa Trasqua,Toscana,Toscana,Merlot,2008,88,87-89 Molto buono,120.0,5. 75 e oltre,Kerin O'Keefe,"Aromas of vanilla, prune and nutmeg lead the nose on this robust Merlot. The dense, monolithic palate offers raisin, leather and licorice alongside the heat of evident alcohol and drying tannins. It's shy on freshness and fruit richness so drink sooner rather ",0.73
1278,Tenuta Vitanza 2009 Andretta  (Brunello di Montalcino),Tenuta Vitanza,Toscana,Brunello di Montalcino,Sangiovese,2009,87,87-89 Molto buono,50.0,4. Da 40 a 74,Kerin O'Keefe,"It leads with aromas of oak, menthol, blue flower and mature black fruit. The palate reveals dried black cherry buffered by sensations of sweet coconut and vanilla, alongside firm but astringent tannins. Reflecting the forward vintage, this is already way ahea",1.74
1279,Tenuta Vitanza 2010 Tradizione  (Brunello di Montalcino),Tenuta Vitanza,Toscana,Brunello di Montalcino,Sangiovese,2010,87,87-89 Molto buono,87.0,5. 75 e oltre,Kerin O'Keefe,"Pretty aromas of violet, rose and wild berry lead the nose. The bright but rather lean palate offers raw red berry, peppercorn and saline together with notes of dried sage. Astringent tannins create an abrupt finish.",1.0
1280,Tenuta Vitanza 2010  Brunello di Montalcino,Tenuta Vitanza,Toscana,Brunello di Montalcino,Sangiovese,2010,89,87-89 Molto buono,60.0,4. Da 40 a 74,Kerin O'Keefe,"Spearmint, plum, oak, and menthol aromas take shape in the glass. The dense palate shows ripe plum, espresso, vanilla and licorice alongside bracing tannins. Give this time to unwind. Drink after 2018.",1.48
1281,Tenuta Vitanza 2011  Brunello di Montalcino,Tenuta Vitanza,Toscana,Brunello di Montalcino,Sangiovese,2011,88,87-89 Molto buono,50.0,4. Da 40 a 74,Kerin O'Keefe,"Scents of mature wild berry, fragrant iris, chopped mint and a hint of leather come together on this. The round, no-frills palate offers up dried black cherry, anise and clove alongside mature, loosely knit tannins. It's already extremely accessible.",1.76
1282,Tenuta dell'Ornellaia 2004 Masseto Merlot (Toscana),Tenuta dell'Ornellaia,Toscana,Toscana,Merlot,2004,99,95-100 Eccezionale,250.0,5. 75 e oltre,Non indicato,"Even better than the highly acclaimed 2001 vintage, this Merlot from a tiny, clay soil vineyard in Bolgheri is just about everything you've ever dreamed of tasting. Gorgeous, generous, voluptuous, cheerful, succulent and intense: Masseto is all those things. T",0.4
1283,Tenuta di Biserno 2012 Biserno Red (Toscana),Tenuta di Biserno,Toscana,Toscana,Red Blend,2012,92,90-94 Ottimo,160.0,5. 75 e oltre,Kerin O'Keefe,"Coconut, black currant, toasted oak and grilled bell pepper lead the nose on this blend of Cabernet Franc, Merlot, Cabernet Sauvignon and Petit Verdot. The polished, full-bodied palate offers dried black cherry, raspberry, licorice and espresso framed in silky",0.57
1284,Tenuta di Capraia 2013  Chianti Classico,Tenuta di Capraia,Toscana,Chianti Classico,Red Blend,2013,90,90-94 Ottimo,15.0,2. Da 15 a 24,Kerin O'Keefe,"Here's a charming, savory blend of Sangiovese and 10% Canaiolo and Colorino that opens with aromas of red berry, violet and a whiff of sweet cake spice. The bright, juicy palate offers crunchy red berry, cinnamon, anise and orange zest while lithe tannins and ",6.0
1285,Tenute Silvio Nardi 2004  Brunello di Montalcino,Tenute Silvio Nardi,Toscana,Brunello di Montalcino,Sangiovese Grosso,2004,91,90-94 Ottimo,63.0,4. Da 40 a 74,Non indicato,"Tenute Silvio Nardi offers a subdued and elegant interpretation of Brunello with classic aromas of ripe berry, plums, black cherry, spice and lingering minerality. The feel in the mouth is streamlined and tight and this well-focused wine promises to pair with ",1.44
1286,Tenute Silvio Nardi 2010  Rosso di Montalcino,Tenute Silvio Nardi,Toscana,Rosso di Montalcino,Sangiovese Grosso,2010,88,87-89 Molto buono,27.0,3. Da 25 a 39,Non indicato,"A consistent producer, Silvio Nardi delivers a bright, fresh Rosso, bursting with notes of cherry, raspberry and white chocolate. This is a food-friendly wine that would match up nicely with breaded veal or mushroom risotto.",3.26
1287,Tenute del Cerro 2013  Vino Nobile di Montepulciano,Tenute del Cerro,Toscana,Vino Nobile di Montepulciano,Sangiovese,2013,87,87-89 Molto buono,23.0,2. Da 15 a 24,Kerin O'Keefe,"Subtle stewed black-skinned fruit, grilled herb and licorice aromas lead the nose. The subdued, lean palate offers raw cherry and espresso notes framed by close-grained tannins that grip the finish.",3.78
1288,Terenzi 2011 Marchesa Riserva  (Morellino di Scansano),Terenzi,Toscana,Morellino di Scansano,Sangiovese,2011,90,90-94 Ottimo,55.0,4. Da 40 a 74,Kerin O'Keefe,"This full-bodied wine opens with earthy aromas of game, leather, ripe black fruit, clove and a balsamic note. Bracing tannins that still need to unwind support the concentrated blackberry, raspberry, tobacco and licorice flavors. The warmth of alcohol shows on",1.64
1289,Terrabianca 2004 Il Tesoro Merlot (Toscana),Terrabianca,Toscana,Toscana,Merlot,2004,91,90-94 Ottimo,43.0,4. Da 40 a 74,Non indicato,"Il Tesoro is a pure expression of Merlot. The wine will immediately grab your attention thanks to generous and refined notes of sweet cherry, blueberry, vanilla bean, licorice, Indian spice and chocolate fudge. It imparts deliciously soft, velvety tannins in t",2.12
1290,Terrabianca 2004 Piano del Cipresso Sangiovese (Toscana),Terrabianca,Toscana,Toscana,Sangiovese,2004,89,87-89 Molto buono,44.0,4. Da 40 a 74,Non indicato,"Made exclusively from Sangiovese, Cipresso is a lively, brilliant red with pretty fruit intensity and a solid, bright finish.",2.02
1291,Terrabianca 2005 Ceppate Red (Toscana),Terrabianca,Toscana,Toscana,Red Blend,2005,92,90-94 Ottimo,69.0,4. Da 40 a 74,Non indicato,"Modern and focused, but generous and intense at the same time, Ceppate (90% Cabernet Sauvignon with 10% Merlot) is a beautifully shaped wine with equal parts fruit and spice. It is soft and slightly sweet on the palate but also delivers extraordinary length an",1.33
1292,Terralsole 2006  Brunello di Montalcino,Terralsole,Toscana,Brunello di Montalcino,Sangiovese Grosso,2006,92,90-94 Ottimo,75.0,5. 75 e oltre,Non indicato,"Brunello is the perfect winter wine to enjoy by a roaring fire with friends or a romantic partner. This expression from Terralsole is particularly well suited to this happy fate thanks to its silky, soft nature, firm tannins, spice aromas and bursting fruit to",1.23
1293,Terre Nere Campigli Vallone 2014  Rosso di Montalcino,Terre Nere Campigli Vallone,Toscana,Rosso di Montalcino,Sangiovese,2014,87,87-89 Molto buono,18.0,2. Da 15 a 24,Kerin O'Keefe,"Delicate scents of red berry, blue flower, forest floor and menthol lead the nose. The no-frills palate offers juicy wild cherry, star anise and cured meat framed in firm acidity and close-grained tannins.",4.83
1294,Terre del Marchesato 2009 Il Tarabuso Cabernet Sauvignon (Toscana),Terre del Marchesato,Toscana,Toscana,Cabernet Sauvignon,2009,91,90-94 Ottimo,45.0,4. Da 40 a 74,Non indicato,"The clean, polished bouquet gives this Cabernet Sauvignon an austere and masculine personality. Beyond the bold aromas of black fruit, leather and tobacco are delicate notes of pressed violet and rum cake. The tannins are solid and firm, and a dusting of miner",2.02
1295,Terre di Melazzano 2009 Elikia Riserva  (Chianti Classico),Terre di Melazzano,Toscana,Chianti Classico,Red Blend,2009,87,87-89 Molto buono,30.0,3. Da 25 a 39,Kerin O'Keefe,"This blend of 85% Sangiovese, 10% Merlot and 5% Cabernet Sauvignon leads with aromas of underbrush, plum, spice and toasted notes. The palate opens with juicy black cherry accented with black pepper and mocha but it has an abrupt, tannic finish.",2.9
1296,Terre di Talamo 2010 Vento Teso Viognier (Toscana),Terre di Talamo,Toscana,Toscana,Viognier,2010,87,87-89 Molto buono,23.0,2. Da 15 a 24,Non indicato,"This Tuscan expression of Viognier doesn't show the intense floral aromas you usually find in this fragrant grape variety. Instead, you get layers of citrus, pear and white peach.",3.78
1297,Terre di Talamo 2011 Piano... Piano Rosé (Toscana),Terre di Talamo,Toscana,Toscana,Rosé,2011,87,87-89 Molto buono,15.0,2. Da 15 a 24,Non indicato,"""Piano... Piano"" means ""easy... easy"" in Italian-and this pretty rosé indeed delivers informality and friendliness. The wine is packaged with a glass cork, and the bouquet offers bright tones of raspberry and citrus.",5.8
1298,Terre di Talamo 2011 Vento Vermentino (Toscana),Terre di Talamo,Toscana,Toscana,Vermentino,2011,87,87-89 Molto buono,18.0,2. Da 15 a 24,Non indicato,"This offers breezy aromas of lemon, citrus mousse, cut grass and sweet basil. It is bright, lively and crisp, with the kind of fresh acidity that pairs with seafood and vegetable dishes.",4.83
1299,Teruzzi & Puthod 2006 Peperino Red (Toscana),Teruzzi & Puthod,Toscana,Toscana,Red Blend,2006,86,80-86 Buono,15.0,2. Da 15 a 24,Non indicato,"Peperino is an informal blend of Sangiovese and Merlot with bright, clean berry nuances and mild shadings of spice and herb. There's a Mediterranean quality to this wine that helps it pair with most Italian, Greek or Spanish meat dishes.",5.73
1300,Tolaini 2004 Tenuta Montebello Picconero Red (Toscana),Tolaini,Toscana,Toscana,Red Blend,2004,94,90-94 Ottimo,130.0,5. 75 e oltre,Non indicato,"Inky concentration and pretty sweet cherry come right at you thanks to the natural intensity of this Merlot-Cabernet-Petit Verdot blend. The wine's thick fruitiness extends deep and wide over the palate, giving it a distinct personality. The tannins are still ",0.72
1301,Tolaini 2011 Valdisanti Red (Toscana),Tolaini,Toscana,Toscana,Red Blend,2011,88,87-89 Molto buono,40.0,4. Da 40 a 74,Kerin O'Keefe,"Made with 75% Cabernet Sauvignon, 20% Sangiovese and 5% Cabernet Franc, this opens with aromas of black currant and a whiff of brown spice. The palate doles out blackberry jam, clove and a toasted note alongside gripping tannins that leave a firm finish.",2.2
1302,Tommasi 2008 Poggio al Tufo  (Maremma),Tommasi,Toscana,Maremma,Cabernet Sauvignon,2008,86,80-86 Buono,15.0,2. Da 15 a 24,Non indicato,This is an informal and fresh Cabernet that would pair perfectly with easy pasta dishes or lasagna. Aromas include black cherry and plum and the wine offers a polished and compact feel overall.,5.73
1303,Tommasi 2012 Poggio al Tufo Rompicollo Red (Toscana),Tommasi,Toscana,Toscana,Red Blend,2012,87,87-89 Molto buono,15.0,2. Da 15 a 24,Kerin O'Keefe,"This simple but inviting wine is made from a blend of 60% Sangiovese and 40% Cabernet Sauvignon. The bright palate boasts sour cherry, red currants and light note of white pepper alongside fresh acidity. It's perfect for everyday fare.",5.8
1304,Trerose 2010 Simposio  (Vino Nobile di Montepulciano),Trerose,Toscana,Vino Nobile di Montepulciano,Sangiovese,2010,89,87-89 Molto buono,56.0,4. Da 40 a 74,Kerin O'Keefe,"This structured red opens with aromas of plum, underbrush, exotic spice and coffee. The palate offers black cherry, vanilla, toasted oak, anisette and espresso alongside bracing tannins that dry out the finish.",1.59
1305,Triacca 2005 Santavenere  (Vino Nobile di Montepulciano),Triacca,Toscana,Vino Nobile di Montepulciano,Prugnolo Gentile,2005,87,87-89 Molto buono,18.0,2. Da 15 a 24,Non indicato,"This attractive Vino Nobile offers ripe cherry fruit, loads of spice and lingering tones of clove, vanilla and pipe tobacco. It's thinner but also more acidic in the mouth, which is an appreciated quality for a Sangiovese-based wine.",4.83
1306,Triacca 2014 Bello Stento  (Chianti Classico),Triacca,Toscana,Chianti Classico,Red Blend,2014,87,87-89 Molto buono,16.0,2. Da 15 a 24,Kerin O'Keefe,"This straightforward informal red offers aromas of dark berry and moist soil. The soft palate displays raspberry jam and a hint of dark spice. It's easy drinking, with supple tannins.",5.44
1307,Tringali Casanuova 2014 Casa al Piano  (Bolgheri),Tringali Casanuova,Toscana,Bolgheri,Red Blend,2014,88,87-89 Molto buono,25.0,3. Da 25 a 39,Kerin O'Keefe,"This red combines Merlot and Cabernet Sauvignon to create black currant and Mediterranean herb aromas. The easygoing, approachable palate shows black cherry and dark spice flavors, framed by polished tannins. Enjoy soon.",3.52
1308,Tua Rita 2006 Rosso dei Notri Red (Toscana),Tua Rita,Toscana,Toscana,Red Blend,2006,90,90-94 Ottimo,19.0,2. Da 15 a 24,Non indicato,"For an entry-level wine, Rosso dei Notri is a sophisticated and compelling red. A blend of Sangiovese (60%), Merlot, Syrah and Cabernet, it boasts dense extraction and a chewy, chunky mouthfeel. Aromas include bursting blueberry, talc powder and smoked bacon. ",4.74
1309,Tua Rita 2011 Per Sempre Syrah (Toscana),Tua Rita,Toscana,Toscana,Syrah,2011,89,87-89 Molto buono,300.0,5. 75 e oltre,Kerin O'Keefe,"Mature black fruit, spice, underbrush and tobacco aromas lead the nose on this full-bodied wine. The round, robust palate delivers spicy plum, blackberry, ground black pepper and licorice alongside big but velvety tannins. The heat of alcohol is evident.",0.3
1310,Tua Rita 2011 Redigaffi Merlot (Toscana),Tua Rita,Toscana,Toscana,Merlot,2011,94,90-94 Ottimo,350.0,5. 75 e oltre,Kerin O'Keefe,"One of Italy's truly great 100% Merlots, this wine opens with aromas of plum, black currants and exotic spices. The opulent, smooth palate delivers blackberry, white pepper and a note of creamy milk chocolate alongside firm, velvety tannins. Soft and round, it",0.27
1311,Tua Rita 2012 Rosso dei Notri Red (Toscana),Tua Rita,Toscana,Toscana,Red Blend,2012,89,87-89 Molto buono,21.0,2. Da 15 a 24,Kerin O'Keefe,"A blend of 50% Sangiovese and 50% Cabernet Sauvignon and Merlot, this savory wine boasts structure and drinkability. Aromas of toast, chocolate and ripe plum carry over to the palate along with dark cherry, white pepper and smooth, velvety tannins. It's made f",4.24
1312,Tua Rita 2012 Redigaffi Merlot (Toscana),Tua Rita,Toscana,Toscana,Merlot,2012,94,90-94 Ottimo,400.0,5. 75 e oltre,Kerin O'Keefe,"One of Italy's most acclaimed Merlots, this concentrated wine opens with scents of black currants, cedar, sage and espresso. The firmly structured but polished palate delivers dried black cherry, black pepper, coffee and licorice alongside a backbone of velvet",0.24
1313,Uccelliera 2009  Rosso di Montalcino,Uccelliera,Toscana,Rosso di Montalcino,Sangiovese Grosso,2009,88,87-89 Molto buono,20.0,2. Da 15 a 24,Non indicato,"Uccelliera's savory Rosso offers a compact mouthfeel, with bright acidity, silky tannins and bright berry aromas. Pair this wine with lamb stewed with exotic spices and grated ginger.",4.4
1314,Vagnoni 2007  Vernaccia di San Gimignano,Vagnoni,Toscana,Vernaccia di San Gimignano,Vernaccia,2007,86,80-86 Buono,24.0,2. Da 15 a 24,Non indicato,"This is crystalline Vernaccia with bright aromas of pear, citrus and a touch of white peppercorn or natural rubber. It goes down in a fresh and clean manner and ends with a citrus crispness.",3.58
1315,Val di Suga 2010 Poggio al Granchio  (Brunello di Montalcino),Val di Suga,Toscana,Brunello di Montalcino,Sangiovese,2010,89,87-89 Molto buono,99.0,5. 75 e oltre,Kerin O'Keefe,"Aromas of black-skinned berry marinated in spirits, dark spice, chopped herb and a balsamic note emerge in the glass. The robust assertive palate offers dried sour cherry, powdered sage and star anise alongside a backbone of bracing, mouth-drying tannins that ",0.9
1316,Val di Toro 2012 Reviresco  (Morellino di Scansano),Val di Toro,Toscana,Morellino di Scansano,Sangiovese,2012,88,87-89 Molto buono,16.0,2. Da 15 a 24,Kerin O'Keefe,"Made entirely with Sangiovese, this highlights earthy aromas of leafy underbrush, tilled soil and dark berry. The savory palate offers black cherry, nectarine zest, clove and a hint of Mediterranean herb alongside assertive tannins.",5.5
1317,Valiano 2008 Poggio Teo  (Chianti Classico),Valiano,Toscana,Chianti Classico,Sangiovese,2008,88,87-89 Molto buono,25.0,3. Da 25 a 39,Non indicato,"Bright and fresh, with streamlined and compact fruit, Poggio Teo has the natural acidity to stand up to cheese- or cream-based dishes. It has light dustings of toasted nut and spice that give the palate added dimension.",3.52
1318,Vecchia Cantina di Montepulciano 2011 Redi Briareo Riserva  (Vino Nobile di Montepulciano),Vecchia Cantina di Montepulciano,Toscana,Vino Nobile di Montepulciano,Red Blend,2011,88,87-89 Molto buono,60.0,4. Da 40 a 74,Kerin O'Keefe,"Made of 90% Sangiovese and 10% Canaiolo, this offers black tea and mature plum aromas, while the palate evokes dried cherry, clove and star anise flavors. Firm, close-grained tannins generate an austere finish. Give it another few years to soften, then enjoy.",1.47
1319,Vecchia Cantina di Montepulciano 2013 Poggio Stella  (Rosso di Montepulciano),Vecchia Cantina di Montepulciano,Toscana,Rosso di Montepulciano,Red Blend,2013,86,80-86 Buono,14.0,1. Sotto 15,Kerin O'Keefe,"Made with Sangiovese and Canaiolo, this friendly wine opens with aromas of mature black plum and crushed blue flower. The one-dimensional and forward palate offers black raspberry accented with notes of clove and a hint of white pepper. Pair it with medium-sea",6.14
1320,Verbena 2006  Brunello di Montalcino,Verbena,Toscana,Brunello di Montalcino,Sangiovese Grosso,2006,91,90-94 Ottimo,60.0,4. Da 40 a 74,Non indicato,"With a slight hint of orange coloring at the rim, this beautiful Brunello delivers impressive concentration and aromatic intensity. There are evident oak tones of vanilla and spice that already showing signs of smooth integration. It offers sophisticated fruit",1.52
1321,Vignaioli del Morellino di Scansano 2010 Riserva Roggiano  (Morellino di Scansano),Vignaioli del Morellino di Scansano,Toscana,Morellino di Scansano,Red Blend,2010,83,80-86 Buono,22.0,2. Da 15 a 24,Kerin O'Keefe,"This blend of 90% Sangiovese and 10% Merlot opens with acrid aromas that recall sweat and wet leaves. The palate delivers a mouthful of raw oak, roasted coffee bean and espresso. It lacks fruit richness and finishes on a bitter note of astringent wood tannins.",3.77
1322,Vignamaggio 2008 Il Morino Sangiovese (Toscana),Vignamaggio,Toscana,Toscana,Sangiovese,2008,87,87-89 Molto buono,10.0,1. Sotto 15,Non indicato,"A great deal from Tuscany, this bright Sangiovese-based wine offers playful aromas of cassis, cherry and wild berry with red rose and a touch of toasted almond.",8.7
1323,Vignavecchia 2008  Chianti Classico,Vignavecchia,Toscana,Chianti Classico,Sangiovese,2008,86,80-86 Buono,30.0,3. Da 25 a 39,Non indicato,"Concentrated, thick and dark in appearance, this lush Chianti Classico shows a dark ruby color and flavors of black cherry, cassis and cola. It feels a warm in the mouth, with a powerful finish.",2.87
1324,Vignavecchia 2010 Riserva Odoardo Beccari  (Chianti Classico),Vignavecchia,Toscana,Chianti Classico,Red Blend,2010,90,90-94 Ottimo,50.0,4. Da 40 a 74,Kerin O'Keefe,"Blue flower, ripe plum, vanilla, underbrush and leather aromas waft out of the glass. The palate delivers black cherry, coffee, toast, black pepper and clove alongside tightly-knit tannins. Drink 2015-2020.",1.8
1325,Vignavecchia 2010 Riserva  (Chianti Classico),Vignavecchia,Toscana,Chianti Classico,Red Blend,2010,89,87-89 Molto buono,45.0,4. Da 40 a 74,Kerin O'Keefe,"Aromas of black plum, espresso, grilled pepper, toast and spice take center stage in this blend made from 90% Sangiovese and 10% Merlot. The dense palate offers juicy black cherry, lemon rind, coffee and black pepper alongside dusty tannins.",1.98
1326,Villa Calcinaia 2011 Piegaia  (Chianti Classico),Villa Calcinaia,Toscana,Chianti Classico,Red Blend,2011,87,87-89 Molto buono,17.0,2. Da 15 a 24,Kerin O'Keefe,"A pretty blend of 90% Sangiovese and 10% Merlot, it begins with aromas of bright red berries and blue flower. The soft, friendly palate offers red cherry and hints of cooking spices in an easy, ready-to-enjoy style. The Marchetti Company, Imports Inc., Pio Imp",5.12
1327,Villa Cerna 2011 Riserva  (Chianti Classico),Villa Cerna,Toscana,Chianti Classico,Red Blend,2011,89,87-89 Molto buono,35.0,3. Da 25 a 39,Kerin O'Keefe,"Aromas of toast, mocha and baked plum lead the nose of this blend of Sangiovese and 10% Colorino. The taut palate offers dried wild cherry, raspberry, mint and ground pepper alongside fine-grained tannins. Drink 2016-2021.",2.54
1328,Villa I Cipressi 2007  Brunello di Montalcino,Villa I Cipressi,Toscana,Brunello di Montalcino,Sangiovese Grosso,2007,90,90-94 Ottimo,55.0,4. Da 40 a 74,Non indicato,"This Brunello opens with a sweet nose of vanilla and cherry. The bouquet is straightforward, giving the wine a frank, no-nonsense personality. Flavors of spice, leather and tobacco appear later, rendering more depth. It feels youthful, soft and chewy on the cl",1.64
1329,Villa I Cipressi 2007  Rosso di Montalcino,Villa I Cipressi,Toscana,Rosso di Montalcino,Sangiovese Grosso,2007,87,87-89 Molto buono,25.0,3. Da 25 a 39,Non indicato,"This luminous, ruby-colored Rosso delivers aromas of cherry, ripe berry fruit and sweet vanilla. There's a soft, modern touch here that has been shaped by oak aging and you'll taste background flavors of smoke and spice.",3.48
1330,Villa I Cipressi 2012  Brunello di Montalcino,Villa I Cipressi,Toscana,Brunello di Montalcino,Sangiovese,2012,90,90-94 Ottimo,60.0,4. Da 40 a 74,Kerin O'Keefe,"Dark spice, forest floor, sun-baked soil and toast aromas lead the nose. The ripe, full-bodied palate doles out raspberry jam, vanilla, licorice and espresso notes, while close-grained tannins provide firm support.",1.5
1331,Villa Pillo 2008 Cypresses Sangiovese (Toscana),Villa Pillo,Toscana,Toscana,Sangiovese,2008,86,80-86 Buono,16.0,2. Da 15 a 24,Non indicato,Cypresses is a direct and charming expression of Sangiovese from Tuscany that seems designed for informal dinners with family and friends. Simple aromas of berry and forest fruit are followed by fresh crispness.,5.38
1332,Villa Vignamaggio 2008 Castello di Spaltenna  (Chianti Classico),Villa Vignamaggio,Toscana,Chianti Classico,Sangiovese,2008,84,80-86 Buono,18.0,2. Da 15 a 24,Non indicato,"This Sangiovese and Syrah blend opens with slightly burnt aromas of tar and campfire, and it has background notes of dried fruit and leather. It feels dry and a bit flat on the finish.",4.67
1333,Villa Vignamaggio 2010 Gherardino  (Chianti Classico),Villa Vignamaggio,Toscana,Chianti Classico,Sangiovese,2010,88,87-89 Molto buono,20.0,2. Da 15 a 24,Non indicato,"Gherardino offers tight fruit nuances of forest berry, white cherry and cranberry, wrapped within generous tones of almond, wet earth and blue flower. It's an easy-drinking Sangiovese, with bright acids on the finish.",4.4
1334,Volpaia 2004  Vin Santo del Chianti Classico,Volpaia,Toscana,Vin Santo del Chianti Classico,White Blend,2004,94,90-94 Ottimo,44.0,4. Da 40 a 74,Non indicato,"Volpaia is the proud author of one of Chianti Classico's most enjoyable dessert wines. This luscious Vin Santo (a blend of Trebbiano and Malvasia aged in small barrels called caratelli) is velvety soft and decadent with lingering tones of orange zest, resin, d",2.14
1335,Volpaia 2008  Vin Santo del Chianti Classico,Volpaia,Toscana,Vin Santo del Chianti Classico,White Blend,2008,93,90-94 Ottimo,49.0,4. Da 40 a 74,Kerin O'Keefe,"A blend of 60% Trebbiano Toscano and 40% Malvasia del Chianti, this opulent dessert wine opens with intense aromas of dry almond biscuit, dried apricot and a whiff of maple syrup that carry over to the rich palate along with cream caramel and candied nectarine",1.9
1336,Volpaia 2009 Riserva  (Chianti Classico),Volpaia,Toscana,Chianti Classico,Sangiovese,2009,91,90-94 Ottimo,27.0,3. Da 25 a 39,Non indicato,"At the heart of the Chianti Classico region, this estate is responsible for some of the most elegant and traditional expressions of this fabled wine. A bright cherry flavor is framed by oak-driven tones of vanilla spice and mocha.",3.37
1337,Vèscine 2004 Riserva Lodolaio  (Chianti Classico),Vèscine,Toscana,Chianti Classico,Sangiovese,2004,89,87-89 Molto buono,30.0,3. Da 25 a 39,Non indicato,"Riserva Lodolaio offers sophisticated aromas of cured meat, leather, exotic spice and black fruit. The quality of the fruit seems fresh and more youthful in the mouth where you'll taste cherry and blackberry backed by silky tannins and a fresh close.",2.97
1338,Accordini Igino 2007 Le Bessole  (Amarone della Valpolicella),Accordini Igino,Veneto,Amarone della Valpolicella,Red Blend,2007,92,90-94 Ottimo,60.0,4. Da 40 a 74,Kerin O'Keefe,"This dense and concentrated Amarone offers an intense bouquet of marinated cherry, blackberry and tobacco. The palate delivers rich flavors of blackberry, prune, licorice and a touch of carob, along with round tannins and soft acidity. It has layers of flavor ",1.53
1339,Albino Piona 2016  Bardolino,Albino Piona,Veneto,Bardolino,Red Blend,2016,88,87-89 Molto buono,17.0,2. Da 15 a 24,Kerin O'Keefe,"Aromas of berry, dark spice and a whiff of grilled herb lift out of the glass. It's light bodied and savory, with strawberry, red cherry, black pepper and clove flavors set against lithe tannins. Drink soon.",5.18
1340,Aldegheri 2005 Il Groto Red (Rosso del Veronese),Aldegheri,Veneto,Rosso del Veronese,Red Blend,2005,85,80-86 Buono,18.0,2. Da 15 a 24,Non indicato,"This is a thin and easy blend of Corvina, Rondinella, Croatina and Dindarella with sweet aromas of blueberry, forest floor, bramble and grassy notes that make a good companion to informal meals at home. The wine is tart and slightly bitter with straightforward",4.72
1341,Aldegheri 2006 le Pietre White (Veronese),Aldegheri,Veneto,Veronese,White Blend,2006,86,80-86 Buono,12.0,1. Sotto 15,Non indicato,"Here's a no fuss wine for everyday dinners with loads of fresh fruit, kiwi, pineapple and a strong emphasis on floral fragrances. The flavors focus on dried fruit, sun-dried apple chips in particular.",7.17
1342,Allegrini 2010 La Grola Red (Veronese),Allegrini,Veneto,Veronese,Red Blend,2010,89,87-89 Molto buono,32.0,3. Da 25 a 39,Kerin O'Keefe,"Made from a blend of Corvina, Syrah and Oseleta, this savory wine is made by one of Amarone's leading producers. It offers red currant, bell pepper and black pepper flavors. It's tightly wound but fresh, and would pair nicely with grilled portobello mushrooms.",2.78
1343,Altanuta 2011 Pinot Grigio (Valdadige),Altanuta,Veneto,Valdadige,Pinot Grigio,2011,87,87-89 Molto buono,15.0,2. Da 15 a 24,Non indicato,"This is a bright, textbook Pinot Grigio that shows the very best of easy-drinking Italian white wine. Light fragrances of sweet nectarine and honey are followed by a palate with medium structure and crisp acidity.",5.8
1344,Andreola 2016 Dry  (Valdobbiadene Prosecco Superiore),Andreola,Veneto,Valdobbiadene Prosecco Superiore,Glera,2016,88,87-89 Molto buono,22.0,2. Da 15 a 24,Kerin O'Keefe,"This opens with delicate scents of field flower and white stone fruit. On the creamy off-dry palate, a soft mousse backs up sweet white peach, green apple and a candied citrus note while bright acidity lends freshness.",4.0
1345,Anselmi 2001 San Vincenzo White (Veneto),Anselmi,Veneto,Veneto,White Blend,2001,84,80-86 Buono,10.0,1. Sotto 15,Joe Czerwinski,"Tropically fruity and plump, with some banana and custard aromas and flavors--also some tapioca and vanilla. Finishes with a refreshing citrus edge.",8.4
1346,Antica Corte 2008  Valpolicella Classico Superiore Ripasso,Antica Corte,Veneto,Valpolicella Classico Superiore Ripasso,"Corvina, Rondinella, Molinara",2008,87,87-89 Molto buono,23.0,2. Da 15 a 24,Non indicato,"This shows a tiny hint of tertiary aromatic evolution in the form of dried fruit, tobacco leaf, dusty mineral and licorice. It delivers a smooth, polished mouthfeel as well.",3.78
1347,Antolini 2009  Valpolicella Classico Superiore Ripasso,Antolini,Veneto,Valpolicella Classico Superiore Ripasso,"Corvina, Rondinella, Molinara",2009,87,87-89 Molto buono,35.0,3. Da 25 a 39,Non indicato,"This hearty Ripasso opens with a somewhat offbeat nose of root beer, laurel leaf, dried grass and dried fruit or cassis syrup. The wine follows on the palate with medium density and a crisp, clean feel.",2.49
1348,Arduini 2009  Valpolicella Classico Superiore Ripasso,Arduini,Veneto,Valpolicella Classico Superiore Ripasso,"Corvina, Rondinella, Molinara",2009,88,87-89 Molto buono,26.0,3. Da 25 a 39,Non indicato,"This Ripasso presents an interesting nose with clove, fresh curry leaf, cherry liqueur and bitter chocolate. It's smooth and balanced with a simple but genuine delivery overall.",3.38
1349,Astoria 2016 Millesimato Cuvée Tenuta Val de Brun Extra Dry  (Valdobbiadene Prosecco Superiore),Astoria,Veneto,Valdobbiadene Prosecco Superiore,Glera,2016,88,87-89 Molto buono,20.0,2. Da 15 a 24,Kerin O'Keefe,"Honeysuckle and white stone-fruit aromas waft out of the glass. On the bright, creamy palate, a lemon drop note underscores yellow apple and pear alongside vibrant acidity.",4.4
1350,Barone Fini 2002 Pinot Grigio (Valdadige),Barone Fini,Veneto,Valdadige,Pinot Grigio,2002,84,80-86 Buono,11.0,1. Sotto 15,Joe Czerwinski,"Light and easy to drink, with just enough apple and lime to keep things interesting. Makes a fine apéritif.",7.64
1351,Begali 2008  Amarone della Valpolicella Classico,Begali,Veneto,Amarone della Valpolicella Classico,"Corvina, Rondinella, Molinara",2008,92,90-94 Ottimo,45.0,4. Da 40 a 74,Non indicato,"Begali's wines really do offer their own unique personality and style. This wine is embellished by slightly green aromas of bay leaf and rosemary oil that add brightness and buoyancy. The flavors are complex, long lasting and include notes of soft spice, ripe ",2.04
1352,Bertani 2000  Amarone della Valpolicella Classico,Bertani,Veneto,Amarone della Valpolicella Classico,"Corvina, Rondinella, Molinara",2000,94,90-94 Ottimo,136.0,5. 75 e oltre,Non indicato,"Bertani keeps a library of vintages that remain available. This 2000 is absolutely gorgeous, with exotic spice, clove, milled pepper, black fruit, dried apple skin, tobacco and cola. The complexity is extraordinary and so is the smoothness and quality of its f",0.69
1353,Bertani 2004 Villa Novare Albion Cabernet Sauvignon (Veneto),Bertani,Veneto,Veneto,Cabernet Sauvignon,2004,88,87-89 Molto buono,50.0,4. Da 40 a 74,Non indicato,"Here's a Cabernet Sauvignon from northern Italy that shows some budding tertiary aromas of polished stone and black licorice now six years after the harvest. You'll also get black fruit, tar and simple, polished tannins on the close.",1.76
1354,Bertani 2004  Amarone della Valpolicella Classico,Bertani,Veneto,Amarone della Valpolicella Classico,"Corvina, Rondinella, Molinara",2004,93,90-94 Ottimo,100.0,5. 75 e oltre,Non indicato,"Aged in traditional oak casks for six long years, Bertani's beautiful 2004 Amarone delivers the best of Valpolicella. It shows beautiful complexity and elegance that is articulated by tobacco, brown sugar, cassis and sweet tobacco flavors. There's substance an",0.93
1355,Bolla 2010 Le Poiane  (Valpolicella Classico Superiore Ripasso),Bolla,Veneto,Valpolicella Classico Superiore Ripasso,"Corvina, Rondinella, Molinara",2010,87,87-89 Molto buono,17.0,2. Da 15 a 24,Non indicato,"This has zest, personality and depth, with layers of red fruit, spice, leather, pipe tobacco and dried rosemary emerge that emerge on the bouquet.",5.12
1356,Borgoluce 2014 Rive di Collalto Brut  (Valdobbiadene Prosecco Superiore),Borgoluce,Veneto,Valdobbiadene Prosecco Superiore,Glera,2014,88,87-89 Molto buono,20.0,2. Da 15 a 24,Kerin O'Keefe,"Wisteria, peach blossom and a whiff of peach lead the nose. On the linear palate, bracing acidity frames apple, pear and dried thyme notes alongside vibrant, persistent bubbles.",4.4
1357,Bortolomiol 2010 Cartizze Dry  (Valdobbiadene Superiore di Cartizze),Bortolomiol,Veneto,Valdobbiadene Superiore di Cartizze,Glera,2010,91,90-94 Ottimo,30.0,3. Da 25 a 39,Non indicato,"This beautiful expression of the Cartizze cru (Prosecco's most celebrated vineyard site) shows feminine elegance and finesse with white mineral notes woven within spring flower and stone fruit. If you want to taste Italian Prosecco in its superior form, try th",3.03
1358,Bottega 2006 Il Vino Prêt-a-Porter Riserva  (Amarone della Valpolicella Classico),Bottega,Veneto,Amarone della Valpolicella Classico,"Corvina, Rondinella, Molinara",2006,90,90-94 Ottimo,150.0,5. 75 e oltre,Non indicato,"With the faux leather label and over-the-top carrying case, this Amarone emphasizes its packaging. The wine inside is very appealing, showing bright fruit and cherry notes that are enhanced by sweet tobacco and spice accents. The finish is long and silky.",0.6
1359,Brigaldara 2008 Case Vecie  (Amarone della Valpolicella Classico),Brigaldara,Veneto,Amarone della Valpolicella Classico,Red Blend,2008,91,90-94 Ottimo,70.0,4. Da 40 a 74,Kerin O'Keefe,"Here's a sumptuous Amarone, with scents of blackberry, graphite and licorice. The palate is densely concentrated, with ripe black fruit flavors and intense peppery notes. This is powerfully structured, with brooding tannins and practically blazing alcohol that",1.3
1360,Buglioni 2010  Amarone della Valpolicella Classico,Buglioni,Veneto,Amarone della Valpolicella Classico,Red Blend,2010,91,90-94 Ottimo,60.0,4. Da 40 a 74,Kerin O'Keefe,"Ripe black plum, leather, chocolate and allspice emerge on this big, brooding wine. The densely concentrated palate offers raisin, blackberry extract, licorice, ground pepper and tobacco alongside ripe, velvety tannins and the warmth of alcohol. It closes on a",1.52
1361,Ca' Rugate 2009  Amarone della Valpolicella,Ca' Rugate,Veneto,Amarone della Valpolicella,Red Blend,2009,88,87-89 Molto buono,75.0,5. 75 e oltre,Kerin O'Keefe,"This offers aromas of raisin, mature black fruit and spice. The palate is very lush and ripe, with plum and black cherry flavors layered with oak, chocolate, vanilla and espresso accents. It might not have much personality or complexity, but the flavors are de",1.17
1362,Ca' Rugate 2013 Monte Fiorentine  (Soave Classico),Ca' Rugate,Veneto,Soave Classico,Garganega,2013,89,87-89 Molto buono,20.0,2. Da 15 a 24,Kerin O'Keefe,"A smoky nose with hints of flint and stone fruit leads the way on this linear white. The juicy palate delivers yellow peach, crisp apple, lemon drop and a hint of ginger alongside bright acidity.",4.45
1363,Canevel 2016  Valdobbiadene Prosecco Superiore,Canevel,Veneto,Valdobbiadene Prosecco Superiore,Glera,2016,88,87-89 Molto buono,16.0,2. Da 15 a 24,Kerin O'Keefe,"Delicate aromas of white spring blossom and white stone fruit rise from the glass. On the vibrant palate, a hint of almond adds interest to yellow pear and a citrus zest note. It closes crisp and clean.",5.5
1364,Cantina del Castello 2007 Cortepittora  (Recioto di Soave Classico),Cantina del Castello,Veneto,Recioto di Soave Classico,Garganega,2007,87,87-89 Molto buono,29.0,3. Da 25 a 39,Kerin O'Keefe,"Muted aromas of toasted almond, caramel and toasted almond carry over to the palate along with a note of honey. It's structured but also rather evolved without much fruit richness remaining.",3.0
1365,Cantina del Castello 2015  Soave Classico,Cantina del Castello,Veneto,Soave Classico,Garganega,2015,89,87-89 Molto buono,18.0,2. Da 15 a 24,Kerin O'Keefe,"This opens with subtle aromas suggesting wild flower and orchard fruit. Round and ripe, the palate shows tropical fruit, pineapple and citrus peel alongside a saline note.",4.94
1366,Cantina di Soave 2011 Re Midas  (Soave),Cantina di Soave,Veneto,Soave,Garganega,2011,85,80-86 Buono,10.0,1. Sotto 15,Non indicato,"You can't beat the price versus quality ratio on offer here. Yes, this is an easy and thin wine, but it also delivers just enough fruit freshness and personality to pair with easy vegetable dishes or salads. Great for pool side parties or barbecues.",8.5
1367,Case Bianche 2014 Vigna del Cuc  (Valdobbiadene Prosecco Superiore),Case Bianche,Veneto,Valdobbiadene Prosecco Superiore,Sparkling Blend,2014,88,87-89 Molto buono,16.0,2. Da 15 a 24,Kerin O'Keefe,"Wisteria and hawthorn aromas lead the way alongside a note of chopped herbs. The herbs note follows through to the palate and accents crisp green apple, pear and citrus peel, while vibrant acidity and persistent bubbles provide a zesty backdrop.",5.5
1368,Cavalchina 2009 Torre d'Orti  (Valpolicella Ripasso),Cavalchina,Veneto,Valpolicella Ripasso,"Corvina, Rondinella, Molinara",2009,86,80-86 Buono,14.0,1. Sotto 15,Non indicato,"This simple red is a great food wine, and it would pair with just about anything containing meat or cheese. It has heft and determination, with bright accents of cherry, red rose and dried apple.",6.14
1369,Cesari 2003 Il Bosco  (Amarone della Valpolicella Classico),Cesari,Veneto,Amarone della Valpolicella Classico,"Corvina, Rondinella, Molinara",2003,92,90-94 Ottimo,70.0,4. Da 40 a 74,Non indicato,"Here's a sophisticated and elegant Amarone with very forward use of oak that supports its soft, velvety curves. The wine boasts thick concentration, an inky color and loads of spice, candied fruit and tobacco. It's full and soft with velvety tannins and a long",1.31
1370,Cesari 2004 Bosan  (Amarone della Valpolicella),Cesari,Veneto,Amarone della Valpolicella,"Corvina, Rondinella, Molinara",2004,94,90-94 Ottimo,106.0,5. 75 e oltre,Non indicato,"Amarone Bosan is a terrifically impressive wine with beautiful tones of polished river stone, savory spice, plum cake, root beer and liquid smoke. Sweet cherry and blackberry flavors are folded within the wine's rich texture and dense concentration. You'll lov",0.89
1371,Cesari 2008 Il Bosco  (Amarone della Valpolicella Classico),Cesari,Veneto,Amarone della Valpolicella Classico,Red Blend,2008,93,90-94 Ottimo,95.0,5. 75 e oltre,Kerin O'Keefe,"Dense and delicious, this opens with aromas of plum cake, tobacco, leather and blackberry. The rich palate delivers crushed black raspberry, mocha and chocolate alongside brooding tannins. Give it time to unwind and fully develop.",0.98
1372,Coffele 2011  Soave Classico,Coffele,Veneto,Soave Classico,Garganega,2011,86,80-86 Buono,15.0,2. Da 15 a 24,Non indicato,"Here's an easy-drinking Soave Classico that opens with fresh fruit, citrus and a dusty touch of mineral at the back. Crisp and bright, it would pair with light summer meals.",5.73
1373,Col Vetoraz 2014 Dry  (Valdobbiadene Superiore di Cartizze),Col Vetoraz,Veneto,Valdobbiadene Superiore di Cartizze,Glera,2014,89,87-89 Molto buono,30.0,3. Da 25 a 39,Kerin O'Keefe,"Floral scents of rose, acacia and a whiff of white tree fruit lead the way. On the palate, bright acidity lifts up white peach, green apple and lemon drop while a creamy mousse adds softness. It closes on a note of candied citrus zest.",2.97
1374,Col Vetoraz Spumanti 2011 Brut  (Conegliano Valdobbiadene Prosecco Superiore),Col Vetoraz Spumanti,Veneto,Conegliano Valdobbiadene Prosecco Superiore,Glera,2011,88,87-89 Molto buono,18.0,2. Da 15 a 24,Non indicato,"A polished and very tonic effort, with a sharp personality and bright aromas of lemon, white flower, flint and crushed white pepper. It's crisp and balanced overall.",4.89
1375,Corte Adami 2015 Vigna della Corte  (Soave),Corte Adami,Veneto,Soave,Garganega,2015,86,80-86 Buono,16.0,2. Da 15 a 24,Kerin O'Keefe,"Subdued acacia flower, toasted nut and dried aromatic herb aromas lead the nose while the palate offers yellow apple skin flavors and a hint of citrus zest. Bitter almond marks the lean finish.",5.38
1376,Corte Aleardi 2007  Amarone della Valpolicella Classico,Corte Aleardi,Veneto,Amarone della Valpolicella Classico,Red Blend,2007,90,90-94 Ottimo,110.0,5. 75 e oltre,Kerin O'Keefe,"This Amarone has aromas of ripe black fruit and vanilla. The palate delivers plum and blackberry flavors layered with chocolate and oak. It's not overly complex, but the big fruit and spice flavors satisfy. It's fast approaching its ideal drinking window, so e",0.82
1377,Corte Archi 2010 Gli Archi  (Valpolicella Classico Superiore Ripasso),Corte Archi,Veneto,Valpolicella Classico Superiore Ripasso,Red Blend,2010,86,80-86 Buono,20.0,2. Da 15 a 24,Kerin O'Keefe,"This is an extracted wine that has very ripe aromas of prune and raisin, along with a hint of burned rubber. The palate shows blackberry, fig, spice and licorice flavors, along with a hint of orange peel and a warm midpalate. A bit one-dimensional, but enjoyab",4.3
1378,Corte Giona 2011  Amarone della Valpolicella,Corte Giona,Veneto,Amarone della Valpolicella,Red Blend,2011,90,90-94 Ottimo,37.0,3. Da 25 a 39,Kerin O'Keefe,"Aromas of baked plum, vanilla, raisin and a confectionary note emerge in the glass. On the palate, notes of ground black pepper and chocolate accent the core of black cherry and raspberry compote alongside firm, fine-grained tannins.",2.43
1379,Corte Lenguin 2006  Amarone della Valpolicella Classico,Corte Lenguin,Veneto,Amarone della Valpolicella Classico,"Corvina, Rondinella, Molinara",2006,87,87-89 Molto buono,36.0,3. Da 25 a 39,Non indicato,"This 70-30 Corvina and Rondinella Amarone blend is slightly disjointed on the nose with contrasting aromas of toasted oak and ripe fruit. It makes a nice impression in the mouth, however, thanks to its smooth, rich texture.",2.42
1380,Corte Lenguin 2008  Valpolicella Classico Superiore Ripasso,Corte Lenguin,Veneto,Valpolicella Classico Superiore Ripasso,"Corvina, Rondinella, Molinara",2008,88,87-89 Molto buono,20.0,2. Da 15 a 24,Non indicato,"Corte Lenguin delivers an impressive Ripasso this year with luscious softness and plump aromas of vanilla bean, red cherry and mocha. The wine closes with a rich, smoky aftertaste.",4.4
1381,Corte Moschina 2011  Amarone della Valpolicella,Corte Moschina,Veneto,Amarone della Valpolicella,Red Blend,2011,90,90-94 Ottimo,40.0,4. Da 40 a 74,Kerin O'Keefe,"Plum cake, resin, leather, raisin and exotic spice aromas come together in the glass. On the dense palate, licorice, chopped sage and tobacco notes accent prune and blackberry while firm, fine-grained tannins offers support.",2.25
1382,Corte Moschina 2015 Roncathe  (Soave),Corte Moschina,Veneto,Soave,Garganega,2015,88,87-89 Molto buono,12.0,1. Sotto 15,Kerin O'Keefe,"Pear, white flower and crushed herb aromas jump out of the glass. The fresh savory palate offers creamy white peach, apple and a hint of nectarine zest while a mineral note lends energy.",7.33
1383,Corte Sant' Alda 2008 Campi Magri  (Valpolicella Superiore Ripasso),Corte Sant' Alda,Veneto,Valpolicella Superiore Ripasso,"Corvina, Rondinella, Molinara",2008,88,87-89 Molto buono,43.0,4. Da 40 a 74,Non indicato,"This Ripasso-method Valpolicella is aged for two years in cherry wood to add complexity and intensity to its aromatic bouquet. You'll recognize tones of cola, dark spice, mature fruit, cassis and bitter almond.",2.05
1384,Corteforte 2005 Vigneti di Osan  (Amarone della Valpolicella Classico),Corteforte,Veneto,Amarone della Valpolicella Classico,Red Blend,2005,93,90-94 Ottimo,70.0,4. Da 40 a 74,Kerin O'Keefe,"Here's a beautiful Amarone with aromas of black cherry layered with leather, underbrush, carob and sandalwood. The palate delivers a core of ripe blackberry flavor, along with raisin, chocolate, mint and hints of coffee and vanilla. This is brawny but it also ",1.33
1385,Corteforte 2009 Vigneti di Osan  (Amarone della Valpolicella Classico),Corteforte,Veneto,Amarone della Valpolicella Classico,Red Blend,2009,92,90-94 Ottimo,70.0,4. Da 40 a 74,Kerin O'Keefe,"Alluring aromas of mature dark berry, leather, Asian spice and a whiff of fragrant purple flower slowly take shape in the glass. The palate has weight and precision, doling out dried cherry, prune, espresso, anise and pipe tobacco. Firm, fine-grained provide p",1.31
1386,Dal Cero Tenuta di Corte Giacobbe 2012 Vigneto Runcata  (Soave Superiore),Dal Cero Tenuta di Corte Giacobbe,Veneto,Soave Superiore,Garganega,2012,85,80-86 Buono,29.0,3. Da 25 a 39,Kerin O'Keefe,"Aged in large casks, this opens with aromas of toast, oak, and espresso. The palate offers fleeting Golden Delicous apple and citrus along with more persistent toasted oak sensations. Overall it lacks the fruit richness needed to support the evident wood influ",2.93
1387,Dal Cero Tenuta di Corte Giacobbe 2015  Valpolicella,Dal Cero Tenuta di Corte Giacobbe,Veneto,Valpolicella,Red Blend,2015,85,80-86 Buono,19.0,2. Da 15 a 24,Kerin O'Keefe,"Light bodied and ideal for everyday fare, this has flavors of dried cherry, ground black pepper and a hint of clove. It's simple and easygoing, with soft tannins.",4.47
1388,Dal Forno Romano 2007  Valpolicella Superiore,Dal Forno Romano,Veneto,Valpolicella Superiore,"Corvina, Rondinella, Molinara",2007,93,90-94 Ottimo,129.0,5. 75 e oltre,Non indicato,"Romano Dal Forno applies the same stringent quality standards on his so-called base wine as he does his top-tier Amarone. But referring to this Valpolicella Superiore as a ""base wine"" couldn't be more incorrect. In fact, this singular expression occupies its v",0.72
1389,David Sterza 2009  Valpolicella Classico Superiore Ripasso,David Sterza,Veneto,Valpolicella Classico Superiore Ripasso,"Corvina, Rondinella, Molinara",2009,90,90-94 Ottimo,17.0,2. Da 15 a 24,Non indicato,"David Sterza makes one of the best Ripassos ever and the low price of this delicious wine makes it all the more irresistible. Huge concentration and inky richness is offset by sweet cherry, black licorice, cola and dried flowers. The wine is long, smooth and f",5.29
1390,Degani 2004  Amarone della Valpolicella Classico,Degani,Veneto,Amarone della Valpolicella Classico,"Corvina, Rondinella, Molinara",2004,89,87-89 Molto buono,51.0,4. Da 40 a 74,Non indicato,"Degani's Amarone exhibits a lighter and more approachable style with vibrant aromas of forest berry, cola, vanilla and a hint of mature strawberry. It offers attractive sweetness and promises easy pairing potential with most meat and pasta dishes.",1.75
1391,Domìni Veneti 2008 San Rocco  (Amarone della Valpolicella Classico),Domìni Veneti,Veneto,Amarone della Valpolicella Classico,Red Blend,2008,87,87-89 Molto buono,80.0,5. 75 e oltre,Kerin O'Keefe,"Dense and extracted, this opens with aromas of roasted herbs, leafy underbrush, vanilla and plum cake. The syrupy palate offers blueberry extract and sweet baking spices framed by grippy tannins.",1.09
1392,Domìni Veneti 2010 Vigneti di Jago  (Amarone della Valpolicella Classico),Domìni Veneti,Veneto,Amarone della Valpolicella Classico,Red Blend,2010,86,80-86 Buono,55.0,4. Da 40 a 74,Kerin O'Keefe,"This has aromas suggesting leafy underbrush, menthol and dark spice. The robust one-dimensional palate offers dried fig, raisin, clove and a green note of powdered sage. Raspy tannins and the heat of evident alcohol dominate the astringent finish.",1.56
1393,Farina 2011 Montecorna  (Valpolicella Classico Superiore Ripasso),Farina,Veneto,Valpolicella Classico Superiore Ripasso,Red Blend,2011,89,87-89 Molto buono,20.0,2. Da 15 a 24,Kerin O'Keefe,"Here's a delicious and bright wine that boasts plum, black cherry, white pepper and nutmeg sensations. It combines the freshness of Valpolicella with the ripeness of Amarone, and is very food friendly.",4.45
1394,Fattori 2012 Col de la Bastia  (Amarone della Valpolicella),Fattori,Veneto,Amarone della Valpolicella,Red Blend,2012,91,90-94 Ottimo,90.0,5. 75 e oltre,Kerin O'Keefe,"Dried violet, plum cake and exotic spice aromas lead the way on this brawny, structured wine. The firm palate delivers dried black cherry, blackberry extract, licorice and tobacco alongside round, chewy tannins.",1.01
1395,Foss Marai 2014 Guia Millesimato Brut  (Valdobbiadene Prosecco Superiore),Foss Marai,Veneto,Valdobbiadene Prosecco Superiore,Glera,2014,90,90-94 Ottimo,25.0,3. Da 25 a 39,Kerin O'Keefe,"Notes of chopped star anise, sage, white spring flowers and Bartlett pear float out of the glass. The elegant palate offers yellow apple, white almond and citrus zest alongside a refined perlage. Bright acidity gives it a clean, quenching finish.",3.6
1396,Franchetto 2015  Soave,Franchetto,Veneto,Soave,Garganega,2015,89,87-89 Molto buono,14.0,1. Sotto 15,Kerin O'Keefe,"This savory white opens with toasted nut, mature apple and citrus zest aromas. Mirroring the nose, the round, juicy palate doles out ripe apple, peach and candied tangerine flavors with moderate freshness. A bitter almond note graces the finish.",6.36
1397,Gamba 2009 Le Quare  (Valpolicella Classico Superiore Ripasso),Gamba,Veneto,Valpolicella Classico Superiore Ripasso,"Corvina, Rondinella, Molinara",2009,87,87-89 Molto buono,19.0,2. Da 15 a 24,Non indicato,"Elegant and streamlined, this opens with subtle tones of dried fruit, prune, raisin and cassis. It also delivers savory layers of spice and cured meat flavors, with a note of tobacco and a spicy pinch of white pepper.",4.58
1398,Gamba Gnirega 2009 Campedel  (Amarone della Valpolicella Classico),Gamba Gnirega,Veneto,Amarone della Valpolicella Classico,Red Blend,2009,89,87-89 Molto buono,70.0,4. Da 40 a 74,Kerin O'Keefe,"This Amarone shows dominant oak and vanilla on the nose, along with prune and licorice notes. The palate is also dominated by oak, vanilla and toasted notes, along with black fruit and alcoholic warmth. Overall, it's a bit dense, and while it lacks finesse, it",1.27
1399,Garganuda 2015  Soave,Garganuda,Veneto,Soave,Garganega,2015,84,80-86 Buono,17.0,2. Da 15 a 24,Kerin O'Keefe,"Light bodied and uber simple, this informal white offers nectarine and bitter nut suggestions. It's brisk, with zesty acidity.",4.94
1400,Gianni Tessari 2016  Soave,Gianni Tessari,Veneto,Soave,White Blend,2016,86,80-86 Buono,15.0,2. Da 15 a 24,Kerin O'Keefe,"Aromas of white spring flower and yellow stone fruit lead the nose on this bright straightforward white. It's simple but well made, with flavors of yellow peach and a hint of dried herb alongside crisp acidity.",5.73
1401,Giavi 2012 Prima Volta Millesimato Dry  (Conegliano Valdobbiadene Prosecco Superiore),Giavi,Veneto,Conegliano Valdobbiadene Prosecco Superiore,Glera,2012,87,87-89 Molto buono,18.0,2. Da 15 a 24,Non indicato,"This dry Prosecco Superiore opens with easy aromas of peach and white flower followed by sweet cream and fresh lemon or lime. The style dictates a touch of sweetness in the mouth and although this Italian sparkler does deliver that, the wine is light and refre",4.83
1402,Gini 2001 La Froscà  (Soave Classico),Gini,Veneto,Soave Classico,White Blend,2001,89,87-89 Molto buono,18.0,2. Da 15 a 24,Roger Voss,"From a single vineyard, this exemplary Soave has great intensity and concentration, with flavors of peppers and ripe, green fruits. The wine's long fermentation wine gives it structure and great extraction of flavor.",4.94
1403,Gino Fasoli 2006 Corte del Pozzo  (Amarone della Valpolicella),Gino Fasoli,Veneto,Amarone della Valpolicella,"Corvina, Rondinella, Molinara",2006,88,87-89 Molto buono,75.0,5. 75 e oltre,Non indicato,"No doubt, this is a big, bold wine that hits the palate like a ton of bricks. Aromas include maple syrup, brown sugar, molasses, dark fruit and plum, spice and leather. Not surprisingly, it delivers loads of sticky chewiness as well.",1.17
1404,Gino Fasoli 2015 Tasi  (Valpolicella Ripasso),Gino Fasoli,Veneto,Valpolicella Ripasso,Red Blend,2015,89,87-89 Molto buono,45.0,4. Da 40 a 74,Kerin O'Keefe,"A blend of 40% Corvina, 40% Corvinone, 15% Rondinella and 5% Oseleta, this opens with aromas of blackberry, raisin and toasted almond. The rich approachable palate offers concentrated black cherry, red plum and a touch of cinnamon alongside supple tannins. Enj",1.98
1405,Giuseppe Lonardi 2007  Amarone della Valpolicella Classico,Giuseppe Lonardi,Veneto,Amarone della Valpolicella Classico,"Corvina, Rondinella, Molinara",2007,87,87-89 Molto buono,65.0,4. Da 40 a 74,Non indicato,"There's a touch of pungent apple skin at first, but the bouquet opens up over time with pretty floral tones and shadings of forest fruit and dried raspberry. For an Amarone, this wine is surprisingly bright and crisp on the close.",1.34
1406,Giuseppe Lonardi 2009  Amarone della Valpolicella Classico,Giuseppe Lonardi,Veneto,Amarone della Valpolicella Classico,Red Blend,2009,88,87-89 Molto buono,49.0,4. Da 40 a 74,Kerin O'Keefe,"This Amarone has aromas of rich black fruit and vanilla. The palate shows almost overripe plum and berry flavors, along with oak sensations and toasted notes. You'll also detect a warm midpalate.",1.8
1407,Giuseppe Lonardi 2009  Valpolicella Classico Superiore Ripasso,Giuseppe Lonardi,Veneto,Valpolicella Classico Superiore Ripasso,"Corvina, Rondinella, Molinara",2009,86,80-86 Buono,21.0,2. Da 15 a 24,Non indicato,"Ripe, plush and chewy, this easy-going wine has the heft and endurance to pair with cheesy lasagna or pizza. It's soft and lush on the palate, with tame tannins.",4.1
1408,Guerrieri Rizzardi 2007 Pojega  (Valpolicella Classico Superiore Ripasso),Guerrieri Rizzardi,Veneto,Valpolicella Classico Superiore Ripasso,"Corvina, Rondinella, Molinara",2007,88,87-89 Molto buono,25.0,3. Da 25 a 39,Non indicato,"Pojega is an expressive and polished Ripasso that shows a united aromatic front composed of spice, mature blackberry, leather and sweet tobacco. It delivers power and intensity but not in a heavy or exaggerated way.",3.52
1409,I Campi 2015 Campo Base  (Soave),I Campi,Veneto,Soave,Garganega,2015,85,80-86 Buono,14.0,1. Sotto 15,Kerin O'Keefe,"This wine's spring blossom, yellow apple and almond scents carry over to the light, rather diluted palate. Although simple, it's a great utility pour for large, informal gatherings or picnics.",6.07
1410,I Saltari 2008  Amarone della Valpolicella,I Saltari,Veneto,Amarone della Valpolicella,Red Blend,2008,92,90-94 Ottimo,67.0,4. Da 40 a 74,Kerin O'Keefe,"Dried black cherry, pressed violet, tilled soil nutmeg and chopped herb aromas lead the nose on this big, bold red. The round, enveloping palate doles out dried plum, raspberry compote, licorice and black pepper alongside velvety tannins that lend it a polishe",1.37
1411,I Stefanini 2015 Monte de Toni  (Soave Classico),I Stefanini,Veneto,Soave Classico,Garganega,2015,90,90-94 Ottimo,18.0,2. Da 15 a 24,Kerin O'Keefe,"Aromas of ripe Granny Smith apple and exotic fruit lead to creamy flavors of apricot, beeswax and a hint of pineapple on this delicious white. Just enough fresh acidity balances the rich flavors.",5.0
1412,I Stefanini 2015 Il Selese  (Soave),I Stefanini,Veneto,Soave,Garganega,2015,87,87-89 Molto buono,14.0,1. Sotto 15,Kerin O'Keefe,"Here's an enjoyable straightforward white that offers aromas and flavors of ripe apple, peach and a hint of nectarine zest. A white almond note closes the finish.",6.21
1413,Inama 2009 Vin Soave  (Soave Classico),Inama,Veneto,Soave Classico,Garganega,2009,87,87-89 Molto buono,15.0,2. Da 15 a 24,Non indicato,"Spaghetti con vongole (clams) is an appropriate pairing partner for this luminous white wine from northern Italy. Aged only in stainless steel, this Soave Classico delivers clean aromas of peach, citrus and honey.",5.8
1414,La Cappuccina 2011 San Brizio  (Soave),La Cappuccina,Veneto,Soave,Garganega,2011,86,80-86 Buono,20.0,2. Da 15 a 24,Kerin O'Keefe,"Aromas of toasted oak, vanilla and butterscotch carry over to the palate together with red apple skin and pear alongside fresh acidity. Not much fruit richness, but it's crisp and linear.",4.3
1415,La Cappuccina 2012 Fontego  (Soave),La Cappuccina,Veneto,Soave,White Blend,2012,89,87-89 Molto buono,10.0,1. Sotto 15,Kerin O'Keefe,"It opens with a floral fragrance of Spanish broom, jasmine and chamomile. The juicy palate delivers citrus, pineapple and almond alongside crisp acidity that lends a clean, refreshing close.",8.9
1416,La Cappuccina 2013  Soave,La Cappuccina,Veneto,Soave,Garganega,2013,86,80-86 Buono,11.0,1. Sotto 15,Kerin O'Keefe,"It opens with a delicate fragrance of yellow spring flowers and exotic fruit. The juicy palate offers up pear, honeydew melon and banana peel with a hint of nut on the finish. Simple but well-made.",7.82
1417,La Cappuccina 2016 Fontègo  (Soave),La Cappuccina,Veneto,Soave,White Blend,2016,86,80-86 Buono,13.0,1. Sotto 15,Kerin O'Keefe,"White flower and orchard fruit aromas come together in this bright, easy-drinking wine. The simple palate offers golden apple and tangerine notes, alongside zesty acidity and a hint of bitter almond.",6.62
1418,La Collina dei Ciliegi 2009  Amarone della Valpolicella,La Collina dei Ciliegi,Veneto,Amarone della Valpolicella,Red Blend,2009,88,87-89 Molto buono,74.0,4. Da 40 a 74,Kerin O'Keefe,"This shows nice elegance and restraint. It has earthy aromas, along with black berry and tobacco notes. The palate delivers a core of tight black berry, plum, raisin pepper and cinnamon. While this doesn't have the longest finish, it's enjoyable.",1.19
1419,La Giaretta 2007 I Quadretti  (Valpolicella Classico Superiore),La Giaretta,Veneto,Valpolicella Classico Superiore,"Corvina, Rondinella, Molinara",2007,86,80-86 Buono,38.0,3. Da 25 a 39,Non indicato,"Aged in small oak barrels for 24 months, I Quadretti offers burnt aromas of cedar and incense followed by rose potpourri and scented candle. The close is sour and slightly bitter.",2.26
1420,La Giaretta 2007  Valpolicella Classico Superiore Ripasso,La Giaretta,Veneto,Valpolicella Classico Superiore Ripasso,"Corvina, Rondinella, Molinara",2007,85,80-86 Buono,22.0,2. Da 15 a 24,Non indicato,"This friendly Ripasso opens with sweet and slightly overripe aromas of strawberry, spice, honey-roasted nut, cassis syrup, new leather and cola. It's simple and straightforward in the mouth however with a raw, sharp feel.",3.86
1421,La Giaretta 2009 Volpare  (Valpolicella Classico),La Giaretta,Veneto,Valpolicella Classico,"Corvina, Rondinella, Molinara",2009,85,80-86 Buono,13.0,1. Sotto 15,Non indicato,"This is a jammy, fruity Valpolicella Classico with strawberry and blackberry aromas followed by coffee and mocha. It shows a soft, mature mouthfeel with some heat on the close.",6.54
1422,Le Battistelle 2011 Montesei  (Soave Classico),Le Battistelle,Veneto,Soave Classico,Garganega,2011,87,87-89 Molto buono,15.0,2. Da 15 a 24,Non indicato,"Montesei shows authentic Soave Classico aromas of pear, stone fruit and dusty mineral at the back. Aged only in stainless steel in order to maintain its aromatic freshness, the wine feels smooth and richer than you'd expect on the palate.",5.8
1423,Le Bertarole 2010  Valpolicella Classico Superiore Ripasso,Le Bertarole,Veneto,Valpolicella Classico Superiore Ripasso,Red Blend,2010,86,80-86 Buono,15.0,2. Da 15 a 24,Kerin O'Keefe,"This earthy wine has almost overripe fruit sensations alongside rustic notes that eventually blow off in the glass. The palate shows very ripe plum, black cherry and spice notes. Drink soon.",5.73
1424,Le Ragose 2003  Amarone della Valpolicella Classico,Le Ragose,Veneto,Amarone della Valpolicella Classico,"Corvina, Rondinella, Molinara",2003,89,87-89 Molto buono,50.0,4. Da 40 a 74,Non indicato,"Here's an austere Amarone with overripe notes of fruit preserve, blackberry jelly, moist tobacco, leather, spice and root beer. The wine backs dense concentration with amazing intensity of aromas. It's sweet and sour at the same time with firm tannins.",1.78
1425,Le Ragose 2005  Amarone della Valpolicella Classico,Le Ragose,Veneto,Amarone della Valpolicella Classico,"Corvina, Rondinella, Molinara",2005,88,87-89 Molto buono,55.0,4. Da 40 a 74,Non indicato,"This bold offering shows jammy fruit aromas of blackberry pie and cherry marmalade, followed by a chewy spice tone. The mouthfeel is soft, savory and sweet all at once.",1.6
1426,Le Ragose 2007 Cabernet Sauvignon (Rosso del Veronese),Le Ragose,Veneto,Rosso del Veronese,Cabernet Sauvignon,2007,89,87-89 Molto buono,35.0,3. Da 25 a 39,Non indicato,"A pure expression of Cabernet Sauvignon, this opens with aromas of dark coffee, pulpy blackberry, leather and light shadings of exotic spice. There's a fresh note of green herb that's backed by structure and density.",2.54
1427,Le Ragose 2007 Marta Galli  (Amarone della Valpolicella Classico),Le Ragose,Veneto,Amarone della Valpolicella Classico,Red Blend,2007,90,90-94 Ottimo,130.0,5. 75 e oltre,Kerin O'Keefe,"This opens with aromas of ripe black plum, resin and nutmeg. The concentrated palate delivers mature blackberry, clove and chocolate framed in polished tannins. A licorice note signals the close. Drink through 2020.",0.69
1428,Le Salette 2008 La Marega  (Amarone della Valpolicella Classico),Le Salette,Veneto,Amarone della Valpolicella Classico,"Corvina, Rondinella, Molinara",2008,91,90-94 Ottimo,68.0,4. Da 40 a 74,Non indicato,"Dark and brooding, this has inky concentration, power and determination. The nose is alive with tones of blackberry, maraschino, leather, tobacco and rusty soil. The mouthfeel is thick and penetrating.",1.34
1429,Le Salette 2011 La Marega  (Amarone della Valpolicella Classico),Le Salette,Veneto,Amarone della Valpolicella Classico,Red Blend,2011,91,90-94 Ottimo,92.0,5. 75 e oltre,Kerin O'Keefe,"Floral aromas are layered with notes of ripe black cherry, crushed blackberry, baking spices and a whiff of resin. Despite its full-bodied structure, this is one of the more elegant 2011 Amarones out there, delivering ripe black plum, cocoa and exotic spice. I",0.99
1430,Luciana Cordioli 2006 Vignenuove Corvina (Veneto),Luciana Cordioli,Veneto,Veneto,Corvina,2006,86,80-86 Buono,20.0,2. Da 15 a 24,Non indicato,"This 100% expression of Corvina offers pointed aromas of red apple skin, cola, almond Amaretto and Indian spice. It's an easy-drinking, ruby-colored wine with fresh acidity that could stand up to creamy pasta dishes.",4.3
1431,Luciana Cordioli 2006 Vignenuove  (Valpolicella Classico Superiore Ripasso),Luciana Cordioli,Veneto,Valpolicella Classico Superiore Ripasso,Red Blend,2006,87,87-89 Molto buono,27.0,3. Da 25 a 39,Non indicato,"This is a genuine Ripasso that boasts distinctive aromas of Indian spice, ground ginger, white almond and root beer. There's a cool note of freshness on the close that is backed by plush flavors of mature fruit.",3.22
1432,Luigi Righetti 2009 Campolieti  (Valpolicella Classico Superiore Ripasso),Luigi Righetti,Veneto,Valpolicella Classico Superiore Ripasso,"Corvina, Rondinella, Molinara",2009,87,87-89 Molto buono,16.0,2. Da 15 a 24,Non indicato,"Black fruit, cola and brambly notes of wet earth and forest fruit open the bouquet and segue to warmer tones of tobacco and smoked ham. Pair this wine with hearty lentil soup and bacon bits.",5.44
1433,Maculan 2010 Brentino Red (Veneto),Maculan,Veneto,Veneto,Red Blend,2010,87,87-89 Molto buono,18.0,2. Da 15 a 24,Non indicato,"A blend of Merlot and Cabernet Sauvignon, this has bright cherry fruit, with light touches of spice and toasted almond. The simple, but velvety mouthfeel will work with curry chicken or spicy beef.",4.83
1434,Maculan 2012 Pino & Toi White (Veneto),Maculan,Veneto,Veneto,White Blend,2012,86,80-86 Buono,12.0,1. Sotto 15,Kerin O'Keefe,"This blended white from Friuli has pretty white flower and exotic fruit aromas. It has pineapple, pear and banana peel flavors, although it finishes a bit short.",7.17
1435,Malibràn 2010 5 Grammi Brut  (Conegliano Valdobbiadene Prosecco Superiore),Malibràn,Veneto,Conegliano Valdobbiadene Prosecco Superiore,Glera,2010,88,87-89 Molto buono,30.0,3. Da 25 a 39,Non indicato,"A unique fruit aroma is highlighted with notes of almond, yellow rose and cracked white pepper. The mouthfeel is creamy and soft thanks to the frothy mousse.",2.93
1436,Marcato 2012 Il Pigno  (Soave Classico),Marcato,Veneto,Soave Classico,Garganega,2012,86,80-86 Buono,24.0,2. Da 15 a 24,Kerin O'Keefe,"This wine opens with vanilla, smoke, lemon peel and pear. The linear palate offers tart yellow apples, yellow grapefruit, graphite and a hint of vanilla alongside bright acidity.",3.58
1437,Marchesi Fumanelli 2004  Valpolicella Classico Superiore,Marchesi Fumanelli,Veneto,Valpolicella Classico Superiore,"Corvina, Rondinella, Molinara",2004,86,80-86 Buono,32.0,3. Da 25 a 39,Non indicato,"From the 2004 vintage, this is a thin and slightly sour Valpolicella that would pair with cheesy pizza or ravioli filled with ricotta. The natural freshness and brightness of the fruit will cut through fatty dishes.",2.69
1438,Marchesi Fumanelli 2005 Terso White (Veneto),Marchesi Fumanelli,Veneto,Veneto,White Blend,2005,89,87-89 Molto buono,36.0,3. Da 25 a 39,Non indicato,"This sophisticated white wine from the homeland of Italy's most robust reds (Ripasso and Amarone) shows a full, generous appearance with a golden-amber color. Stone fruit, toasted almond and candied lemon give it heft and consistency.",2.47
1439,Masi 2001 Serego Alighieri Vaio Armaron  (Amarone della Valpolicella Classico),Masi,Veneto,Amarone della Valpolicella Classico,"Corvina, Rondinella, Molinara",2001,93,90-94 Ottimo,71.0,4. Da 40 a 74,Non indicato,"Vaio Armaron is an elegant and sophisticated wine that exhibits deep complexity and aromatic intensity. Thanks to its pretty layers of red cherry, spice and cola this wine exemplifies the best of classic Amarone tradition. It makes a fabulous winter wine to be",1.31
1440,Masi 2002 Classico  (Soave),Masi,Veneto,Soave,White Blend,2002,86,80-86 Buono,15.0,2. Da 15 a 24,Roger Voss,"An easy, full-flavored wine, with crisp, clean fruit, flavors of almonds and a touch of soft,ripeness.",5.73
1441,Masi 2009 Serego Alighieri 650 Anniversario  (Valpolicella Classico Superiore),Masi,Veneto,Valpolicella Classico Superiore,"Corvina, Rondinella, Molinara",2009,88,87-89 Molto buono,25.0,3. Da 25 a 39,Non indicato,"With roots spanning back to the legacy of Dante Alighieri, this special estate in Valpolicella has teamed up with Masi to make some of northern Italy's best wines. This offers dark concentration, with rich berry and spice aromas.",3.52
1442,Masi 2009 Campolongo di Torbe  (Amarone della Valpolicella Classico),Masi,Veneto,Amarone della Valpolicella Classico,Red Blend,2009,94,90-94 Ottimo,154.0,5. 75 e oltre,Kerin O'Keefe,"Baked plum, baking spice, blue flower and pipe tobacco meld together with earthy aromas of new leather and a whiff of underbrush on this impressive wine. The firmly structured palate offers dried black cherry, blackberry jam, dark chocolate and star anise. Fir",0.61
1443,Masi 2011 Costasera Riserva  (Amarone della Valpolicella Classico),Masi,Veneto,Amarone della Valpolicella Classico,Red Blend,2011,93,90-94 Ottimo,77.0,5. 75 e oltre,Kerin O'Keefe,"Wild berry, leather, tobacco, tilled earth, aromatic herb and floral aromas meld together on this impressive red. The full-bodied structured palate delivers black cherry marinated in spirits, dried plum, chocolate and licorice alongside a backbone of firm velv",1.21
1444,Masottina 2001 Vigneto Ai Palazzi Pinot Grigio (Piave),Masottina,Veneto,Piave,Pinot Grigio,2001,87,87-89 Molto buono,15.0,2. Da 15 a 24,Joe Czerwinski,"This luscious, balanced Pinot Grigio isn't overly complex, but scores for its cactus pear and toasted almond aromas and flavors and its peppery, refreshing finish. It's medium-bodied, with just a hint of unreleased CO2 to enliven it.",5.8
1445,Monte dall'Ora 2007  Amarone della Valpolicella Classico,Monte dall'Ora,Veneto,Amarone della Valpolicella Classico,"Corvina, Rondinella, Molinara",2007,91,90-94 Ottimo,77.0,5. 75 e oltre,Non indicato,"This plump, ruby-colored Amarone shows extreme clarity and sharpness thanks to its etched aromas of soya sauce, root beer, toasted cashew and blackberry jam. The best part is that it's a totally drinkable wine without the cloying chewiness you sometimes get wi",1.18
1446,Montecariano 2009  Valpolicella Classico Superiore Ripasso,Montecariano,Veneto,Valpolicella Classico Superiore Ripasso,Red Blend,2009,88,87-89 Molto buono,27.0,3. Da 25 a 39,Kerin O'Keefe,"This offers aromas of mature black fruit and raisin. The palate delivers a vibrant black-cherry core, layered with accents of black pepper and Asian spice. It also has fresh acidity for the vintage, and will pair well with buttery dishes or cured meats.",3.26
1447,Montecariano 2011  Amarone della Valpolicella Classico,Montecariano,Veneto,Amarone della Valpolicella Classico,Red Blend,2011,94,90-94 Ottimo,88.0,5. 75 e oltre,Kerin O'Keefe,"Underbrush, dark berry, scorched earth and spice aromas emerge on this full-bodied red. The structured, refined palate delivers layers of ripe black cherry, blackberry jam, ripe raspberry, licorice and tobacco alongside firm, rounded tannins that give it a vel",1.07
1448,Montesel 2014 Vigna del Paradiso Extra Dry  (Valdobbiadene Prosecco Superiore),Montesel,Veneto,Valdobbiadene Prosecco Superiore,Glera,2014,90,90-94 Ottimo,20.0,2. Da 15 a 24,Kerin O'Keefe,"Aromas of pressed yellow flowers, Bartlett pear and a hint of citrus lead the nose. The bright, savory palate doles out creamy white peach, green apple, pear and a mineral note alongside vibrant acidity and a frothy mousse.",4.5
1449,Montresor 2010 Pinot Grigio (Valdadige),Montresor,Veneto,Valdadige,Pinot Grigio,2010,85,80-86 Buono,14.0,1. Sotto 15,Non indicato,"Simple, clean and fresh, this no-fuss Pinot Grigio would pair nicely against Chinese take-out or an outdoor salad lunch. It shows clean aromas of citrus and white peach.",6.07
1450,Musella 2008  Amarone della Valpolicella,Musella,Veneto,Amarone della Valpolicella,"Corvina, Rondinella, Molinara",2008,89,87-89 Molto buono,47.0,4. Da 40 a 74,Non indicato,"The bouquet offers a wide array of aromatic details that still need time to integrate. Notes of spice, black fruit, cola, ginger, licorice and sweet chewing tobacco are all recognizable. A pungent note of dried apple skin makes for a lively finish.",1.89
1451,Musella 2010 Riserva  (Amarone della Valpolicella),Musella,Veneto,Amarone della Valpolicella,Red Blend,2010,93,90-94 Ottimo,67.0,4. Da 40 a 74,Kerin O'Keefe,"Crushed iris, baked plum, cedar, tobacco and new leather aromas seamlessly come together on this bold full-bodied red. Smooth and ripe, the full-bodied palate doles out mature black cherry, raspberry jam, licorice and mocha framed in well-knit, velvety tannins",1.39
1452,Nicolis 2009 Seccal  (Valpolicella Classico Superiore Ripasso),Nicolis,Veneto,Valpolicella Classico Superiore Ripasso,"Corvina, Rondinella, Molinara",2009,89,87-89 Molto buono,25.0,3. Da 25 a 39,Non indicato,"Seccal is a wine you can count on for richness, intensity and overall appeal. It is soft and smooth, enhanced by lively aromas of red fruit, prune, brown sugar and barbecue spice.",3.56
1453,Nino Franco 2007 Rive di San Floriano Brut  (Prosecco di Valdobbiadene),Nino Franco,Veneto,Prosecco di Valdobbiadene,Prosecco,2007,90,90-94 Ottimo,30.0,3. Da 25 a 39,Non indicato,"Extremely delicate and soft in terms of its aromatic intensity, this Prosecco Brut offers a graceful and precise embroidery of foamy, light peach fruit and spring flowers. Yet the sparkler is quite effective in the mouth thanks to its refreshing acidity and pe",3.0
1454,Nino Franco 2014 Primo Franco Dry  (Valdobbiadene Prosecco Superiore),Nino Franco,Veneto,Valdobbiadene Prosecco Superiore,Glera,2014,92,90-94 Ottimo,29.0,3. Da 25 a 39,Kerin O'Keefe,"Creamy and fresh, this off-dry sparkler offers heady aromas of exotic fruit, candied orange peel and ripe peach. The foaming palate doles out ripe apple, Bartlett pear and crystallized ginger alongside crisp acidity that gives it an almost linear quality.",3.17
1455,Nino Franco 2015 Vigneto della Riva di San Floriano Brut  (Valdobbiadene Prosecco Superiore),Nino Franco,Veneto,Valdobbiadene Prosecco Superiore,Glera,2015,92,90-94 Ottimo,29.0,3. Da 25 a 39,Kerin O'Keefe,"Enticing scents of ripe orchard fruit, aromatic herb and fragrant white spring flower take center stage on this elegant sparkler. The generous palate doles out juicy white peach, ripe Granny Smith apple and tangerine zest. Fresh acidity brightens the creamy fl",3.17
1456,Nino Franco 2016 Vigneto della Riva di San Floriano Brut  (Valdobbiadene Prosecco Superiore),Nino Franco,Veneto,Valdobbiadene Prosecco Superiore,Glera,2016,93,90-94 Ottimo,29.0,3. Da 25 a 39,Kerin O'Keefe,"Citrus, apple, crushed herb and wild flower aromas take center stage on this elegant sparkler. It's bright and silky, with savory Bartlett pear, nectarine zest and hints of thyme balanced by a creamy mousse and vibrant acidity. Thanks to its depth of flavors, ",3.21
1457,Novaia 2009 I Cantoni  (Valpolicella Classico Superiore),Novaia,Veneto,Valpolicella Classico Superiore,"Corvina, Rondinella, Molinara",2009,88,87-89 Molto buono,25.0,3. Da 25 a 39,Non indicato,"This is made from partially dried fruit (the grapes undergo the appassimento process for 30 days) for extra intensity and extraction. In fact, the bouquet is dark and brooding, with black cherry, licorice, spice and clove-like aromas.",3.52
1458,Novaia 2010  Valpolicella Classico,Novaia,Veneto,Valpolicella Classico,"Corvina, Rondinella, Molinara",2010,83,80-86 Buono,15.0,2. Da 15 a 24,Non indicato,"This easy-drinking blended red wine opens with offbeat aromas of banana, mixed fruit salad and sour cherry. With more time in the glass, those bright fruit aromas are slowly replaced by spice and almond flavors.",5.53
1459,Pasqua 2006 Le Soraie Red (Rosso del Veronese),Pasqua,Veneto,Rosso del Veronese,Red Blend,2006,88,87-89 Molto buono,20.0,2. Da 15 a 24,Non indicato,"Made with air dried grapes, this fruity blend of Merlot, Cabernet Sauvignon and Corvina (a native grape of Veneto, northern Italy) opens with raw notes of cherry, blackberry and exotic spice. It's smooth and rich with a powerful blast of cherry on the close.",4.4
1460,Piccoli 2010 Caparbio  (Valpolicella Classico Superiore Ripasso),Piccoli,Veneto,Valpolicella Classico Superiore Ripasso,Red Blend,2010,87,87-89 Molto buono,17.0,2. Da 15 a 24,Kerin O'Keefe,"This vibrant wine offers floral and fruity aromas of iris and just-crushed black grapes laced with spice. The palate is both structured and fresh, with black cherry, white pepper and cinnamon flavors.",5.12
1461,Ronca 2008 Càmi Garganega (Veronese),Ronca,Veneto,Veronese,Garganega,2008,84,80-86 Buono,20.0,2. Da 15 a 24,Non indicato,"A touch of effervescence is evident in the appearance here, but otherwise this screwcap Garganega-based white wine delivers loads of citrus, peach and sage. An initial hint of sulphur blows off after a few minutes in the glass.",4.2
1462,Rubinelli Vajol 2010  Valpolicella Classico Superiore Ripasso,Rubinelli Vajol,Veneto,Valpolicella Classico Superiore Ripasso,Red Blend,2010,87,87-89 Molto buono,40.0,4. Da 40 a 74,Kerin O'Keefe,"Here's a structured ripasso that seems more like an Amarone. It has earthy underbrush aromas, with notes of tobacco leaf and spirit-soaked cherry. The palate shows ripe black fruit, chili pepper and red-hot cinnamon. It also closes with the heat of alcohol.",2.17
1463,Ruggeri & C. 2007 Giustino B. Extra Dry  (Prosecco di Valdobbiadene),Ruggeri & C.,Veneto,Prosecco di Valdobbiadene,Prosecco,2007,91,90-94 Ottimo,36.0,3. Da 25 a 39,Non indicato,"Giustino B is a top-notch Prosecco with deep complexity that is rare to find in this category of sparkling wine. The wine is floral and delicate with pretty notes of jasmine, honeysuckle, acacia flower and a touch of wild sage. It's feminine and delicate on th",2.53
1464,Ruggeri & C. 2016 Vecchie Viti Brut  (Valdobbiadene Prosecco Superiore),Ruggeri & C.,Veneto,Valdobbiadene Prosecco Superiore,Glera,2016,90,90-94 Ottimo,50.0,4. Da 40 a 74,Kerin O'Keefe,"Aromas of white spring flower, mint and orchard fruit lead the way. Bright and silky, the refined palate delivers yellow apple, peach and Bartlett pear set against crisp acidity and a refined perlage.",1.8
1465,San Rustico 2009 Gaso  (Amarone della Valpolicella Classico),San Rustico,Veneto,Amarone della Valpolicella Classico,Red Blend,2009,94,90-94 Ottimo,60.0,4. Da 40 a 74,Kerin O'Keefe,"Baked plum, fragrant blue flower, sweet baking spice, eucalyptus and a balsamic note are just some of the aromas you'll find on this bold, delicious wine. The round, smooth palate delivers layers of ripe wild cherry, raspberry compote, mocha, vanilla, star ani",1.57
1466,San Rustico 2010 Gaso  (Valpolicella Classico Superiore Ripasso),San Rustico,Veneto,Valpolicella Classico Superiore Ripasso,Red Blend,2010,88,87-89 Molto buono,26.0,3. Da 25 a 39,Kerin O'Keefe,"This wine offers blackberry, raisin and spice aromas upfront, with a whiff of vanilla. The palate shows a dense black-cherry flavor, with accents of white pepper and Asian spice, all wrapped up in a velvety mouthfeel. Bright acidity gives this energy and keeps",3.38
1467,Sansonina 2006 Merlot (Rosso del Veronese),Sansonina,Veneto,Rosso del Veronese,Merlot,2006,91,90-94 Ottimo,40.0,4. Da 40 a 74,Non indicato,"Sansonina is a beautiful wine with a distinct personality and elegant tones of cherry, blackberry, spice and leather integrated over a rich, plush mouthfeel. It also shows a clean, linear approach with a tight but long-lasting finish.",2.28
1468,Santa Sofia 2011 Antichello  (Valpolicella Superiore Ripasso),Santa Sofia,Veneto,Valpolicella Superiore Ripasso,Red Blend,2011,89,87-89 Molto buono,26.0,3. Da 25 a 39,Kerin O'Keefe,"Antichello opens with earthy aromas of underbrush, berry and tobacco with a hint of meat juices. The palate yields delicious black cherry along with notes of mint and nutmeg. It's structured but also fresh and very easy to drink.",3.42
1469,Sartori 2005 Vigneti di Montegradella  (Valpolicella Classico Superiore),Sartori,Veneto,Valpolicella Classico Superiore,Red Blend,2005,87,87-89 Molto buono,14.0,1. Sotto 15,Non indicato,"This ruby-colored Valpolicella opens with bursting tones of red cherry and blackberry with nice spice and toasted almond accents. The mouthfeel is not too rich or bold, but the wine does deliver pretty flavors of jammy fruit and pressed violet.",6.21
1470,Silvano Follador 2014 Brut Nature  (Valdobbiadene Prosecco Superiore),Silvano Follador,Veneto,Valdobbiadene Prosecco Superiore,Glera,2014,89,87-89 Molto buono,25.0,3. Da 25 a 39,Kerin O'Keefe,"Enticing aromas of chopped herbs, white stone fruit and fragrant wild flowers lead the nose on this vibrant wine. The racy palate offers green pear, Granny Smith apple and lime alongside brisk acidity and invigorating bubbles.",3.56
1471,Speri 2015 La Roverina  (Valpolicella Classico Superiore),Speri,Veneto,Valpolicella Classico Superiore,Red Blend,2015,90,90-94 Ottimo,17.0,2. Da 15 a 24,Kerin O'Keefe,"Made with organically grown grapes, this single-vineyard bottling opens with enticing scents suggesting pressed violet, woodland berry, a potpourri of culinary spices and a balsamic note. Round and juicy, the smooth palate offers fleshy morello cherry, cinnamo",5.29
1472,Stefano Accordini 2007 Passo Red (Rosso del Veronese),Stefano Accordini,Veneto,Rosso del Veronese,Red Blend,2007,88,87-89 Molto buono,35.0,3. Da 25 a 39,Non indicato,"Almost too much of a good thing, Passo is a thick, jammy and modern blend of traditional Italian grapes and international varieties such as Cabernet Sauvignon and Merlot. This is a bold, big wine with a thick, chewy mouthfeel that should be paired with aged ch",2.51
1473,Suavia 2007 Le Rive  (Soave Classico),Suavia,Veneto,Soave Classico,Garganega,2007,89,87-89 Molto buono,44.0,4. Da 40 a 74,Non indicato,"Run by an exciting all-female team, Soave Classico Le Rive opens with a rich, opulent style that has obviously benefitted from careful oak aging. There are deep layers here of candied fruit, honeysuckle and dried sage.",2.02
1474,Suavia 2013  Soave Classico,Suavia,Veneto,Soave Classico,Garganega,2013,88,87-89 Molto buono,15.0,2. Da 15 a 24,Kerin O'Keefe,"Delicate aromas suggest white spring flower and pear. On the linear palate, vibrant acidity balances tart apple and lemon-zest flavors. A light mineral note energizes the finish.",5.87
1475,Suavia 2014 Massifitti Trebbiano (Veronese),Suavia,Veneto,Veronese,Trebbiano,2014,86,80-86 Buono,30.0,3. Da 25 a 39,Kerin O'Keefe,"Made from 100% Trebbiano di Soave, this has a shy nose that eventually reveals white spring flower and white stone fruit whiffs. The palate is lean and dilute, offering hints of peach, bitter almond and citrus peel, alongside racy acidity.",2.87
1476,Tedeschi 2004 Capitel Fontana  (Recioto della Valpolicella Classico),Tedeschi,Veneto,Recioto della Valpolicella Classico,Red Blend,2004,90,90-94 Ottimo,60.0,4. Da 40 a 74,Non indicato,"Vibrant and full of good cheer, this ruby-colored Recioto boasts cherry, red apple, Turkish spice, leather and dark chocolate. In fact, it would make a perfect companion to chocolate-based dishes. The mouthfeel is chewy and rich with lively cherry intensity an",1.5
1477,Tedeschi 2005 Capitel San Rocco Red (Rosso del Veronese),Tedeschi,Veneto,Rosso del Veronese,Red Blend,2005,88,87-89 Molto buono,23.0,2. Da 15 a 24,Non indicato,"Tedeschi's Ripasso offers unique aromas that recall forest berry, bramble, green spice and crushed bay leaf. It's a succulent and slightly sweet tasting wine with bursting fruit flavors and thick, chewy density.",3.83
1478,Tedeschi 2007 Capitel Monte Olmi  (Amarone della Valpolicella Classico),Tedeschi,Veneto,Amarone della Valpolicella Classico,"Corvina, Rondinella, Molinara",2007,92,90-94 Ottimo,95.0,5. 75 e oltre,Non indicato,"This is easy to recognize thanks to its distinctive intensity and opulence. This 2007 may be the best bottling yet. It oozes with sweet flavors of cardamom, cinnamon, crushed clove, nutmeg and all kinds of ripe berry fruit. There's a firm tannic bite on the fi",0.97
1479,Tedeschi 2012  Amarone della Valpolicella,Tedeschi,Veneto,Amarone della Valpolicella,Red Blend,2012,89,87-89 Molto buono,65.0,4. Da 40 a 74,Kerin O'Keefe,"Aromas of underbrush, scorched earth, toasted hazelnut, dark spice, menthol and new leather emerge in the glass. The firm palate delivers dried black cherry, raisin, coffee and chewing tobacco while fine-grained tannins provide the framework. It finishes on a ",1.37
1480,Tenuta Sant'Antonio 2010 Nanfrè  (Valpolicella),Tenuta Sant'Antonio,Veneto,Valpolicella,"Corvina, Rondinella, Molinara",2010,86,80-86 Buono,14.0,1. Sotto 15,Non indicato,"Valpolicella Nanfrè presents an easy but balanced bouquet with defined elements of mature berry fruit, prune, Indian spice and crushed black pepper. You'll love those savory, spicy nuances on the close.",6.14
1481,Tenuta Sant'Antonio 2013 Selezione Antonio Castagnedi  (Amarone della Valpolicella),Tenuta Sant'Antonio,Veneto,Amarone della Valpolicella,Red Blend,2013,89,87-89 Molto buono,45.0,4. Da 40 a 74,Kerin O'Keefe,"Here's a structured red that opens with aromas of spiced plum, French oak, menthol and a floral note. The full-bodied straightforward palate offers raisin, espresso, licorice and a tobacco note alongside firm, fine-grained tannins and surprisingly fresh acidit",1.98
1482,Tenuta Santa Maria 2004 Torre Pieve Chardonnay (Veneto),Tenuta Santa Maria,Veneto,Veneto,Chardonnay,2004,90,90-94 Ottimo,37.0,3. Da 25 a 39,Non indicato,Winemaker Gaetano Bertani has shaped a sophisticated expression of Chardonnay with thick notes of honey and toast achieved with eight months of oak aging. The wine is soft and creamy but has the right level of acidity to keep it pleasantly refreshing and endur,2.43
1483,Terre di San Venanzio Fortunato 2014 Demi Long  (Valdobbiadene Prosecco Superiore),Terre di San Venanzio Fortunato,Veneto,Valdobbiadene Prosecco Superiore,Glera,2014,92,90-94 Ottimo,22.0,2. Da 15 a 24,Kerin O'Keefe,"Heady scents of jasmine, wisteria, chopped herbs and fresh orchard fruit lead the way on this delicious sparkler. The creamy palate doles out Bartlett pear, yellow apple and a hint of white peach alongside bright acidity and a soft perlage. One bottle might no",4.18
1484,Tessari 2012 Tre Colli  (Recioto di Soave),Tessari,Veneto,Recioto di Soave,Garganega,2012,88,87-89 Molto buono,38.0,3. Da 25 a 39,Kerin O'Keefe,"Delicate aromas of white flowers, dried fruit and a whiff of cake spice come together on this medium-bodied dessert wine. Made with 100% Garganega, the round palate offers mature apricot, cinnamon and touch of pine nut.",2.32
1485,Tezza 2007 Corte Majoli  (Valpolicella Superiore Ripasso),Tezza,Veneto,Valpolicella Superiore Ripasso,"Corvina, Rondinella, Molinara",2007,87,87-89 Molto buono,16.0,2. Da 15 a 24,Non indicato,"This vintage of Tezza's Corte Majoli Ripasso offers much more intensity on the nose that comes forward as smoky-spice, leather, tobacco and mature berry. The wine is aged in oak and this process had imparted background tones of vanilla and toasted nut.",5.44
1486,Torresella 2001 Pinot Grigio (Veneto),Torresella,Veneto,Veneto,Pinot Grigio,2001,83,80-86 Buono,10.0,1. Sotto 15,Joe Czerwinski,"The color is very light, and so are the flavors. Although it lacks intensity, this faintly lemony wine is crisp, clean and moderately refreshing.",8.3
1487,Trabucchi d'Illasi 2004 Riserva Cent'Anni  (Amarone della Valpolicella),Trabucchi d'Illasi,Veneto,Amarone della Valpolicella,"Corvina, Rondinella, Molinara",2004,92,90-94 Ottimo,120.0,5. 75 e oltre,Non indicato,"Showing extreme elegance and finesse, this has notes of wild strawberry, cassis, Indian spice, cedar, molasses, licorice and even a touch of crushed granite. The mouthfeel is plush, rich and polished.",0.77
1488,Val d'Oca 2012 Millesimato Black Bottle Extra Dry  (Conegliano Valdobbiadene Prosecco Superiore),Val d'Oca,Veneto,Conegliano Valdobbiadene Prosecco Superiore,Glera,2012,86,80-86 Buono,20.0,2. Da 15 a 24,Non indicato,"Bright, sharp and easy citrus aromas open the bouquet of this Extra Dry expression. The wine seems to hold back in terms of intensity, but it certainly delivers freshness followed by smooth, creamy mousse.",4.3
1489,Valentina Cubi 2015 Iperico  (Valpolicella),Valentina Cubi,Veneto,Valpolicella,Red Blend,2015,88,87-89 Molto buono,30.0,3. Da 25 a 39,Kerin O'Keefe,"This is everything a Valpolicella should be: fresh, savory and incredibly easy to drink. Made with organically grown Corvina and Rondinella, it offers aromas and flavors of cherry, crushed raspberry and a sprinkling of baking spice alongside pliant tannins. Dr",2.93
1490,Venturini Massimino 2008 Campomasua  (Amarone della Valpolicella),Venturini Massimino,Veneto,Amarone della Valpolicella,Red Blend,2008,88,87-89 Molto buono,55.0,4. Da 40 a 74,Kerin O'Keefe,"This opens with aromas of nearly overripe black fruit and hints of nail varnish. The palate delivers blackberry, chocolate, oak and vanilla flavors, along with spirit-soaked cherries. The alcohol is very evident, and although the fruit is delicious, it's one d",1.6
1491,Venturini Massimino 2011  Amarone della Valpolicella Classico,Venturini Massimino,Veneto,Amarone della Valpolicella Classico,Red Blend,2011,92,90-94 Ottimo,59.0,4. Da 40 a 74,Kerin O'Keefe,"Forest floor, resin, spiced plum and incense aromas lead the nose on this robust red. The chewy brawny palate delivers black cherry marinated in spirits, licorice, nutmeg and pipe tobacco while firm, velvety tannins provide the framework. Drink 2017 through 20",1.56
1492,Vigneti Villabella 2006 Fracastoro Riserva  (Amarone della Valpolicella Classico),Vigneti Villabella,Veneto,Amarone della Valpolicella Classico,Red Blend,2006,93,90-94 Ottimo,94.0,5. 75 e oltre,Kerin O'Keefe,"Aromas of underbrush, stewed prune and baking spice waft out of the glass. The smooth, enveloping palate doles out dried black cherry, raspberry jam, pipe tobacco and cinnamon framed in velvety tannins that lend polished support. A cocoa note closes the finish",0.99
1493,Villa Canestrari 2007 1888 Riserva  (Amarone della Valpolicella),Villa Canestrari,Veneto,Amarone della Valpolicella,Red Blend,2007,89,87-89 Molto buono,115.0,5. 75 e oltre,Kerin O'Keefe,"Aromas suggest leafy underbrush, tobacco, steeped plum and dried majoram. The palate delivers dried cherry, prune, ground pepper and licorice alongside tightly-knit tannins. The heat of alcohol shows on the finish.",0.77
1494,Villa Cordevigo 2016 Heaven Scent  (Bardolino Chiaretto),Villa Cordevigo,Veneto,Bardolino Chiaretto,Rosato,2016,85,80-86 Buono,20.0,2. Da 15 a 24,Kerin O'Keefe,"Subtly scented, this opens with aromas of citrus zest, spring flower and wild berry. It's fresh and informal, with light strawberry and sour-cherry flavors supported by fresh acidity.",4.25
1495,Villa Erbice 2010 Tremenel  (Amarone della Valpolicella),Villa Erbice,Veneto,Amarone della Valpolicella,Red Blend,2010,91,90-94 Ottimo,65.0,4. Da 40 a 74,Kerin O'Keefe,"This concentrated wine opens with aromas of blueberry, leather and a whiff of cocoa. The rich robust palate delivers cassis, blackberry, chocolate and white pepper alongside firm, chewy tannins. Drink through 2023.",1.4
1496,Villa Spinosa 2004 Guglielmi di Jago  (Amarone della Valpolicella),Villa Spinosa,Veneto,Amarone della Valpolicella,Red Blend,2004,92,90-94 Ottimo,110.0,5. 75 e oltre,Kerin O'Keefe,"Aromas of new leather, truffle, spiced plum and a whiff of raisin come together on this mature red. The hearty palate is also refined, offering prune, dried black cherry, chewing tobacco, coffee and licorice alongside smooth, velvety tannins. Drink through 202",0.84
1497,Zanoni 2010  Valpolicella,Zanoni,Veneto,Valpolicella,"Corvina, Rondinella, Molinara",2010,84,80-86 Buono,14.0,1. Sotto 15,Non indicato,"White cherry, raspberry, almond skin and cola describe the simple bouquet of this easy-going red. On the palate, it's crisp and lean.",6.0
1498,Zeni 2010 Barriques  (Amarone della Valpolicella),Zeni,Veneto,Amarone della Valpolicella,Red Blend,2010,86,80-86 Buono,45.0,4. Da 40 a 74,Kerin O'Keefe,"This big bracing red opens with aromas of French oak, coconut and vanilla. Oak sensations dominate the dense assertive palate while astringent tannins leave a raspy finish.",1.91
1499,Zeni 2011  Amarone della Valpolicella,Zeni,Veneto,Amarone della Valpolicella,Red Blend,2011,88,87-89 Molto buono,50.0,4. Da 40 a 74,Kerin O'Keefe,"Aromas recall black plum, raisin, dark spice and floral notes. The palate offers blackberry, bitter prune and black pepper accents alongside tightly-wound tannins that leave a drying finish.",1.76
1500,Zymè 2001 La Mattonara Riserva  (Amarone della Valpolicella Classico),Zymè,Veneto,Amarone della Valpolicella Classico,"Corvina, Rondinella, Molinara",2001,94,90-94 Ottimo,350.0,5. 75 e oltre,Non indicato,"This has all of the makings of a cult classic to come. It has pedigree-one of the founding winery partners is linked to the Quintarelli legacy-quality, elegance and a long aging future ahead. Dark, dense and thickly extracted, this is redolent of sweet tobacco",0.27
